RUN_PROVENANCE file=/home/dzdysl/CoreCrisis/test_open5gs/logs/run-provenance.json git.commit=11453a35e1c1dba5b49ae2d487f9e48ff0b493a8 git.branch=refactor/multiseq-mdf artifact.sha256=4ac7eda3981970478a3214f1a6d45d3dc99f140f7cd2bd4f7257acce9fb86116
Loaded Learning Config correctly
open5gs
Sequence testing mode enabled.
Sequence file: /home/dzdysl/CoreCrisis/test_open5gs/hypothesis_14_base_cycle_cover_repeat10.seq
Loaded sequences: 37
Configured suffix: 
Suffix null check enabled: false
Sequence input adapter: mdf
=== Sequence 1 start ===
Nodes: 
Inputs: registrationRequest authenticationResponse registrationRequest authenticationResponse registrationRequest authenticationResponse registrationRequest authenticationResponse registrationRequest authenticationResponse registrationRequest authenticationResponse registrationRequest authenticationResponse registrationRequest authenticationResponse registrationRequest authenticationResponse registrationRequest authenticationResponse registrationRequest
Wire inputs: registrationRequest authenticationResponse registrationRequest authenticationResponse registrationRequest authenticationResponse registrationRequest authenticationResponse registrationRequest authenticationResponse registrationRequest authenticationResponse registrationRequest authenticationResponse registrationRequest authenticationResponse registrationRequest authenticationResponse registrationRequest authenticationResponse registrationRequest
Selected UERANSIM profile: open5gs (UERANSIM-gnb-999-70-1)
Starting Core & gNodeB & UE
[sudo] password for dzdysl: nr-gnb is not running.
nr-ue is not running.
No Open5GS test-core process is running from: /home/dzdysl/CoreCrisis/test_open5gs/open5gs
Open5GS stopped and session log writes were flushed.
RUNTIME_CONTRACT WARNING: Runtime file hash mismatch: scripts/start_core.sh expected=840ef0af6893870090daf095a53f3435122accb71b4f23b3e1575d92e6284658 actual=031fbab111baca97e1d910d8038ff4b07084fba888eafcce0d3173acc84f2d9c
Could not persist runtime warning: /home/dzdysl/CoreCrisis/test_open5gs/runs/20260804T034905Z-2b7f2823/raw/open5gs/core-session-001/launcher.log
[core][INFO] Launching Open5GS from: /home/dzdysl/CoreCrisis/test_open5gs/open5gs
[core][INFO] Configuration: /home/dzdysl/CoreCrisis/test_open5gs/core.properties
[core][INFO] Core log: /home/dzdysl/CoreCrisis/test_open5gs/runs/20260804T034905Z-2b7f2823/raw/open5gs/core-session-001/core.log
Finished starting up Core & gNodeB
Connecting to ue..
Received = DONE
Connected with UE.
Sent Hello.
Received = Hi
Connected to ue.
Done with initializing the connection with UE, gNodeB, and Core.
Log executor: sending registrationRequest.
Reading from ue
Log executor: received(raw) authenticationRequest from rrc.
####registrationRequest/authenticationRequest####
Sequence 1 step 1: registrationRequest / authenticationRequest
Log executor: sending authenticationResponse.
Reading from ue
Log executor: received(raw) securityModeCommand from rrc.
####authenticationResponse/securityModeCommand####
Sequence 1 step 2: authenticationResponse / securityModeCommand
Log executor: sending registrationRequest.
Reading from ue
Log executor: received(raw) authenticationRequest from rrc.
####registrationRequest/authenticationRequest####
Sequence 1 step 3: registrationRequest / authenticationRequest
Log executor: sending authenticationResponse.
Reading from ue
Log executor: received(raw) securityModeCommand from rrc.
####authenticationResponse/securityModeCommand####
Sequence 1 step 4: authenticationResponse / securityModeCommand
Log executor: sending registrationRequest.
Reading from ue
Log executor: received(raw) authenticationRequest from rrc.
####registrationRequest/authenticationRequest####
Sequence 1 step 5: registrationRequest / authenticationRequest
Log executor: sending authenticationResponse.
Reading from ue
Log executor: received(raw) securityModeCommand from rrc.
####authenticationResponse/securityModeCommand####
Sequence 1 step 6: authenticationResponse / securityModeCommand
Log executor: sending registrationRequest.
Reading from ue
Log executor: received(raw) authenticationRequest from rrc.
####registrationRequest/authenticationRequest####
Sequence 1 step 7: registrationRequest / authenticationRequest
Log executor: sending authenticationResponse.
Reading from ue
Log executor: received(raw) securityModeCommand from rrc.
####authenticationResponse/securityModeCommand####
Sequence 1 step 8: authenticationResponse / securityModeCommand
Log executor: sending registrationRequest.
Reading from ue
Log executor: received(raw) authenticationRequest from rrc.
####registrationRequest/authenticationRequest####
Sequence 1 step 9: registrationRequest / authenticationRequest
Log executor: sending authenticationResponse.
Reading from ue
Log executor: received(raw) securityModeCommand from rrc.
####authenticationResponse/securityModeCommand####
Sequence 1 step 10: authenticationResponse / securityModeCommand
Log executor: sending registrationRequest.
Reading from ue
Log executor: received(raw) authenticationRequest from rrc.
####registrationRequest/authenticationRequest####
Sequence 1 step 11: registrationRequest / authenticationRequest
Log executor: sending authenticationResponse.
Reading from ue
Log executor: received(raw) securityModeCommand from rrc.
####authenticationResponse/securityModeCommand####
Sequence 1 step 12: authenticationResponse / securityModeCommand
Log executor: sending registrationRequest.
Reading from ue
Log executor: received(raw) authenticationRequest from rrc.
####registrationRequest/authenticationRequest####
Sequence 1 step 13: registrationRequest / authenticationRequest
Log executor: sending authenticationResponse.
Reading from ue
Log executor: received(raw) securityModeCommand from rrc.
####authenticationResponse/securityModeCommand####
Sequence 1 step 14: authenticationResponse / securityModeCommand
Log executor: sending registrationRequest.
Reading from ue
Log executor: received(raw) authenticationRequest from rrc.
####registrationRequest/authenticationRequest####
Sequence 1 step 15: registrationRequest / authenticationRequest
Log executor: sending authenticationResponse.
Reading from ue
Log executor: received(raw) securityModeCommand from rrc.
####authenticationResponse/securityModeCommand####
Sequence 1 step 16: authenticationResponse / securityModeCommand
Log executor: sending registrationRequest.
Reading from ue
Log executor: received(raw) authenticationRequest from rrc.
####registrationRequest/authenticationRequest####
Sequence 1 step 17: registrationRequest / authenticationRequest
Log executor: sending authenticationResponse.
Reading from ue
Log executor: received(raw) securityModeCommand from rrc.
####authenticationResponse/securityModeCommand####
Sequence 1 step 18: authenticationResponse / securityModeCommand
Log executor: sending registrationRequest.
Reading from ue
Log executor: received(raw) authenticationRequest from rrc.
####registrationRequest/authenticationRequest####
Sequence 1 step 19: registrationRequest / authenticationRequest
Log executor: sending authenticationResponse.
Reading from ue
Log executor: received(raw) securityModeCommand from rrc.
####authenticationResponse/securityModeCommand####
Sequence 1 step 20: authenticationResponse / securityModeCommand
Log executor: sending registrationRequest.
Reading from ue
Log executor: received(raw) authenticationRequest from rrc.
####registrationRequest/authenticationRequest####
Sequence 1 step 21: registrationRequest / authenticationRequest
=== Sequence 1 done ===
Stopping nr-ue: 2571
nr-ue stopped.
Stopping nr-gnb: 2552
nr-gnb stopped.
Stopping Open5GS test-core: 2458
[core][ERROR] Open5GS launcher finished with status 134
Open5GS stopped and session log writes were flushed.
=== Sequence 2 start ===
Nodes: 
Inputs: registrationRequest authenticationResponse registrationRequestGUTI authenticationResponse registrationRequestGUTI authenticationResponse registrationRequestGUTI authenticationResponse registrationRequestGUTI authenticationResponse registrationRequestGUTI authenticationResponse registrationRequestGUTI authenticationResponse registrationRequestGUTI authenticationResponse registrationRequestGUTI authenticationResponse registrationRequestGUTI authenticationResponse registrationRequestGUTI
Wire inputs: registrationRequest authenticationResponse registrationRequestGUTI authenticationResponse registrationRequestGUTI authenticationResponse registrationRequestGUTI authenticationResponse registrationRequestGUTI authenticationResponse registrationRequestGUTI authenticationResponse registrationRequestGUTI authenticationResponse registrationRequestGUTI authenticationResponse registrationRequestGUTI authenticationResponse registrationRequestGUTI authenticationResponse registrationRequestGUTI
Selected UERANSIM profile: open5gs (UERANSIM-gnb-999-70-1)
Starting Core & gNodeB & UE
nr-gnb is not running.
nr-ue is not running.
No Open5GS test-core process is running from: /home/dzdysl/CoreCrisis/test_open5gs/open5gs
Open5GS stopped and session log writes were flushed.
RUNTIME_CONTRACT WARNING: Runtime file hash mismatch: scripts/start_core.sh expected=840ef0af6893870090daf095a53f3435122accb71b4f23b3e1575d92e6284658 actual=031fbab111baca97e1d910d8038ff4b07084fba888eafcce0d3173acc84f2d9c
Could not persist runtime warning: /home/dzdysl/CoreCrisis/test_open5gs/runs/20260804T034905Z-2b7f2823/raw/open5gs/core-session-002
[core][INFO] Launching Open5GS from: /home/dzdysl/CoreCrisis/test_open5gs/open5gs
[core][INFO] Configuration: /home/dzdysl/CoreCrisis/test_open5gs/core.properties
[core][INFO] Core log: /home/dzdysl/CoreCrisis/test_open5gs/runs/20260804T034905Z-2b7f2823/raw/open5gs/core-session-002/core.log
[core][ERROR] Open5GS launcher finished with status 134
Finished starting up Core & gNodeB
Connecting to ue..
Timeout occurred for UE(Done)
Stopping nr-gnb: 2773
nr-gnb stopped.
Stopping nr-ue: 2790
nr-ue stopped.
No Open5GS test-core process is running from: /home/dzdysl/CoreCrisis/test_open5gs/open5gs
Open5GS stopped and session log writes were flushed.
RUNTIME_CONTRACT WARNING: Runtime file hash mismatch: scripts/start_core.sh expected=840ef0af6893870090daf095a53f3435122accb71b4f23b3e1575d92e6284658 actual=031fbab111baca97e1d910d8038ff4b07084fba888eafcce0d3173acc84f2d9c
Could not persist runtime warning: /home/dzdysl/CoreCrisis/test_open5gs/runs/20260804T034905Z-2b7f2823/raw/open5gs/core-session-003
[core][INFO] Launching Open5GS from: /home/dzdysl/CoreCrisis/test_open5gs/open5gs
[core][INFO] Configuration: /home/dzdysl/CoreCrisis/test_open5gs/core.properties
[core][INFO] Core log: /home/dzdysl/CoreCrisis/test_open5gs/runs/20260804T034905Z-2b7f2823/raw/open5gs/core-session-003/core.log
Connecting to ue..
Received = DONE
Connected with UE.
Sent Hello.
Received = Hi
Connected to ue.
Done with initializing the connection with UE, gNodeB, and Core.
Log executor: sending registrationRequest.
Reading from ue
Log executor: received(raw) authenticationRequest from rrc.
####registrationRequest/authenticationRequest####
Sequence 2 step 1: registrationRequest / authenticationRequest
Log executor: sending authenticationResponse.
Reading from ue
Log executor: received(raw) securityModeCommand from rrc.
####authenticationResponse/securityModeCommand####
Sequence 2 step 2: authenticationResponse / securityModeCommand
Log executor: sending registrationRequest.
Reading from ue
Log executor: received(raw) authenticationRequest from rrc.
####registrationRequestGUTI/authenticationRequest####
Sequence 2 step 3: registrationRequestGUTI / authenticationRequest
Log executor: sending authenticationResponse.
Reading from ue
Log executor: received(raw) securityModeCommand from rrc.
####authenticationResponse/securityModeCommand####
Sequence 2 step 4: authenticationResponse / securityModeCommand
Log executor: sending registrationRequest.
Reading from ue
Log executor: received(raw) authenticationRequest from rrc.
####registrationRequestGUTI/authenticationRequest####
Sequence 2 step 5: registrationRequestGUTI / authenticationRequest
Log executor: sending authenticationResponse.
Reading from ue
Log executor: received(raw) securityModeCommand from rrc.
####authenticationResponse/securityModeCommand####
Sequence 2 step 6: authenticationResponse / securityModeCommand
Log executor: sending registrationRequest.
Reading from ue
Log executor: received(raw) authenticationRequest from rrc.
####registrationRequestGUTI/authenticationRequest####
Sequence 2 step 7: registrationRequestGUTI / authenticationRequest
Log executor: sending authenticationResponse.
Reading from ue
Log executor: received(raw) securityModeCommand from rrc.
####authenticationResponse/securityModeCommand####
Sequence 2 step 8: authenticationResponse / securityModeCommand
Log executor: sending registrationRequest.
Reading from ue
Log executor: received(raw) authenticationRequest from rrc.
####registrationRequestGUTI/authenticationRequest####
Sequence 2 step 9: registrationRequestGUTI / authenticationRequest
Log executor: sending authenticationResponse.
Reading from ue
Log executor: received(raw) securityModeCommand from rrc.
####authenticationResponse/securityModeCommand####
Sequence 2 step 10: authenticationResponse / securityModeCommand
Log executor: sending registrationRequest.
Reading from ue
Log executor: received(raw) authenticationRequest from rrc.
####registrationRequestGUTI/authenticationRequest####
Sequence 2 step 11: registrationRequestGUTI / authenticationRequest
Log executor: sending authenticationResponse.
Reading from ue
Log executor: received(raw) securityModeCommand from rrc.
####authenticationResponse/securityModeCommand####
Sequence 2 step 12: authenticationResponse / securityModeCommand
Log executor: sending registrationRequest.
Reading from ue
Log executor: received(raw) authenticationRequest from rrc.
####registrationRequestGUTI/authenticationRequest####
Sequence 2 step 13: registrationRequestGUTI / authenticationRequest
Log executor: sending authenticationResponse.
Reading from ue
Log executor: received(raw) securityModeCommand from rrc.
####authenticationResponse/securityModeCommand####
Sequence 2 step 14: authenticationResponse / securityModeCommand
Log executor: sending registrationRequest.
Reading from ue
Log executor: received(raw) authenticationRequest from rrc.
####registrationRequestGUTI/authenticationRequest####
Sequence 2 step 15: registrationRequestGUTI / authenticationRequest
Log executor: sending authenticationResponse.
Reading from ue
Log executor: received(raw) securityModeCommand from rrc.
####authenticationResponse/securityModeCommand####
Sequence 2 step 16: authenticationResponse / securityModeCommand
Log executor: sending registrationRequest.
Reading from ue
Log executor: received(raw) authenticationRequest from rrc.
####registrationRequestGUTI/authenticationRequest####
Sequence 2 step 17: registrationRequestGUTI / authenticationRequest
Log executor: sending authenticationResponse.
Reading from ue
Log executor: received(raw) securityModeCommand from rrc.
####authenticationResponse/securityModeCommand####
Sequence 2 step 18: authenticationResponse / securityModeCommand
Log executor: sending registrationRequest.
Reading from ue
Log executor: received(raw) authenticationRequest from rrc.
####registrationRequestGUTI/authenticationRequest####
Sequence 2 step 19: registrationRequestGUTI / authenticationRequest
Log executor: sending authenticationResponse.
Reading from ue
Log executor: received(raw) securityModeCommand from rrc.
####authenticationResponse/securityModeCommand####
Sequence 2 step 20: authenticationResponse / securityModeCommand
Log executor: sending registrationRequest.
Reading from ue
Log executor: received(raw) authenticationRequest from rrc.
####registrationRequestGUTI/authenticationRequest####
Sequence 2 step 21: registrationRequestGUTI / authenticationRequest
=== Sequence 2 done ===
Stopping nr-ue: 2970
nr-ue stopped.
Stopping nr-gnb: 2952
nr-gnb stopped.
Stopping Open5GS test-core: 2873
[core][ERROR] Open5GS launcher finished with status 134
Open5GS stopped and session log writes were flushed.
=== Sequence 3 start ===
Nodes: 
Inputs: registrationRequest authenticationResponse securityModeReject registrationRequest authenticationResponse registrationRequest deregistrationRequest registrationRequest deregistrationRequest registrationRequest deregistrationRequest registrationRequest deregistrationRequest registrationRequest deregistrationRequest registrationRequest deregistrationRequest registrationRequest deregistrationRequest registrationRequest deregistrationRequest registrationRequest deregistrationRequest registrationRequest deregistrationRequest registrationRequest
Wire inputs: registrationRequest authenticationResponse securityModeReject registrationRequest authenticationResponse registrationRequest deregistrationRequest registrationRequest deregistrationRequest registrationRequest deregistrationRequest registrationRequest deregistrationRequest registrationRequest deregistrationRequest registrationRequest deregistrationRequest registrationRequest deregistrationRequest registrationRequest deregistrationRequest registrationRequest deregistrationRequest registrationRequest deregistrationRequest registrationRequest
Selected UERANSIM profile: open5gs (UERANSIM-gnb-999-70-1)
Starting Core & gNodeB & UE
nr-gnb is not running.
nr-ue is not running.
No Open5GS test-core process is running from: /home/dzdysl/CoreCrisis/test_open5gs/open5gs
Open5GS stopped and session log writes were flushed.
RUNTIME_CONTRACT WARNING: Runtime file hash mismatch: scripts/start_core.sh expected=840ef0af6893870090daf095a53f3435122accb71b4f23b3e1575d92e6284658 actual=031fbab111baca97e1d910d8038ff4b07084fba888eafcce0d3173acc84f2d9c
Could not persist runtime warning: /home/dzdysl/CoreCrisis/test_open5gs/runs/20260804T034905Z-2b7f2823/raw/open5gs/core-session-004
[core][INFO] Launching Open5GS from: /home/dzdysl/CoreCrisis/test_open5gs/open5gs
[core][INFO] Configuration: /home/dzdysl/CoreCrisis/test_open5gs/core.properties
[core][INFO] Core log: /home/dzdysl/CoreCrisis/test_open5gs/runs/20260804T034905Z-2b7f2823/raw/open5gs/core-session-004/core.log
[core][ERROR] Open5GS launcher finished with status 134
Finished starting up Core & gNodeB
Connecting to ue..
Timeout occurred for UE(Done)
Stopping nr-gnb: 3165
nr-gnb stopped.
Stopping nr-ue: 3182
nr-ue stopped.
No Open5GS test-core process is running from: /home/dzdysl/CoreCrisis/test_open5gs/open5gs
Open5GS stopped and session log writes were flushed.
RUNTIME_CONTRACT WARNING: Runtime file hash mismatch: scripts/start_core.sh expected=840ef0af6893870090daf095a53f3435122accb71b4f23b3e1575d92e6284658 actual=031fbab111baca97e1d910d8038ff4b07084fba888eafcce0d3173acc84f2d9c
Could not persist runtime warning: /home/dzdysl/CoreCrisis/test_open5gs/runs/20260804T034905Z-2b7f2823/raw/open5gs/core-session-005
[core][INFO] Launching Open5GS from: /home/dzdysl/CoreCrisis/test_open5gs/open5gs
[core][INFO] Configuration: /home/dzdysl/CoreCrisis/test_open5gs/core.properties
[core][INFO] Core log: /home/dzdysl/CoreCrisis/test_open5gs/runs/20260804T034905Z-2b7f2823/raw/open5gs/core-session-005/core.log
Connecting to ue..
Received = DONE
Connected with UE.
Sent Hello.
Received = Hi
Connected to ue.
Done with initializing the connection with UE, gNodeB, and Core.
Log executor: sending registrationRequest.
Reading from ue
Log executor: received(raw) authenticationRequest from rrc.
####registrationRequest/authenticationRequest####
Sequence 3 step 1: registrationRequest / authenticationRequest
Log executor: sending authenticationResponse.
Reading from ue
Log executor: received(raw) securityModeCommand from rrc.
####authenticationResponse/securityModeCommand####
Sequence 3 step 2: authenticationResponse / securityModeCommand
Log executor: sending securityModeReject.
Reading from ue
Timeout occured for securityModeReject
Sequence 3 step 3: securityModeReject / null_action
Log executor: sending registrationRequest.
Reading from ue
Log executor: received(raw) authenticationRequest from rrc.
####registrationRequest/authenticationRequest####
Sequence 3 step 4: registrationRequest / authenticationRequest
Log executor: sending authenticationResponse.
Reading from ue
Log executor: received(raw) securityModeCommand from rrc.
####authenticationResponse/securityModeCommand####
Sequence 3 step 5: authenticationResponse / securityModeCommand
Log executor: sending registrationRequest.
Reading from ue
Log executor: received(raw) authenticationRequest from rrc.
####registrationRequest/authenticationRequest####
Sequence 3 step 6: registrationRequest / authenticationRequest
Log executor: sending deregistrationRequest.
Reading from ue
Timeout occured for deregistrationRequest
Sequence 3 step 7: deregistrationRequest / null_action
Log executor: sending registrationRequest.
Reading from ue
Log executor: received(raw) authenticationRequest from rrc.
####registrationRequest/authenticationRequest####
Sequence 3 step 8: registrationRequest / authenticationRequest
Log executor: sending deregistrationRequest.
Reading from ue
Timeout occured for deregistrationRequest
Sequence 3 step 9: deregistrationRequest / null_action
Log executor: sending registrationRequest.
Reading from ue
Log executor: received(raw) authenticationRequest from rrc.
####registrationRequest/authenticationRequest####
Sequence 3 step 10: registrationRequest / authenticationRequest
Log executor: sending deregistrationRequest.
Reading from ue
Timeout occured for deregistrationRequest
Sequence 3 step 11: deregistrationRequest / null_action
Log executor: sending registrationRequest.
Reading from ue
Log executor: received(raw) authenticationRequest from rrc.
####registrationRequest/authenticationRequest####
Sequence 3 step 12: registrationRequest / authenticationRequest
Log executor: sending deregistrationRequest.
Reading from ue
Timeout occured for deregistrationRequest
Sequence 3 step 13: deregistrationRequest / null_action
Log executor: sending registrationRequest.
Reading from ue
Log executor: received(raw) authenticationRequest from rrc.
####registrationRequest/authenticationRequest####
Sequence 3 step 14: registrationRequest / authenticationRequest
Log executor: sending deregistrationRequest.
Reading from ue
Timeout occured for deregistrationRequest
Sequence 3 step 15: deregistrationRequest / null_action
Log executor: sending registrationRequest.
Reading from ue
Log executor: received(raw) authenticationRequest from rrc.
####registrationRequest/authenticationRequest####
Sequence 3 step 16: registrationRequest / authenticationRequest
Log executor: sending deregistrationRequest.
Reading from ue
Timeout occured for deregistrationRequest
Sequence 3 step 17: deregistrationRequest / null_action
Log executor: sending registrationRequest.
Reading from ue
Log executor: received(raw) authenticationRequest from rrc.
####registrationRequest/authenticationRequest####
Sequence 3 step 18: registrationRequest / authenticationRequest
Log executor: sending deregistrationRequest.
Reading from ue
Timeout occured for deregistrationRequest
Sequence 3 step 19: deregistrationRequest / null_action
Log executor: sending registrationRequest.
Reading from ue
Log executor: received(raw) authenticationRequest from rrc.
####registrationRequest/authenticationRequest####
Sequence 3 step 20: registrationRequest / authenticationRequest
Log executor: sending deregistrationRequest.
Reading from ue
Timeout occured for deregistrationRequest
Sequence 3 step 21: deregistrationRequest / null_action
Log executor: sending registrationRequest.
Reading from ue
Log executor: received(raw) authenticationRequest from rrc.
####registrationRequest/authenticationRequest####
Sequence 3 step 22: registrationRequest / authenticationRequest
Log executor: sending deregistrationRequest.
Reading from ue
Timeout occured for deregistrationRequest
Sequence 3 step 23: deregistrationRequest / null_action
Log executor: sending registrationRequest.
Reading from ue
Log executor: received(raw) authenticationRequest from rrc.
####registrationRequest/authenticationRequest####
Sequence 3 step 24: registrationRequest / authenticationRequest
Log executor: sending deregistrationRequest.
Reading from ue
Timeout occured for deregistrationRequest
Sequence 3 step 25: deregistrationRequest / null_action
Log executor: sending registrationRequest.
Reading from ue
Log executor: received(raw) authenticationRequest from rrc.
####registrationRequest/authenticationRequest####
Sequence 3 step 26: registrationRequest / authenticationRequest
=== Sequence 3 done ===
Stopping nr-ue: 3361
nr-ue stopped.
Stopping nr-gnb: 3343
nr-gnb stopped.
Stopping Open5GS test-core: 3264
[core][ERROR] Open5GS launcher finished with status 134
Open5GS stopped and session log writes were flushed.
=== Sequence 4 start ===
Nodes: 
Inputs: registrationRequest authenticationResponse securityModeReject registrationRequest authenticationResponse registrationRequest authenticationResponse registrationRequest authenticationResponse registrationRequest authenticationResponse registrationRequest authenticationResponse registrationRequest authenticationResponse registrationRequest authenticationResponse registrationRequest authenticationResponse registrationRequest authenticationResponse registrationRequest authenticationResponse registrationRequest authenticationResponse registrationRequest
Wire inputs: registrationRequest authenticationResponse securityModeReject registrationRequest authenticationResponse registrationRequest authenticationResponse registrationRequest authenticationResponse registrationRequest authenticationResponse registrationRequest authenticationResponse registrationRequest authenticationResponse registrationRequest authenticationResponse registrationRequest authenticationResponse registrationRequest authenticationResponse registrationRequest authenticationResponse registrationRequest authenticationResponse registrationRequest
Selected UERANSIM profile: open5gs (UERANSIM-gnb-999-70-1)
Starting Core & gNodeB & UE
nr-gnb is not running.
nr-ue is not running.
No Open5GS test-core process is running from: /home/dzdysl/CoreCrisis/test_open5gs/open5gs
Open5GS stopped and session log writes were flushed.
RUNTIME_CONTRACT WARNING: Runtime file hash mismatch: scripts/start_core.sh expected=840ef0af6893870090daf095a53f3435122accb71b4f23b3e1575d92e6284658 actual=031fbab111baca97e1d910d8038ff4b07084fba888eafcce0d3173acc84f2d9c
Could not persist runtime warning: /home/dzdysl/CoreCrisis/test_open5gs/runs/20260804T034905Z-2b7f2823/raw/open5gs/core-session-006
[core][INFO] Launching Open5GS from: /home/dzdysl/CoreCrisis/test_open5gs/open5gs
[core][INFO] Configuration: /home/dzdysl/CoreCrisis/test_open5gs/core.properties
[core][INFO] Core log: /home/dzdysl/CoreCrisis/test_open5gs/runs/20260804T034905Z-2b7f2823/raw/open5gs/core-session-006/core.log
[core][ERROR] Open5GS launcher finished with status 134
Finished starting up Core & gNodeB
Connecting to ue..
Timeout occurred for UE(Done)
Stopping nr-gnb: 3561
nr-gnb stopped.
Stopping nr-ue: 3578
nr-ue stopped.
No Open5GS test-core process is running from: /home/dzdysl/CoreCrisis/test_open5gs/open5gs
Open5GS stopped and session log writes were flushed.
RUNTIME_CONTRACT WARNING: Runtime file hash mismatch: scripts/start_core.sh expected=840ef0af6893870090daf095a53f3435122accb71b4f23b3e1575d92e6284658 actual=031fbab111baca97e1d910d8038ff4b07084fba888eafcce0d3173acc84f2d9c
Could not persist runtime warning: /home/dzdysl/CoreCrisis/test_open5gs/runs/20260804T034905Z-2b7f2823/raw/open5gs/core-session-007
[core][INFO] Launching Open5GS from: /home/dzdysl/CoreCrisis/test_open5gs/open5gs
[core][INFO] Configuration: /home/dzdysl/CoreCrisis/test_open5gs/core.properties
[core][INFO] Core log: /home/dzdysl/CoreCrisis/test_open5gs/runs/20260804T034905Z-2b7f2823/raw/open5gs/core-session-007/core.log
Connecting to ue..
Received = DONE
Connected with UE.
Sent Hello.
Received = Hi
Connected to ue.
Done with initializing the connection with UE, gNodeB, and Core.
Log executor: sending registrationRequest.
Reading from ue
Log executor: received(raw) authenticationRequest from rrc.
####registrationRequest/authenticationRequest####
Sequence 4 step 1: registrationRequest / authenticationRequest
Log executor: sending authenticationResponse.
Reading from ue
Log executor: received(raw) securityModeCommand from rrc.
####authenticationResponse/securityModeCommand####
Sequence 4 step 2: authenticationResponse / securityModeCommand
Log executor: sending securityModeReject.
Reading from ue
Timeout occured for securityModeReject
Sequence 4 step 3: securityModeReject / null_action
Log executor: sending registrationRequest.
Reading from ue
Log executor: received(raw) authenticationRequest from rrc.
####registrationRequest/authenticationRequest####
Sequence 4 step 4: registrationRequest / authenticationRequest
Log executor: sending authenticationResponse.
Reading from ue
Log executor: received(raw) securityModeCommand from rrc.
####authenticationResponse/securityModeCommand####
Sequence 4 step 5: authenticationResponse / securityModeCommand
Log executor: sending registrationRequest.
Reading from ue
Log executor: received(raw) authenticationRequest from rrc.
####registrationRequest/authenticationRequest####
Sequence 4 step 6: registrationRequest / authenticationRequest
Log executor: sending authenticationResponse.
Reading from ue
Log executor: received(raw) securityModeCommand from rrc.
####authenticationResponse/securityModeCommand####
Sequence 4 step 7: authenticationResponse / securityModeCommand
Log executor: sending registrationRequest.
Reading from ue
Log executor: received(raw) authenticationRequest from rrc.
####registrationRequest/authenticationRequest####
Sequence 4 step 8: registrationRequest / authenticationRequest
Log executor: sending authenticationResponse.
Reading from ue
Log executor: received(raw) securityModeCommand from rrc.
####authenticationResponse/securityModeCommand####
Sequence 4 step 9: authenticationResponse / securityModeCommand
Log executor: sending registrationRequest.
Reading from ue
Log executor: received(raw) authenticationRequest from rrc.
####registrationRequest/authenticationRequest####
Sequence 4 step 10: registrationRequest / authenticationRequest
Log executor: sending authenticationResponse.
Reading from ue
Log executor: received(raw) securityModeCommand from rrc.
####authenticationResponse/securityModeCommand####
Sequence 4 step 11: authenticationResponse / securityModeCommand
Log executor: sending registrationRequest.
Reading from ue
Log executor: received(raw) authenticationRequest from rrc.
####registrationRequest/authenticationRequest####
Sequence 4 step 12: registrationRequest / authenticationRequest
Log executor: sending authenticationResponse.
Reading from ue
Log executor: received(raw) securityModeCommand from rrc.
####authenticationResponse/securityModeCommand####
Sequence 4 step 13: authenticationResponse / securityModeCommand
Log executor: sending registrationRequest.
Reading from ue
Log executor: received(raw) authenticationRequest from rrc.
####registrationRequest/authenticationRequest####
Sequence 4 step 14: registrationRequest / authenticationRequest
Log executor: sending authenticationResponse.
Reading from ue
Log executor: received(raw) securityModeCommand from rrc.
####authenticationResponse/securityModeCommand####
Sequence 4 step 15: authenticationResponse / securityModeCommand
Log executor: sending registrationRequest.
Reading from ue
Log executor: received(raw) authenticationRequest from rrc.
####registrationRequest/authenticationRequest####
Sequence 4 step 16: registrationRequest / authenticationRequest
Log executor: sending authenticationResponse.
Reading from ue
Log executor: received(raw) securityModeCommand from rrc.
####authenticationResponse/securityModeCommand####
Sequence 4 step 17: authenticationResponse / securityModeCommand
Log executor: sending registrationRequest.
Reading from ue
Log executor: received(raw) authenticationRequest from rrc.
####registrationRequest/authenticationRequest####
Sequence 4 step 18: registrationRequest / authenticationRequest
Log executor: sending authenticationResponse.
Reading from ue
Log executor: received(raw) securityModeCommand from rrc.
####authenticationResponse/securityModeCommand####
Sequence 4 step 19: authenticationResponse / securityModeCommand
Log executor: sending registrationRequest.
Reading from ue
Log executor: received(raw) authenticationRequest from rrc.
####registrationRequest/authenticationRequest####
Sequence 4 step 20: registrationRequest / authenticationRequest
Log executor: sending authenticationResponse.
Reading from ue
Log executor: received(raw) securityModeCommand from rrc.
####authenticationResponse/securityModeCommand####
Sequence 4 step 21: authenticationResponse / securityModeCommand
Log executor: sending registrationRequest.
Reading from ue
Log executor: received(raw) authenticationRequest from rrc.
####registrationRequest/authenticationRequest####
Sequence 4 step 22: registrationRequest / authenticationRequest
Log executor: sending authenticationResponse.
Reading from ue
Log executor: received(raw) securityModeCommand from rrc.
####authenticationResponse/securityModeCommand####
Sequence 4 step 23: authenticationResponse / securityModeCommand
Log executor: sending registrationRequest.
Reading from ue
Log executor: received(raw) authenticationRequest from rrc.
####registrationRequest/authenticationRequest####
Sequence 4 step 24: registrationRequest / authenticationRequest
Log executor: sending authenticationResponse.
Reading from ue
Log executor: received(raw) securityModeCommand from rrc.
####authenticationResponse/securityModeCommand####
Sequence 4 step 25: authenticationResponse / securityModeCommand
Log executor: sending registrationRequest.
Reading from ue
Log executor: received(raw) authenticationRequest from rrc.
####registrationRequest/authenticationRequest####
Sequence 4 step 26: registrationRequest / authenticationRequest
=== Sequence 4 done ===
Stopping nr-ue: 3757
nr-ue stopped.
Stopping nr-gnb: 3739
nr-gnb stopped.
Stopping Open5GS test-core: 3660
[core][ERROR] Open5GS launcher finished with status 134
Open5GS stopped and session log writes were flushed.
=== Sequence 5 start ===
Nodes: 
Inputs: registrationRequest authenticationResponse securityModeReject registrationRequest authenticationResponse registrationRequest authenticationResponse registrationRequestGUTI authenticationResponse registrationRequestGUTI authenticationResponse registrationRequestGUTI authenticationResponse registrationRequestGUTI authenticationResponse registrationRequestGUTI authenticationResponse registrationRequestGUTI authenticationResponse registrationRequestGUTI authenticationResponse registrationRequestGUTI authenticationResponse registrationRequestGUTI authenticationResponse registrationRequestGUTI
Wire inputs: registrationRequest authenticationResponse securityModeReject registrationRequest authenticationResponse registrationRequest authenticationResponse registrationRequestGUTI authenticationResponse registrationRequestGUTI authenticationResponse registrationRequestGUTI authenticationResponse registrationRequestGUTI authenticationResponse registrationRequestGUTI authenticationResponse registrationRequestGUTI authenticationResponse registrationRequestGUTI authenticationResponse registrationRequestGUTI authenticationResponse registrationRequestGUTI authenticationResponse registrationRequestGUTI
Selected UERANSIM profile: open5gs (UERANSIM-gnb-999-70-1)
Starting Core & gNodeB & UE
nr-gnb is not running.
nr-ue is not running.
No Open5GS test-core process is running from: /home/dzdysl/CoreCrisis/test_open5gs/open5gs
Open5GS stopped and session log writes were flushed.
RUNTIME_CONTRACT WARNING: Runtime file hash mismatch: scripts/start_core.sh expected=840ef0af6893870090daf095a53f3435122accb71b4f23b3e1575d92e6284658 actual=031fbab111baca97e1d910d8038ff4b07084fba888eafcce0d3173acc84f2d9c
Could not persist runtime warning: /home/dzdysl/CoreCrisis/test_open5gs/runs/20260804T034905Z-2b7f2823/raw/open5gs/core-session-008
[core][INFO] Launching Open5GS from: /home/dzdysl/CoreCrisis/test_open5gs/open5gs
[core][INFO] Configuration: /home/dzdysl/CoreCrisis/test_open5gs/core.properties
[core][INFO] Core log: /home/dzdysl/CoreCrisis/test_open5gs/runs/20260804T034905Z-2b7f2823/raw/open5gs/core-session-008/core.log
[core][ERROR] Open5GS launcher finished with status 134
Finished starting up Core & gNodeB
Connecting to ue..
Timeout occurred for UE(Done)
Stopping nr-gnb: 3956
nr-gnb stopped.
Stopping nr-ue: 3973
nr-ue stopped.
No Open5GS test-core process is running from: /home/dzdysl/CoreCrisis/test_open5gs/open5gs
Open5GS stopped and session log writes were flushed.
RUNTIME_CONTRACT WARNING: Runtime file hash mismatch: scripts/start_core.sh expected=840ef0af6893870090daf095a53f3435122accb71b4f23b3e1575d92e6284658 actual=031fbab111baca97e1d910d8038ff4b07084fba888eafcce0d3173acc84f2d9c
Could not persist runtime warning: /home/dzdysl/CoreCrisis/test_open5gs/runs/20260804T034905Z-2b7f2823/raw/open5gs/core-session-009
[core][INFO] Launching Open5GS from: /home/dzdysl/CoreCrisis/test_open5gs/open5gs
[core][INFO] Configuration: /home/dzdysl/CoreCrisis/test_open5gs/core.properties
[core][INFO] Core log: /home/dzdysl/CoreCrisis/test_open5gs/runs/20260804T034905Z-2b7f2823/raw/open5gs/core-session-009/core.log
Connecting to ue..
Received = DONE
Connected with UE.
Sent Hello.
Received = Hi
Connected to ue.
Done with initializing the connection with UE, gNodeB, and Core.
Log executor: sending registrationRequest.
Reading from ue
Log executor: received(raw) authenticationRequest from rrc.
####registrationRequest/authenticationRequest####
Sequence 5 step 1: registrationRequest / authenticationRequest
Log executor: sending authenticationResponse.
Reading from ue
Log executor: received(raw) securityModeCommand from rrc.
####authenticationResponse/securityModeCommand####
Sequence 5 step 2: authenticationResponse / securityModeCommand
Log executor: sending securityModeReject.
Reading from ue
Timeout occured for securityModeReject
Sequence 5 step 3: securityModeReject / null_action
Log executor: sending registrationRequest.
Reading from ue
Log executor: received(raw) authenticationRequest from rrc.
####registrationRequest/authenticationRequest####
Sequence 5 step 4: registrationRequest / authenticationRequest
Log executor: sending authenticationResponse.
Reading from ue
Log executor: received(raw) securityModeCommand from rrc.
####authenticationResponse/securityModeCommand####
Sequence 5 step 5: authenticationResponse / securityModeCommand
Log executor: sending registrationRequest.
Reading from ue
Log executor: received(raw) authenticationRequest from rrc.
####registrationRequest/authenticationRequest####
Sequence 5 step 6: registrationRequest / authenticationRequest
Log executor: sending authenticationResponse.
Reading from ue
Log executor: received(raw) securityModeCommand from rrc.
####authenticationResponse/securityModeCommand####
Sequence 5 step 7: authenticationResponse / securityModeCommand
Log executor: sending registrationRequest.
Reading from ue
Log executor: received(raw) authenticationRequest from rrc.
####registrationRequestGUTI/authenticationRequest####
Sequence 5 step 8: registrationRequestGUTI / authenticationRequest
Log executor: sending authenticationResponse.
Reading from ue
Log executor: received(raw) securityModeCommand from rrc.
####authenticationResponse/securityModeCommand####
Sequence 5 step 9: authenticationResponse / securityModeCommand
Log executor: sending registrationRequest.
Reading from ue
Log executor: received(raw) authenticationRequest from rrc.
####registrationRequestGUTI/authenticationRequest####
Sequence 5 step 10: registrationRequestGUTI / authenticationRequest
Log executor: sending authenticationResponse.
Reading from ue
Log executor: received(raw) securityModeCommand from rrc.
####authenticationResponse/securityModeCommand####
Sequence 5 step 11: authenticationResponse / securityModeCommand
Log executor: sending registrationRequest.
Reading from ue
Log executor: received(raw) authenticationRequest from rrc.
####registrationRequestGUTI/authenticationRequest####
Sequence 5 step 12: registrationRequestGUTI / authenticationRequest
Log executor: sending authenticationResponse.
Reading from ue
Log executor: received(raw) securityModeCommand from rrc.
####authenticationResponse/securityModeCommand####
Sequence 5 step 13: authenticationResponse / securityModeCommand
Log executor: sending registrationRequest.
Reading from ue
Log executor: received(raw) authenticationRequest from rrc.
####registrationRequestGUTI/authenticationRequest####
Sequence 5 step 14: registrationRequestGUTI / authenticationRequest
Log executor: sending authenticationResponse.
Reading from ue
Log executor: received(raw) securityModeCommand from rrc.
####authenticationResponse/securityModeCommand####
Sequence 5 step 15: authenticationResponse / securityModeCommand
Log executor: sending registrationRequest.
Reading from ue
Log executor: received(raw) authenticationRequest from rrc.
####registrationRequestGUTI/authenticationRequest####
Sequence 5 step 16: registrationRequestGUTI / authenticationRequest
Log executor: sending authenticationResponse.
Reading from ue
Log executor: received(raw) securityModeCommand from rrc.
####authenticationResponse/securityModeCommand####
Sequence 5 step 17: authenticationResponse / securityModeCommand
Log executor: sending registrationRequest.
Reading from ue
Log executor: received(raw) authenticationRequest from rrc.
####registrationRequestGUTI/authenticationRequest####
Sequence 5 step 18: registrationRequestGUTI / authenticationRequest
Log executor: sending authenticationResponse.
Reading from ue
Log executor: received(raw) securityModeCommand from rrc.
####authenticationResponse/securityModeCommand####
Sequence 5 step 19: authenticationResponse / securityModeCommand
Log executor: sending registrationRequest.
Reading from ue
Log executor: received(raw) authenticationRequest from rrc.
####registrationRequestGUTI/authenticationRequest####
Sequence 5 step 20: registrationRequestGUTI / authenticationRequest
Log executor: sending authenticationResponse.
Reading from ue
Log executor: received(raw) securityModeCommand from rrc.
####authenticationResponse/securityModeCommand####
Sequence 5 step 21: authenticationResponse / securityModeCommand
Log executor: sending registrationRequest.
Reading from ue
Log executor: received(raw) authenticationRequest from rrc.
####registrationRequestGUTI/authenticationRequest####
Sequence 5 step 22: registrationRequestGUTI / authenticationRequest
Log executor: sending authenticationResponse.
Reading from ue
Log executor: received(raw) securityModeCommand from rrc.
####authenticationResponse/securityModeCommand####
Sequence 5 step 23: authenticationResponse / securityModeCommand
Log executor: sending registrationRequest.
Reading from ue
Log executor: received(raw) authenticationRequest from rrc.
####registrationRequestGUTI/authenticationRequest####
Sequence 5 step 24: registrationRequestGUTI / authenticationRequest
Log executor: sending authenticationResponse.
Reading from ue
Log executor: received(raw) securityModeCommand from rrc.
####authenticationResponse/securityModeCommand####
Sequence 5 step 25: authenticationResponse / securityModeCommand
Log executor: sending registrationRequest.
Reading from ue
Log executor: received(raw) authenticationRequest from rrc.
####registrationRequestGUTI/authenticationRequest####
Sequence 5 step 26: registrationRequestGUTI / authenticationRequest
=== Sequence 5 done ===
Stopping nr-ue: 4154
nr-ue stopped.
Stopping nr-gnb: 4136
nr-gnb stopped.
Stopping Open5GS test-core: 4055
[core][ERROR] Open5GS launcher finished with status 134
Open5GS stopped and session log writes were flushed.
=== Sequence 6 start ===
Nodes: 
Inputs: registrationRequest authenticationResponse securityModeComplete registrationComplete deregistrationRequest registrationRequest deregistrationRequest registrationRequest deregistrationRequest registrationRequest deregistrationRequest registrationRequest deregistrationRequest registrationRequest deregistrationRequest registrationRequest deregistrationRequest registrationRequest deregistrationRequest registrationRequest deregistrationRequest registrationRequest deregistrationRequest registrationRequest deregistrationRequest
Wire inputs: registrationRequest authenticationResponse securityModeComplete registrationComplete deregistrationRequest registrationRequest deregistrationRequest registrationRequest deregistrationRequest registrationRequest deregistrationRequest registrationRequest deregistrationRequest registrationRequest deregistrationRequest registrationRequest deregistrationRequest registrationRequest deregistrationRequest registrationRequest deregistrationRequest registrationRequest deregistrationRequest registrationRequest deregistrationRequest
Selected UERANSIM profile: open5gs (UERANSIM-gnb-999-70-1)
Starting Core & gNodeB & UE
nr-gnb is not running.
nr-ue is not running.
No Open5GS test-core process is running from: /home/dzdysl/CoreCrisis/test_open5gs/open5gs
Open5GS stopped and session log writes were flushed.
RUNTIME_CONTRACT WARNING: Runtime file hash mismatch: scripts/start_core.sh expected=840ef0af6893870090daf095a53f3435122accb71b4f23b3e1575d92e6284658 actual=031fbab111baca97e1d910d8038ff4b07084fba888eafcce0d3173acc84f2d9c
Could not persist runtime warning: /home/dzdysl/CoreCrisis/test_open5gs/runs/20260804T034905Z-2b7f2823/raw/open5gs/core-session-010
[core][INFO] Launching Open5GS from: /home/dzdysl/CoreCrisis/test_open5gs/open5gs
[core][INFO] Configuration: /home/dzdysl/CoreCrisis/test_open5gs/core.properties
[core][INFO] Core log: /home/dzdysl/CoreCrisis/test_open5gs/runs/20260804T034905Z-2b7f2823/raw/open5gs/core-session-010/core.log
[core][ERROR] Open5GS launcher finished with status 134
Finished starting up Core & gNodeB
Connecting to ue..
Timeout occurred for UE(Done)
Stopping nr-gnb: 4355
nr-gnb stopped.
Stopping nr-ue: 4372
nr-ue stopped.
No Open5GS test-core process is running from: /home/dzdysl/CoreCrisis/test_open5gs/open5gs
Open5GS stopped and session log writes were flushed.
RUNTIME_CONTRACT WARNING: Runtime file hash mismatch: scripts/start_core.sh expected=840ef0af6893870090daf095a53f3435122accb71b4f23b3e1575d92e6284658 actual=031fbab111baca97e1d910d8038ff4b07084fba888eafcce0d3173acc84f2d9c
Could not persist runtime warning: /home/dzdysl/CoreCrisis/test_open5gs/runs/20260804T034905Z-2b7f2823/raw/open5gs/core-session-011
[core][INFO] Launching Open5GS from: /home/dzdysl/CoreCrisis/test_open5gs/open5gs
[core][INFO] Configuration: /home/dzdysl/CoreCrisis/test_open5gs/core.properties
[core][INFO] Core log: /home/dzdysl/CoreCrisis/test_open5gs/runs/20260804T034905Z-2b7f2823/raw/open5gs/core-session-011/core.log
Connecting to ue..
Received = DONE
Connected with UE.
Sent Hello.
Received = Hi
Connected to ue.
Done with initializing the connection with UE, gNodeB, and Core.
Log executor: sending registrationRequest.
Reading from ue
Log executor: received(raw) authenticationRequest from rrc.
####registrationRequest/authenticationRequest####
Sequence 6 step 1: registrationRequest / authenticationRequest
Log executor: sending authenticationResponse.
Reading from ue
Log executor: received(raw) securityModeCommand from rrc.
####authenticationResponse/securityModeCommand####
Sequence 6 step 2: authenticationResponse / securityModeCommand
Log executor: sending securityModeComplete.
Reading from ue
Log executor: received(raw) registrationAccept from rrc.
####securityModeComplete/registrationAccept####
Sequence 6 step 3: securityModeComplete / registrationAccept
Log executor: sending registrationComplete.
Reading from ue
Log executor: received(raw) configurationUpdateCommand from rrc.
####registrationComplete/configurationUpdateCommand####
Sequence 6 step 4: registrationComplete / configurationUpdateCommand
Log executor: sending deregistrationRequest.
Reading from ue
Timeout occured for deregistrationRequest
Sequence 6 step 5: deregistrationRequest / null_action
Log executor: sending registrationRequest.
Reading from ue
Log executor: received(raw) authenticationRequest from rrc.
####registrationRequest/authenticationRequest####
Sequence 6 step 6: registrationRequest / authenticationRequest
Log executor: sending deregistrationRequest.
Reading from ue
Timeout occured for deregistrationRequest
Sequence 6 step 7: deregistrationRequest / null_action
Log executor: sending registrationRequest.
Reading from ue
Log executor: received(raw) authenticationRequest from rrc.
####registrationRequest/authenticationRequest####
Sequence 6 step 8: registrationRequest / authenticationRequest
Log executor: sending deregistrationRequest.
Reading from ue
Timeout occured for deregistrationRequest
Sequence 6 step 9: deregistrationRequest / null_action
Log executor: sending registrationRequest.
Reading from ue
Log executor: received(raw) authenticationRequest from rrc.
####registrationRequest/authenticationRequest####
Sequence 6 step 10: registrationRequest / authenticationRequest
Log executor: sending deregistrationRequest.
Reading from ue
Timeout occured for deregistrationRequest
Sequence 6 step 11: deregistrationRequest / null_action
Log executor: sending registrationRequest.
Reading from ue
Log executor: received(raw) authenticationRequest from rrc.
####registrationRequest/authenticationRequest####
Sequence 6 step 12: registrationRequest / authenticationRequest
Log executor: sending deregistrationRequest.
Reading from ue
Timeout occured for deregistrationRequest
Sequence 6 step 13: deregistrationRequest / null_action
Log executor: sending registrationRequest.
Reading from ue
Log executor: received(raw) authenticationRequest from rrc.
####registrationRequest/authenticationRequest####
Sequence 6 step 14: registrationRequest / authenticationRequest
Log executor: sending deregistrationRequest.
Reading from ue
Timeout occured for deregistrationRequest
Sequence 6 step 15: deregistrationRequest / null_action
Log executor: sending registrationRequest.
Reading from ue
Log executor: received(raw) authenticationRequest from rrc.
####registrationRequest/authenticationRequest####
Sequence 6 step 16: registrationRequest / authenticationRequest
Log executor: sending deregistrationRequest.
Reading from ue
Timeout occured for deregistrationRequest
Sequence 6 step 17: deregistrationRequest / null_action
Log executor: sending registrationRequest.
Reading from ue
Log executor: received(raw) authenticationRequest from rrc.
####registrationRequest/authenticationRequest####
Sequence 6 step 18: registrationRequest / authenticationRequest
Log executor: sending deregistrationRequest.
Reading from ue
Timeout occured for deregistrationRequest
Sequence 6 step 19: deregistrationRequest / null_action
Log executor: sending registrationRequest.
Reading from ue
Log executor: received(raw) authenticationRequest from rrc.
####registrationRequest/authenticationRequest####
Sequence 6 step 20: registrationRequest / authenticationRequest
Log executor: sending deregistrationRequest.
Reading from ue
Timeout occured for deregistrationRequest
Sequence 6 step 21: deregistrationRequest / null_action
Log executor: sending registrationRequest.
Reading from ue
Log executor: received(raw) authenticationRequest from rrc.
####registrationRequest/authenticationRequest####
Sequence 6 step 22: registrationRequest / authenticationRequest
Log executor: sending deregistrationRequest.
Reading from ue
Timeout occured for deregistrationRequest
Sequence 6 step 23: deregistrationRequest / null_action
Log executor: sending registrationRequest.
Reading from ue
Log executor: received(raw) authenticationRequest from rrc.
####registrationRequest/authenticationRequest####
Sequence 6 step 24: registrationRequest / authenticationRequest
Log executor: sending deregistrationRequest.
Reading from ue
Timeout occured for deregistrationRequest
Sequence 6 step 25: deregistrationRequest / null_action
=== Sequence 6 done ===
Stopping nr-ue: 4552
nr-ue stopped.
Stopping nr-gnb: 4534
nr-gnb stopped.
Stopping Open5GS test-core: 4453
[core][ERROR] Open5GS launcher finished with status 134
Open5GS stopped and session log writes were flushed.
=== Sequence 7 start ===
Nodes: 
Inputs: registrationRequest authenticationResponse securityModeComplete registrationComplete deregistrationRequest registrationRequestGUTI deregistrationRequest registrationRequestGUTI deregistrationRequest registrationRequestGUTI deregistrationRequest registrationRequestGUTI deregistrationRequest registrationRequestGUTI deregistrationRequest registrationRequestGUTI deregistrationRequest registrationRequestGUTI deregistrationRequest registrationRequestGUTI deregistrationRequest registrationRequestGUTI deregistrationRequest registrationRequestGUTI deregistrationRequest
Wire inputs: registrationRequest authenticationResponse securityModeComplete registrationComplete deregistrationRequest registrationRequestGUTI deregistrationRequest registrationRequestGUTI deregistrationRequest registrationRequestGUTI deregistrationRequest registrationRequestGUTI deregistrationRequest registrationRequestGUTI deregistrationRequest registrationRequestGUTI deregistrationRequest registrationRequestGUTI deregistrationRequest registrationRequestGUTI deregistrationRequest registrationRequestGUTI deregistrationRequest registrationRequestGUTI deregistrationRequest
Selected UERANSIM profile: open5gs (UERANSIM-gnb-999-70-1)
Starting Core & gNodeB & UE
nr-gnb is not running.
nr-ue is not running.
No Open5GS test-core process is running from: /home/dzdysl/CoreCrisis/test_open5gs/open5gs
Open5GS stopped and session log writes were flushed.
RUNTIME_CONTRACT WARNING: Runtime file hash mismatch: scripts/start_core.sh expected=840ef0af6893870090daf095a53f3435122accb71b4f23b3e1575d92e6284658 actual=031fbab111baca97e1d910d8038ff4b07084fba888eafcce0d3173acc84f2d9c
Could not persist runtime warning: /home/dzdysl/CoreCrisis/test_open5gs/runs/20260804T034905Z-2b7f2823/raw/open5gs/core-session-012
[core][INFO] Launching Open5GS from: /home/dzdysl/CoreCrisis/test_open5gs/open5gs
[core][INFO] Configuration: /home/dzdysl/CoreCrisis/test_open5gs/core.properties
[core][INFO] Core log: /home/dzdysl/CoreCrisis/test_open5gs/runs/20260804T034905Z-2b7f2823/raw/open5gs/core-session-012/core.log
[core][ERROR] Open5GS launcher finished with status 134
Finished starting up Core & gNodeB
Connecting to ue..
Timeout occurred for UE(Done)
Stopping nr-gnb: 4751
nr-gnb stopped.
Stopping nr-ue: 4768
nr-ue stopped.
No Open5GS test-core process is running from: /home/dzdysl/CoreCrisis/test_open5gs/open5gs
Open5GS stopped and session log writes were flushed.
RUNTIME_CONTRACT WARNING: Runtime file hash mismatch: scripts/start_core.sh expected=840ef0af6893870090daf095a53f3435122accb71b4f23b3e1575d92e6284658 actual=031fbab111baca97e1d910d8038ff4b07084fba888eafcce0d3173acc84f2d9c
Could not persist runtime warning: /home/dzdysl/CoreCrisis/test_open5gs/runs/20260804T034905Z-2b7f2823/raw/open5gs/core-session-013
[core][INFO] Launching Open5GS from: /home/dzdysl/CoreCrisis/test_open5gs/open5gs
[core][INFO] Configuration: /home/dzdysl/CoreCrisis/test_open5gs/core.properties
[core][INFO] Core log: /home/dzdysl/CoreCrisis/test_open5gs/runs/20260804T034905Z-2b7f2823/raw/open5gs/core-session-013/core.log
Connecting to ue..
Received = DONE
Connected with UE.
Sent Hello.
Received = Hi
Connected to ue.
Done with initializing the connection with UE, gNodeB, and Core.
Log executor: sending registrationRequest.
Reading from ue
Log executor: received(raw) authenticationRequest from rrc.
####registrationRequest/authenticationRequest####
Sequence 7 step 1: registrationRequest / authenticationRequest
Log executor: sending authenticationResponse.
Reading from ue
Log executor: received(raw) securityModeCommand from rrc.
####authenticationResponse/securityModeCommand####
Sequence 7 step 2: authenticationResponse / securityModeCommand
Log executor: sending securityModeComplete.
Reading from ue
Log executor: received(raw) registrationAccept from rrc.
####securityModeComplete/registrationAccept####
Sequence 7 step 3: securityModeComplete / registrationAccept
Log executor: sending registrationComplete.
Reading from ue
Log executor: received(raw) configurationUpdateCommand from rrc.
####registrationComplete/configurationUpdateCommand####
Sequence 7 step 4: registrationComplete / configurationUpdateCommand
Log executor: sending deregistrationRequest.
Reading from ue
Timeout occured for deregistrationRequest
Sequence 7 step 5: deregistrationRequest / null_action
Log executor: sending registrationRequest.
Reading from ue
Log executor: received(raw) authenticationRequest from rrc.
####registrationRequestGUTI/authenticationRequest####
Sequence 7 step 6: registrationRequestGUTI / authenticationRequest
Log executor: sending deregistrationRequest.
Reading from ue
Timeout occured for deregistrationRequest
Sequence 7 step 7: deregistrationRequest / null_action
Log executor: sending registrationRequest.
Reading from ue
Log executor: received(raw) authenticationRequest from rrc.
####registrationRequestGUTI/authenticationRequest####
Sequence 7 step 8: registrationRequestGUTI / authenticationRequest
Log executor: sending deregistrationRequest.
Reading from ue
Timeout occured for deregistrationRequest
Sequence 7 step 9: deregistrationRequest / null_action
Log executor: sending registrationRequest.
Reading from ue
Log executor: received(raw) authenticationRequest from rrc.
####registrationRequestGUTI/authenticationRequest####
Sequence 7 step 10: registrationRequestGUTI / authenticationRequest
Log executor: sending deregistrationRequest.
Reading from ue
Timeout occured for deregistrationRequest
Sequence 7 step 11: deregistrationRequest / null_action
Log executor: sending registrationRequest.
Reading from ue
Log executor: received(raw) authenticationRequest from rrc.
####registrationRequestGUTI/authenticationRequest####
Sequence 7 step 12: registrationRequestGUTI / authenticationRequest
Log executor: sending deregistrationRequest.
Reading from ue
Timeout occured for deregistrationRequest
Sequence 7 step 13: deregistrationRequest / null_action
Log executor: sending registrationRequest.
Reading from ue
Log executor: received(raw) authenticationRequest from rrc.
####registrationRequestGUTI/authenticationRequest####
Sequence 7 step 14: registrationRequestGUTI / authenticationRequest
Log executor: sending deregistrationRequest.
Reading from ue
Timeout occured for deregistrationRequest
Sequence 7 step 15: deregistrationRequest / null_action
Log executor: sending registrationRequest.
Reading from ue
Log executor: received(raw) authenticationRequest from rrc.
####registrationRequestGUTI/authenticationRequest####
Sequence 7 step 16: registrationRequestGUTI / authenticationRequest
Log executor: sending deregistrationRequest.
Reading from ue
Timeout occured for deregistrationRequest
Sequence 7 step 17: deregistrationRequest / null_action
Log executor: sending registrationRequest.
Reading from ue
Log executor: received(raw) authenticationRequest from rrc.
####registrationRequestGUTI/authenticationRequest####
Sequence 7 step 18: registrationRequestGUTI / authenticationRequest
Log executor: sending deregistrationRequest.
Reading from ue
Timeout occured for deregistrationRequest
Sequence 7 step 19: deregistrationRequest / null_action
Log executor: sending registrationRequest.
Reading from ue
Log executor: received(raw) authenticationRequest from rrc.
####registrationRequestGUTI/authenticationRequest####
Sequence 7 step 20: registrationRequestGUTI / authenticationRequest
Log executor: sending deregistrationRequest.
Reading from ue
Timeout occured for deregistrationRequest
Sequence 7 step 21: deregistrationRequest / null_action
Log executor: sending registrationRequest.
Reading from ue
Log executor: received(raw) authenticationRequest from rrc.
####registrationRequestGUTI/authenticationRequest####
Sequence 7 step 22: registrationRequestGUTI / authenticationRequest
Log executor: sending deregistrationRequest.
Reading from ue
Timeout occured for deregistrationRequest
Sequence 7 step 23: deregistrationRequest / null_action
Log executor: sending registrationRequest.
Reading from ue
Log executor: received(raw) authenticationRequest from rrc.
####registrationRequestGUTI/authenticationRequest####
Sequence 7 step 24: registrationRequestGUTI / authenticationRequest
Log executor: sending deregistrationRequest.
Reading from ue
Timeout occured for deregistrationRequest
Sequence 7 step 25: deregistrationRequest / null_action
=== Sequence 7 done ===
Stopping nr-ue: 4949
nr-ue stopped.
Stopping nr-gnb: 4931
nr-gnb stopped.
Stopping Open5GS test-core: 4849
[core][ERROR] Open5GS launcher finished with status 134
Open5GS stopped and session log writes were flushed.
=== Sequence 8 start ===
Nodes: 
Inputs: registrationRequest authenticationResponse securityModeComplete registrationComplete deregistrationRequest registrationRequest authenticationResponse registrationRequest authenticationResponse registrationRequest authenticationResponse registrationRequest authenticationResponse registrationRequest authenticationResponse registrationRequest authenticationResponse registrationRequest authenticationResponse registrationRequest authenticationResponse registrationRequest authenticationResponse registrationRequest authenticationResponse registrationRequest
Wire inputs: registrationRequest authenticationResponse securityModeComplete registrationComplete deregistrationRequest registrationRequest authenticationResponse registrationRequest authenticationResponse registrationRequest authenticationResponse registrationRequest authenticationResponse registrationRequest authenticationResponse registrationRequest authenticationResponse registrationRequest authenticationResponse registrationRequest authenticationResponse registrationRequest authenticationResponse registrationRequest authenticationResponse registrationRequest
Selected UERANSIM profile: open5gs (UERANSIM-gnb-999-70-1)
Starting Core & gNodeB & UE
nr-gnb is not running.
nr-ue is not running.
No Open5GS test-core process is running from: /home/dzdysl/CoreCrisis/test_open5gs/open5gs
Open5GS stopped and session log writes were flushed.
RUNTIME_CONTRACT WARNING: Runtime file hash mismatch: scripts/start_core.sh expected=840ef0af6893870090daf095a53f3435122accb71b4f23b3e1575d92e6284658 actual=031fbab111baca97e1d910d8038ff4b07084fba888eafcce0d3173acc84f2d9c
Could not persist runtime warning: /home/dzdysl/CoreCrisis/test_open5gs/runs/20260804T034905Z-2b7f2823/raw/open5gs/core-session-014
[core][INFO] Launching Open5GS from: /home/dzdysl/CoreCrisis/test_open5gs/open5gs
[core][INFO] Configuration: /home/dzdysl/CoreCrisis/test_open5gs/core.properties
[core][INFO] Core log: /home/dzdysl/CoreCrisis/test_open5gs/runs/20260804T034905Z-2b7f2823/raw/open5gs/core-session-014/core.log
[core][ERROR] Open5GS launcher finished with status 134
Finished starting up Core & gNodeB
Connecting to ue..
Timeout occurred for UE(Done)
Stopping nr-gnb: 5156
nr-gnb stopped.
Stopping nr-ue: 5173
nr-ue stopped.
No Open5GS test-core process is running from: /home/dzdysl/CoreCrisis/test_open5gs/open5gs
Open5GS stopped and session log writes were flushed.
RUNTIME_CONTRACT WARNING: Runtime file hash mismatch: scripts/start_core.sh expected=840ef0af6893870090daf095a53f3435122accb71b4f23b3e1575d92e6284658 actual=031fbab111baca97e1d910d8038ff4b07084fba888eafcce0d3173acc84f2d9c
Could not persist runtime warning: /home/dzdysl/CoreCrisis/test_open5gs/runs/20260804T034905Z-2b7f2823/raw/open5gs/core-session-015
[core][INFO] Launching Open5GS from: /home/dzdysl/CoreCrisis/test_open5gs/open5gs
[core][INFO] Configuration: /home/dzdysl/CoreCrisis/test_open5gs/core.properties
[core][INFO] Core log: /home/dzdysl/CoreCrisis/test_open5gs/runs/20260804T034905Z-2b7f2823/raw/open5gs/core-session-015/core.log
Connecting to ue..
Received = DONE
Connected with UE.
Sent Hello.
Received = Hi
Connected to ue.
Done with initializing the connection with UE, gNodeB, and Core.
Log executor: sending registrationRequest.
Reading from ue
Log executor: received(raw) authenticationRequest from rrc.
####registrationRequest/authenticationRequest####
Sequence 8 step 1: registrationRequest / authenticationRequest
Log executor: sending authenticationResponse.
Reading from ue
Log executor: received(raw) securityModeCommand from rrc.
####authenticationResponse/securityModeCommand####
Sequence 8 step 2: authenticationResponse / securityModeCommand
Log executor: sending securityModeComplete.
Reading from ue
Log executor: received(raw) registrationAccept from rrc.
####securityModeComplete/registrationAccept####
Sequence 8 step 3: securityModeComplete / registrationAccept
Log executor: sending registrationComplete.
Reading from ue
Log executor: received(raw) configurationUpdateCommand from rrc.
####registrationComplete/configurationUpdateCommand####
Sequence 8 step 4: registrationComplete / configurationUpdateCommand
Log executor: sending deregistrationRequest.
Reading from ue
Timeout occured for deregistrationRequest
Sequence 8 step 5: deregistrationRequest / null_action
Log executor: sending registrationRequest.
Reading from ue
Log executor: received(raw) authenticationRequest from rrc.
####registrationRequest/authenticationRequest####
Sequence 8 step 6: registrationRequest / authenticationRequest
Log executor: sending authenticationResponse.
Reading from ue
Log executor: received(raw) securityModeCommand from rrc.
####authenticationResponse/securityModeCommand####
Sequence 8 step 7: authenticationResponse / securityModeCommand
Log executor: sending registrationRequest.
Reading from ue
Log executor: received(raw) authenticationRequest from rrc.
####registrationRequest/authenticationRequest####
Sequence 8 step 8: registrationRequest / authenticationRequest
Log executor: sending authenticationResponse.
Reading from ue
Log executor: received(raw) securityModeCommand from rrc.
####authenticationResponse/securityModeCommand####
Sequence 8 step 9: authenticationResponse / securityModeCommand
Log executor: sending registrationRequest.
Reading from ue
Log executor: received(raw) authenticationRequest from rrc.
####registrationRequest/authenticationRequest####
Sequence 8 step 10: registrationRequest / authenticationRequest
Log executor: sending authenticationResponse.
Reading from ue
Log executor: received(raw) securityModeCommand from rrc.
####authenticationResponse/securityModeCommand####
Sequence 8 step 11: authenticationResponse / securityModeCommand
Log executor: sending registrationRequest.
Reading from ue
Log executor: received(raw) authenticationRequest from rrc.
####registrationRequest/authenticationRequest####
Sequence 8 step 12: registrationRequest / authenticationRequest
Log executor: sending authenticationResponse.
Reading from ue
Log executor: received(raw) securityModeCommand from rrc.
####authenticationResponse/securityModeCommand####
Sequence 8 step 13: authenticationResponse / securityModeCommand
Log executor: sending registrationRequest.
Reading from ue
Log executor: received(raw) authenticationRequest from rrc.
####registrationRequest/authenticationRequest####
Sequence 8 step 14: registrationRequest / authenticationRequest
Log executor: sending authenticationResponse.
Reading from ue
Log executor: received(raw) securityModeCommand from rrc.
####authenticationResponse/securityModeCommand####
Sequence 8 step 15: authenticationResponse / securityModeCommand
Log executor: sending registrationRequest.
Reading from ue
Log executor: received(raw) authenticationRequest from rrc.
####registrationRequest/authenticationRequest####
Sequence 8 step 16: registrationRequest / authenticationRequest
Log executor: sending authenticationResponse.
Reading from ue
Log executor: received(raw) securityModeCommand from rrc.
####authenticationResponse/securityModeCommand####
Sequence 8 step 17: authenticationResponse / securityModeCommand
Log executor: sending registrationRequest.
Reading from ue
Log executor: received(raw) authenticationRequest from rrc.
####registrationRequest/authenticationRequest####
Sequence 8 step 18: registrationRequest / authenticationRequest
Log executor: sending authenticationResponse.
Reading from ue
Log executor: received(raw) securityModeCommand from rrc.
####authenticationResponse/securityModeCommand####
Sequence 8 step 19: authenticationResponse / securityModeCommand
Log executor: sending registrationRequest.
Reading from ue
Log executor: received(raw) authenticationRequest from rrc.
####registrationRequest/authenticationRequest####
Sequence 8 step 20: registrationRequest / authenticationRequest
Log executor: sending authenticationResponse.
Reading from ue
Log executor: received(raw) securityModeCommand from rrc.
####authenticationResponse/securityModeCommand####
Sequence 8 step 21: authenticationResponse / securityModeCommand
Log executor: sending registrationRequest.
Reading from ue
Log executor: received(raw) authenticationRequest from rrc.
####registrationRequest/authenticationRequest####
Sequence 8 step 22: registrationRequest / authenticationRequest
Log executor: sending authenticationResponse.
Reading from ue
Log executor: received(raw) securityModeCommand from rrc.
####authenticationResponse/securityModeCommand####
Sequence 8 step 23: authenticationResponse / securityModeCommand
Log executor: sending registrationRequest.
Reading from ue
Log executor: received(raw) authenticationRequest from rrc.
####registrationRequest/authenticationRequest####
Sequence 8 step 24: registrationRequest / authenticationRequest
Log executor: sending authenticationResponse.
Reading from ue
Log executor: received(raw) securityModeCommand from rrc.
####authenticationResponse/securityModeCommand####
Sequence 8 step 25: authenticationResponse / securityModeCommand
Log executor: sending registrationRequest.
Reading from ue
Log executor: received(raw) authenticationRequest from rrc.
####registrationRequest/authenticationRequest####
Sequence 8 step 26: registrationRequest / authenticationRequest
=== Sequence 8 done ===
Stopping nr-ue: 5353
nr-ue stopped.
Stopping nr-gnb: 5335
nr-gnb stopped.
Stopping Open5GS test-core: 5256
[core][ERROR] Open5GS launcher finished with status 134
Open5GS stopped and session log writes were flushed.
=== Sequence 9 start ===
Nodes: 
Inputs: registrationRequest authenticationResponse securityModeComplete registrationComplete deregistrationRequest registrationRequest authenticationResponse registrationRequestGUTI authenticationResponse registrationRequestGUTI authenticationResponse registrationRequestGUTI authenticationResponse registrationRequestGUTI authenticationResponse registrationRequestGUTI authenticationResponse registrationRequestGUTI authenticationResponse registrationRequestGUTI authenticationResponse registrationRequestGUTI authenticationResponse registrationRequestGUTI authenticationResponse registrationRequestGUTI
Wire inputs: registrationRequest authenticationResponse securityModeComplete registrationComplete deregistrationRequest registrationRequest authenticationResponse registrationRequestGUTI authenticationResponse registrationRequestGUTI authenticationResponse registrationRequestGUTI authenticationResponse registrationRequestGUTI authenticationResponse registrationRequestGUTI authenticationResponse registrationRequestGUTI authenticationResponse registrationRequestGUTI authenticationResponse registrationRequestGUTI authenticationResponse registrationRequestGUTI authenticationResponse registrationRequestGUTI
Selected UERANSIM profile: open5gs (UERANSIM-gnb-999-70-1)
Starting Core & gNodeB & UE
nr-gnb is not running.
nr-ue is not running.
No Open5GS test-core process is running from: /home/dzdysl/CoreCrisis/test_open5gs/open5gs
Open5GS stopped and session log writes were flushed.
RUNTIME_CONTRACT WARNING: Runtime file hash mismatch: scripts/start_core.sh expected=840ef0af6893870090daf095a53f3435122accb71b4f23b3e1575d92e6284658 actual=031fbab111baca97e1d910d8038ff4b07084fba888eafcce0d3173acc84f2d9c
Could not persist runtime warning: /home/dzdysl/CoreCrisis/test_open5gs/runs/20260804T034905Z-2b7f2823/raw/open5gs/core-session-016
[core][INFO] Launching Open5GS from: /home/dzdysl/CoreCrisis/test_open5gs/open5gs
[core][INFO] Configuration: /home/dzdysl/CoreCrisis/test_open5gs/core.properties
[core][INFO] Core log: /home/dzdysl/CoreCrisis/test_open5gs/runs/20260804T034905Z-2b7f2823/raw/open5gs/core-session-016/core.log
[core][ERROR] Open5GS launcher finished with status 134
Finished starting up Core & gNodeB
Connecting to ue..
Timeout occurred for UE(Done)
Stopping nr-gnb: 5552
nr-gnb stopped.
Stopping nr-ue: 5569
nr-ue stopped.
No Open5GS test-core process is running from: /home/dzdysl/CoreCrisis/test_open5gs/open5gs
Open5GS stopped and session log writes were flushed.
RUNTIME_CONTRACT WARNING: Runtime file hash mismatch: scripts/start_core.sh expected=840ef0af6893870090daf095a53f3435122accb71b4f23b3e1575d92e6284658 actual=031fbab111baca97e1d910d8038ff4b07084fba888eafcce0d3173acc84f2d9c
Could not persist runtime warning: /home/dzdysl/CoreCrisis/test_open5gs/runs/20260804T034905Z-2b7f2823/raw/open5gs/core-session-017
[core][INFO] Launching Open5GS from: /home/dzdysl/CoreCrisis/test_open5gs/open5gs
[core][INFO] Configuration: /home/dzdysl/CoreCrisis/test_open5gs/core.properties
[core][INFO] Core log: /home/dzdysl/CoreCrisis/test_open5gs/runs/20260804T034905Z-2b7f2823/raw/open5gs/core-session-017/core.log
Connecting to ue..
Received = DONE
Connected with UE.
Sent Hello.
Received = Hi
Connected to ue.
Done with initializing the connection with UE, gNodeB, and Core.
Log executor: sending registrationRequest.
Reading from ue
Log executor: received(raw) authenticationRequest from rrc.
####registrationRequest/authenticationRequest####
Sequence 9 step 1: registrationRequest / authenticationRequest
Log executor: sending authenticationResponse.
Reading from ue
Log executor: received(raw) securityModeCommand from rrc.
####authenticationResponse/securityModeCommand####
Sequence 9 step 2: authenticationResponse / securityModeCommand
Log executor: sending securityModeComplete.
Reading from ue
Log executor: received(raw) registrationAccept from rrc.
####securityModeComplete/registrationAccept####
Sequence 9 step 3: securityModeComplete / registrationAccept
Log executor: sending registrationComplete.
Reading from ue
Log executor: received(raw) configurationUpdateCommand from rrc.
####registrationComplete/configurationUpdateCommand####
Sequence 9 step 4: registrationComplete / configurationUpdateCommand
Log executor: sending deregistrationRequest.
Reading from ue
Timeout occured for deregistrationRequest
Sequence 9 step 5: deregistrationRequest / null_action
Log executor: sending registrationRequest.
Reading from ue
Log executor: received(raw) authenticationRequest from rrc.
####registrationRequest/authenticationRequest####
Sequence 9 step 6: registrationRequest / authenticationRequest
Log executor: sending authenticationResponse.
Reading from ue
Log executor: received(raw) securityModeCommand from rrc.
####authenticationResponse/securityModeCommand####
Sequence 9 step 7: authenticationResponse / securityModeCommand
Log executor: sending registrationRequest.
Reading from ue
Log executor: received(raw) authenticationRequest from rrc.
####registrationRequestGUTI/authenticationRequest####
Sequence 9 step 8: registrationRequestGUTI / authenticationRequest
Log executor: sending authenticationResponse.
Reading from ue
Log executor: received(raw) securityModeCommand from rrc.
####authenticationResponse/securityModeCommand####
Sequence 9 step 9: authenticationResponse / securityModeCommand
Log executor: sending registrationRequest.
Reading from ue
Log executor: received(raw) authenticationRequest from rrc.
####registrationRequestGUTI/authenticationRequest####
Sequence 9 step 10: registrationRequestGUTI / authenticationRequest
Log executor: sending authenticationResponse.
Reading from ue
Log executor: received(raw) securityModeCommand from rrc.
####authenticationResponse/securityModeCommand####
Sequence 9 step 11: authenticationResponse / securityModeCommand
Log executor: sending registrationRequest.
Reading from ue
Log executor: received(raw) authenticationRequest from rrc.
####registrationRequestGUTI/authenticationRequest####
Sequence 9 step 12: registrationRequestGUTI / authenticationRequest
Log executor: sending authenticationResponse.
Reading from ue
Log executor: received(raw) securityModeCommand from rrc.
####authenticationResponse/securityModeCommand####
Sequence 9 step 13: authenticationResponse / securityModeCommand
Log executor: sending registrationRequest.
Reading from ue
Log executor: received(raw) authenticationRequest from rrc.
####registrationRequestGUTI/authenticationRequest####
Sequence 9 step 14: registrationRequestGUTI / authenticationRequest
Log executor: sending authenticationResponse.
Reading from ue
Log executor: received(raw) securityModeCommand from rrc.
####authenticationResponse/securityModeCommand####
Sequence 9 step 15: authenticationResponse / securityModeCommand
Log executor: sending registrationRequest.
Reading from ue
Log executor: received(raw) authenticationRequest from rrc.
####registrationRequestGUTI/authenticationRequest####
Sequence 9 step 16: registrationRequestGUTI / authenticationRequest
Log executor: sending authenticationResponse.
Reading from ue
Log executor: received(raw) securityModeCommand from rrc.
####authenticationResponse/securityModeCommand####
Sequence 9 step 17: authenticationResponse / securityModeCommand
Log executor: sending registrationRequest.
Reading from ue
Log executor: received(raw) authenticationRequest from rrc.
####registrationRequestGUTI/authenticationRequest####
Sequence 9 step 18: registrationRequestGUTI / authenticationRequest
Log executor: sending authenticationResponse.
Reading from ue
Log executor: received(raw) securityModeCommand from rrc.
####authenticationResponse/securityModeCommand####
Sequence 9 step 19: authenticationResponse / securityModeCommand
Log executor: sending registrationRequest.
Reading from ue
Log executor: received(raw) authenticationRequest from rrc.
####registrationRequestGUTI/authenticationRequest####
Sequence 9 step 20: registrationRequestGUTI / authenticationRequest
Log executor: sending authenticationResponse.
Reading from ue
Log executor: received(raw) securityModeCommand from rrc.
####authenticationResponse/securityModeCommand####
Sequence 9 step 21: authenticationResponse / securityModeCommand
Log executor: sending registrationRequest.
Reading from ue
Log executor: received(raw) authenticationRequest from rrc.
####registrationRequestGUTI/authenticationRequest####
Sequence 9 step 22: registrationRequestGUTI / authenticationRequest
Log executor: sending authenticationResponse.
Reading from ue
Log executor: received(raw) securityModeCommand from rrc.
####authenticationResponse/securityModeCommand####
Sequence 9 step 23: authenticationResponse / securityModeCommand
Log executor: sending registrationRequest.
Reading from ue
Log executor: received(raw) authenticationRequest from rrc.
####registrationRequestGUTI/authenticationRequest####
Sequence 9 step 24: registrationRequestGUTI / authenticationRequest
Log executor: sending authenticationResponse.
Reading from ue
Log executor: received(raw) securityModeCommand from rrc.
####authenticationResponse/securityModeCommand####
Sequence 9 step 25: authenticationResponse / securityModeCommand
Log executor: sending registrationRequest.
Reading from ue
Log executor: received(raw) authenticationRequest from rrc.
####registrationRequestGUTI/authenticationRequest####
Sequence 9 step 26: registrationRequestGUTI / authenticationRequest
=== Sequence 9 done ===
Stopping nr-ue: 5747
nr-ue stopped.
Stopping nr-gnb: 5729
nr-gnb stopped.
Stopping Open5GS test-core: 5650
[core][ERROR] Open5GS launcher finished with status 134
Open5GS stopped and session log writes were flushed.
=== Sequence 10 start ===
Nodes: 
Inputs: registrationRequestGUTI registrationRequest deregistrationRequest registrationRequestGUTI registrationRequest deregistrationRequest registrationRequestGUTI registrationRequest deregistrationRequest registrationRequestGUTI registrationRequest deregistrationRequest registrationRequestGUTI registrationRequest deregistrationRequest registrationRequestGUTI registrationRequest deregistrationRequest registrationRequestGUTI registrationRequest deregistrationRequest registrationRequestGUTI registrationRequest deregistrationRequest registrationRequestGUTI registrationRequest deregistrationRequest registrationRequestGUTI registrationRequest deregistrationRequest
Wire inputs: registrationRequestGUTI registrationRequest deregistrationRequest registrationRequestGUTI registrationRequest deregistrationRequest registrationRequestGUTI registrationRequest deregistrationRequest registrationRequestGUTI registrationRequest deregistrationRequest registrationRequestGUTI registrationRequest deregistrationRequest registrationRequestGUTI registrationRequest deregistrationRequest registrationRequestGUTI registrationRequest deregistrationRequest registrationRequestGUTI registrationRequest deregistrationRequest registrationRequestGUTI registrationRequest deregistrationRequest registrationRequestGUTI registrationRequest deregistrationRequest
Selected UERANSIM profile: open5gs (UERANSIM-gnb-999-70-1)
Starting Core & gNodeB & UE
nr-gnb is not running.
nr-ue is not running.
No Open5GS test-core process is running from: /home/dzdysl/CoreCrisis/test_open5gs/open5gs
Open5GS stopped and session log writes were flushed.
RUNTIME_CONTRACT WARNING: Runtime file hash mismatch: scripts/start_core.sh expected=840ef0af6893870090daf095a53f3435122accb71b4f23b3e1575d92e6284658 actual=031fbab111baca97e1d910d8038ff4b07084fba888eafcce0d3173acc84f2d9c
Could not persist runtime warning: /home/dzdysl/CoreCrisis/test_open5gs/runs/20260804T034905Z-2b7f2823/raw/open5gs/core-session-018
[core][INFO] Launching Open5GS from: /home/dzdysl/CoreCrisis/test_open5gs/open5gs
[core][INFO] Configuration: /home/dzdysl/CoreCrisis/test_open5gs/core.properties
[core][INFO] Core log: /home/dzdysl/CoreCrisis/test_open5gs/runs/20260804T034905Z-2b7f2823/raw/open5gs/core-session-018/core.log
[core][ERROR] Open5GS launcher finished with status 134
Finished starting up Core & gNodeB
Connecting to ue..
Timeout occurred for UE(Done)
Stopping nr-gnb: 5947
nr-gnb stopped.
Stopping nr-ue: 5964
nr-ue stopped.
No Open5GS test-core process is running from: /home/dzdysl/CoreCrisis/test_open5gs/open5gs
Open5GS stopped and session log writes were flushed.
RUNTIME_CONTRACT WARNING: Runtime file hash mismatch: scripts/start_core.sh expected=840ef0af6893870090daf095a53f3435122accb71b4f23b3e1575d92e6284658 actual=031fbab111baca97e1d910d8038ff4b07084fba888eafcce0d3173acc84f2d9c
Could not persist runtime warning: /home/dzdysl/CoreCrisis/test_open5gs/runs/20260804T034905Z-2b7f2823/raw/open5gs/core-session-019
[core][INFO] Launching Open5GS from: /home/dzdysl/CoreCrisis/test_open5gs/open5gs
[core][INFO] Configuration: /home/dzdysl/CoreCrisis/test_open5gs/core.properties
[core][INFO] Core log: /home/dzdysl/CoreCrisis/test_open5gs/runs/20260804T034905Z-2b7f2823/raw/open5gs/core-session-019/core.log
Connecting to ue..
Received = DONE
Connected with UE.
Sent Hello.
Received = Hi
Connected to ue.
Done with initializing the connection with UE, gNodeB, and Core.
Log executor: sending registrationRequest.
Reading from ue
Log executor: received(raw) identityRequest from rrc.
####registrationRequestGUTI/identityRequest####
Sequence 10 step 1: registrationRequestGUTI / identityRequest
Log executor: sending registrationRequest.
Reading from ue
Log executor: received(raw) authenticationRequest from rrc.
####registrationRequest/authenticationRequest####
Sequence 10 step 2: registrationRequest / authenticationRequest
Log executor: sending deregistrationRequest.
Reading from ue
Timeout occured for deregistrationRequest
Sequence 10 step 3: deregistrationRequest / null_action
Log executor: sending registrationRequest.
Reading from ue
Log executor: received(raw) identityRequest from rrc.
####registrationRequestGUTI/identityRequest####
Sequence 10 step 4: registrationRequestGUTI / identityRequest
Log executor: sending registrationRequest.
Reading from ue
Log executor: received(raw) authenticationRequest from rrc.
####registrationRequest/authenticationRequest####
Sequence 10 step 5: registrationRequest / authenticationRequest
Log executor: sending deregistrationRequest.
Reading from ue
Timeout occured for deregistrationRequest
Sequence 10 step 6: deregistrationRequest / null_action
Log executor: sending registrationRequest.
Reading from ue
Log executor: received(raw) identityRequest from rrc.
####registrationRequestGUTI/identityRequest####
Sequence 10 step 7: registrationRequestGUTI / identityRequest
Log executor: sending registrationRequest.
Reading from ue
Log executor: received(raw) authenticationRequest from rrc.
####registrationRequest/authenticationRequest####
Sequence 10 step 8: registrationRequest / authenticationRequest
Log executor: sending deregistrationRequest.
Reading from ue
Timeout occured for deregistrationRequest
Sequence 10 step 9: deregistrationRequest / null_action
Log executor: sending registrationRequest.
Reading from ue
Log executor: received(raw) identityRequest from rrc.
####registrationRequestGUTI/identityRequest####
Sequence 10 step 10: registrationRequestGUTI / identityRequest
Log executor: sending registrationRequest.
Reading from ue
Log executor: received(raw) authenticationRequest from rrc.
####registrationRequest/authenticationRequest####
Sequence 10 step 11: registrationRequest / authenticationRequest
Log executor: sending deregistrationRequest.
Reading from ue
Timeout occured for deregistrationRequest
Sequence 10 step 12: deregistrationRequest / null_action
Log executor: sending registrationRequest.
Reading from ue
Log executor: received(raw) identityRequest from rrc.
####registrationRequestGUTI/identityRequest####
Sequence 10 step 13: registrationRequestGUTI / identityRequest
Log executor: sending registrationRequest.
Reading from ue
Log executor: received(raw) authenticationRequest from rrc.
####registrationRequest/authenticationRequest####
Sequence 10 step 14: registrationRequest / authenticationRequest
Log executor: sending deregistrationRequest.
Reading from ue
Timeout occured for deregistrationRequest
Sequence 10 step 15: deregistrationRequest / null_action
Log executor: sending registrationRequest.
Reading from ue
Log executor: received(raw) identityRequest from rrc.
####registrationRequestGUTI/identityRequest####
Sequence 10 step 16: registrationRequestGUTI / identityRequest
Log executor: sending registrationRequest.
Reading from ue
Log executor: received(raw) authenticationRequest from rrc.
####registrationRequest/authenticationRequest####
Sequence 10 step 17: registrationRequest / authenticationRequest
Log executor: sending deregistrationRequest.
Reading from ue
Timeout occured for deregistrationRequest
Sequence 10 step 18: deregistrationRequest / null_action
Log executor: sending registrationRequest.
Reading from ue
Log executor: received(raw) identityRequest from rrc.
####registrationRequestGUTI/identityRequest####
Sequence 10 step 19: registrationRequestGUTI / identityRequest
Log executor: sending registrationRequest.
Reading from ue
Log executor: received(raw) authenticationRequest from rrc.
####registrationRequest/authenticationRequest####
Sequence 10 step 20: registrationRequest / authenticationRequest
Log executor: sending deregistrationRequest.
Reading from ue
Timeout occured for deregistrationRequest
Sequence 10 step 21: deregistrationRequest / null_action
Log executor: sending registrationRequest.
Reading from ue
Log executor: received(raw) identityRequest from rrc.
####registrationRequestGUTI/identityRequest####
Sequence 10 step 22: registrationRequestGUTI / identityRequest
Log executor: sending registrationRequest.
Reading from ue
Log executor: received(raw) authenticationRequest from rrc.
####registrationRequest/authenticationRequest####
Sequence 10 step 23: registrationRequest / authenticationRequest
Log executor: sending deregistrationRequest.
Reading from ue
Timeout occured for deregistrationRequest
Sequence 10 step 24: deregistrationRequest / null_action
Log executor: sending registrationRequest.
Reading from ue
Log executor: received(raw) identityRequest from rrc.
####registrationRequestGUTI/identityRequest####
Sequence 10 step 25: registrationRequestGUTI / identityRequest
Log executor: sending registrationRequest.
Reading from ue
Log executor: received(raw) authenticationRequest from rrc.
####registrationRequest/authenticationRequest####
Sequence 10 step 26: registrationRequest / authenticationRequest
Log executor: sending deregistrationRequest.
Reading from ue
Timeout occured for deregistrationRequest
Sequence 10 step 27: deregistrationRequest / null_action
Log executor: sending registrationRequest.
Reading from ue
Log executor: received(raw) identityRequest from rrc.
####registrationRequestGUTI/identityRequest####
Sequence 10 step 28: registrationRequestGUTI / identityRequest
Log executor: sending registrationRequest.
Reading from ue
Log executor: received(raw) authenticationRequest from rrc.
####registrationRequest/authenticationRequest####
Sequence 10 step 29: registrationRequest / authenticationRequest
Log executor: sending deregistrationRequest.
Reading from ue
Timeout occured for deregistrationRequest
Sequence 10 step 30: deregistrationRequest / null_action
=== Sequence 10 done ===
Stopping nr-ue: 6144
nr-ue stopped.
Stopping nr-gnb: 6126
nr-gnb stopped.
Stopping Open5GS test-core: 6045
[core][ERROR] Open5GS launcher finished with status 134
Open5GS stopped and session log writes were flushed.
=== Sequence 11 start ===
Nodes: 
Inputs: registrationRequestGUTI identityResponse deregistrationRequest registrationRequestGUTI identityResponse deregistrationRequest registrationRequestGUTI identityResponse deregistrationRequest registrationRequestGUTI identityResponse deregistrationRequest registrationRequestGUTI identityResponse deregistrationRequest registrationRequestGUTI identityResponse deregistrationRequest registrationRequestGUTI identityResponse deregistrationRequest registrationRequestGUTI identityResponse deregistrationRequest registrationRequestGUTI identityResponse deregistrationRequest registrationRequestGUTI identityResponse deregistrationRequest
Wire inputs: registrationRequestGUTI identityResponse deregistrationRequest registrationRequestGUTI identityResponse deregistrationRequest registrationRequestGUTI identityResponse deregistrationRequest registrationRequestGUTI identityResponse deregistrationRequest registrationRequestGUTI identityResponse deregistrationRequest registrationRequestGUTI identityResponse deregistrationRequest registrationRequestGUTI identityResponse deregistrationRequest registrationRequestGUTI identityResponse deregistrationRequest registrationRequestGUTI identityResponse deregistrationRequest registrationRequestGUTI identityResponse deregistrationRequest
Selected UERANSIM profile: open5gs (UERANSIM-gnb-999-70-1)
Starting Core & gNodeB & UE
nr-gnb is not running.
nr-ue is not running.
No Open5GS test-core process is running from: /home/dzdysl/CoreCrisis/test_open5gs/open5gs
Open5GS stopped and session log writes were flushed.
RUNTIME_CONTRACT WARNING: Runtime file hash mismatch: scripts/start_core.sh expected=840ef0af6893870090daf095a53f3435122accb71b4f23b3e1575d92e6284658 actual=031fbab111baca97e1d910d8038ff4b07084fba888eafcce0d3173acc84f2d9c
Could not persist runtime warning: /home/dzdysl/CoreCrisis/test_open5gs/runs/20260804T034905Z-2b7f2823/raw/open5gs/core-session-020
[core][INFO] Launching Open5GS from: /home/dzdysl/CoreCrisis/test_open5gs/open5gs
[core][INFO] Configuration: /home/dzdysl/CoreCrisis/test_open5gs/core.properties
[core][INFO] Core log: /home/dzdysl/CoreCrisis/test_open5gs/runs/20260804T034905Z-2b7f2823/raw/open5gs/core-session-020/core.log
[core][ERROR] Open5GS launcher finished with status 134
Finished starting up Core & gNodeB
Connecting to ue..
Timeout occurred for UE(Done)
Stopping nr-gnb: 6348
nr-gnb stopped.
Stopping nr-ue: 6365
nr-ue stopped.
No Open5GS test-core process is running from: /home/dzdysl/CoreCrisis/test_open5gs/open5gs
Open5GS stopped and session log writes were flushed.
RUNTIME_CONTRACT WARNING: Runtime file hash mismatch: scripts/start_core.sh expected=840ef0af6893870090daf095a53f3435122accb71b4f23b3e1575d92e6284658 actual=031fbab111baca97e1d910d8038ff4b07084fba888eafcce0d3173acc84f2d9c
Could not persist runtime warning: /home/dzdysl/CoreCrisis/test_open5gs/runs/20260804T034905Z-2b7f2823/raw/open5gs/core-session-021
[core][INFO] Launching Open5GS from: /home/dzdysl/CoreCrisis/test_open5gs/open5gs
[core][INFO] Configuration: /home/dzdysl/CoreCrisis/test_open5gs/core.properties
[core][INFO] Core log: /home/dzdysl/CoreCrisis/test_open5gs/runs/20260804T034905Z-2b7f2823/raw/open5gs/core-session-021/core.log
Connecting to ue..
Received = DONE
Connected with UE.
Sent Hello.
Received = Hi
Connected to ue.
Done with initializing the connection with UE, gNodeB, and Core.
Log executor: sending registrationRequest.
Reading from ue
Log executor: received(raw) identityRequest from rrc.
####registrationRequestGUTI/identityRequest####
Sequence 11 step 1: registrationRequestGUTI / identityRequest
Log executor: sending identityResponse.
Reading from ue
Log executor: received(raw) authenticationRequest from rrc.
####identityResponse/authenticationRequest####
Sequence 11 step 2: identityResponse / authenticationRequest
Log executor: sending deregistrationRequest.
Reading from ue
Timeout occured for deregistrationRequest
Sequence 11 step 3: deregistrationRequest / null_action
Log executor: sending registrationRequest.
Reading from ue
Log executor: received(raw) identityRequest from rrc.
####registrationRequestGUTI/identityRequest####
Sequence 11 step 4: registrationRequestGUTI / identityRequest
Log executor: sending identityResponse.
Reading from ue
Log executor: received(raw) authenticationRequest from rrc.
####identityResponse/authenticationRequest####
Sequence 11 step 5: identityResponse / authenticationRequest
Log executor: sending deregistrationRequest.
Reading from ue
Timeout occured for deregistrationRequest
Sequence 11 step 6: deregistrationRequest / null_action
Log executor: sending registrationRequest.
Reading from ue
Log executor: received(raw) identityRequest from rrc.
####registrationRequestGUTI/identityRequest####
Sequence 11 step 7: registrationRequestGUTI / identityRequest
Log executor: sending identityResponse.
Reading from ue
Log executor: received(raw) authenticationRequest from rrc.
####identityResponse/authenticationRequest####
Sequence 11 step 8: identityResponse / authenticationRequest
Log executor: sending deregistrationRequest.
Reading from ue
Timeout occured for deregistrationRequest
Sequence 11 step 9: deregistrationRequest / null_action
Log executor: sending registrationRequest.
Reading from ue
Log executor: received(raw) identityRequest from rrc.
####registrationRequestGUTI/identityRequest####
Sequence 11 step 10: registrationRequestGUTI / identityRequest
Log executor: sending identityResponse.
Reading from ue
Log executor: received(raw) authenticationRequest from rrc.
####identityResponse/authenticationRequest####
Sequence 11 step 11: identityResponse / authenticationRequest
Log executor: sending deregistrationRequest.
Reading from ue
Timeout occured for deregistrationRequest
Sequence 11 step 12: deregistrationRequest / null_action
Log executor: sending registrationRequest.
Reading from ue
Log executor: received(raw) identityRequest from rrc.
####registrationRequestGUTI/identityRequest####
Sequence 11 step 13: registrationRequestGUTI / identityRequest
Log executor: sending identityResponse.
Reading from ue
Log executor: received(raw) authenticationRequest from rrc.
####identityResponse/authenticationRequest####
Sequence 11 step 14: identityResponse / authenticationRequest
Log executor: sending deregistrationRequest.
Reading from ue
Timeout occured for deregistrationRequest
Sequence 11 step 15: deregistrationRequest / null_action
Log executor: sending registrationRequest.
Reading from ue
Log executor: received(raw) identityRequest from rrc.
####registrationRequestGUTI/identityRequest####
Sequence 11 step 16: registrationRequestGUTI / identityRequest
Log executor: sending identityResponse.
Reading from ue
Log executor: received(raw) authenticationRequest from rrc.
####identityResponse/authenticationRequest####
Sequence 11 step 17: identityResponse / authenticationRequest
Log executor: sending deregistrationRequest.
Reading from ue
Timeout occured for deregistrationRequest
Sequence 11 step 18: deregistrationRequest / null_action
Log executor: sending registrationRequest.
Reading from ue
Log executor: received(raw) identityRequest from rrc.
####registrationRequestGUTI/identityRequest####
Sequence 11 step 19: registrationRequestGUTI / identityRequest
Log executor: sending identityResponse.
Reading from ue
Log executor: received(raw) authenticationRequest from rrc.
####identityResponse/authenticationRequest####
Sequence 11 step 20: identityResponse / authenticationRequest
Log executor: sending deregistrationRequest.
Reading from ue
Timeout occured for deregistrationRequest
Sequence 11 step 21: deregistrationRequest / null_action
Log executor: sending registrationRequest.
Reading from ue
Log executor: received(raw) identityRequest from rrc.
####registrationRequestGUTI/identityRequest####
Sequence 11 step 22: registrationRequestGUTI / identityRequest
Log executor: sending identityResponse.
Reading from ue
Log executor: received(raw) authenticationRequest from rrc.
####identityResponse/authenticationRequest####
Sequence 11 step 23: identityResponse / authenticationRequest
Log executor: sending deregistrationRequest.
Reading from ue
Timeout occured for deregistrationRequest
Sequence 11 step 24: deregistrationRequest / null_action
Log executor: sending registrationRequest.
Reading from ue
Log executor: received(raw) identityRequest from rrc.
####registrationRequestGUTI/identityRequest####
Sequence 11 step 25: registrationRequestGUTI / identityRequest
Log executor: sending identityResponse.
Reading from ue
Log executor: received(raw) authenticationRequest from rrc.
####identityResponse/authenticationRequest####
Sequence 11 step 26: identityResponse / authenticationRequest
Log executor: sending deregistrationRequest.
Reading from ue
Timeout occured for deregistrationRequest
Sequence 11 step 27: deregistrationRequest / null_action
Log executor: sending registrationRequest.
Reading from ue
Log executor: received(raw) identityRequest from rrc.
####registrationRequestGUTI/identityRequest####
Sequence 11 step 28: registrationRequestGUTI / identityRequest
Log executor: sending identityResponse.
Reading from ue
Log executor: received(raw) authenticationRequest from rrc.
####identityResponse/authenticationRequest####
Sequence 11 step 29: identityResponse / authenticationRequest
Log executor: sending deregistrationRequest.
Reading from ue
Timeout occured for deregistrationRequest
Sequence 11 step 30: deregistrationRequest / null_action
=== Sequence 11 done ===
Stopping nr-ue: 6546
nr-ue stopped.
Stopping nr-gnb: 6528
nr-gnb stopped.
Stopping Open5GS test-core: 6447
[core][ERROR] Open5GS launcher finished with status 134
Open5GS stopped and session log writes were flushed.
=== Sequence 12 start ===
Nodes: 
Inputs: registrationRequest authenticationResponse securityModeComplete registrationRequestGUTI authenticationResponse securityModeComplete registrationRequestGUTI authenticationResponse securityModeComplete registrationRequestGUTI authenticationResponse securityModeComplete registrationRequestGUTI authenticationResponse securityModeComplete registrationRequestGUTI authenticationResponse securityModeComplete registrationRequestGUTI authenticationResponse securityModeComplete registrationRequestGUTI authenticationResponse securityModeComplete registrationRequestGUTI authenticationResponse securityModeComplete registrationRequestGUTI authenticationResponse securityModeComplete registrationRequestGUTI
Wire inputs: registrationRequest authenticationResponse securityModeComplete registrationRequestGUTI authenticationResponse securityModeComplete registrationRequestGUTI authenticationResponse securityModeComplete registrationRequestGUTI authenticationResponse securityModeComplete registrationRequestGUTI authenticationResponse securityModeComplete registrationRequestGUTI authenticationResponse securityModeComplete registrationRequestGUTI authenticationResponse securityModeComplete registrationRequestGUTI authenticationResponse securityModeComplete registrationRequestGUTI authenticationResponse securityModeComplete registrationRequestGUTI authenticationResponse securityModeComplete registrationRequestGUTI
Selected UERANSIM profile: open5gs (UERANSIM-gnb-999-70-1)
Starting Core & gNodeB & UE
nr-gnb is not running.
nr-ue is not running.
No Open5GS test-core process is running from: /home/dzdysl/CoreCrisis/test_open5gs/open5gs
Open5GS stopped and session log writes were flushed.
RUNTIME_CONTRACT WARNING: Runtime file hash mismatch: scripts/start_core.sh expected=840ef0af6893870090daf095a53f3435122accb71b4f23b3e1575d92e6284658 actual=031fbab111baca97e1d910d8038ff4b07084fba888eafcce0d3173acc84f2d9c
Could not persist runtime warning: /home/dzdysl/CoreCrisis/test_open5gs/runs/20260804T034905Z-2b7f2823/raw/open5gs/core-session-022
[core][INFO] Launching Open5GS from: /home/dzdysl/CoreCrisis/test_open5gs/open5gs
[core][INFO] Configuration: /home/dzdysl/CoreCrisis/test_open5gs/core.properties
[core][INFO] Core log: /home/dzdysl/CoreCrisis/test_open5gs/runs/20260804T034905Z-2b7f2823/raw/open5gs/core-session-022/core.log
[core][ERROR] Open5GS launcher finished with status 134
Finished starting up Core & gNodeB
Connecting to ue..
Timeout occurred for UE(Done)
Stopping nr-gnb: 6751
nr-gnb stopped.
Stopping nr-ue: 6768
nr-ue stopped.
No Open5GS test-core process is running from: /home/dzdysl/CoreCrisis/test_open5gs/open5gs
Open5GS stopped and session log writes were flushed.
RUNTIME_CONTRACT WARNING: Runtime file hash mismatch: scripts/start_core.sh expected=840ef0af6893870090daf095a53f3435122accb71b4f23b3e1575d92e6284658 actual=031fbab111baca97e1d910d8038ff4b07084fba888eafcce0d3173acc84f2d9c
Could not persist runtime warning: /home/dzdysl/CoreCrisis/test_open5gs/runs/20260804T034905Z-2b7f2823/raw/open5gs/core-session-023
[core][INFO] Launching Open5GS from: /home/dzdysl/CoreCrisis/test_open5gs/open5gs
[core][INFO] Configuration: /home/dzdysl/CoreCrisis/test_open5gs/core.properties
[core][INFO] Core log: /home/dzdysl/CoreCrisis/test_open5gs/runs/20260804T034905Z-2b7f2823/raw/open5gs/core-session-023/core.log
Connecting to ue..
Received = DONE
Connected with UE.
Sent Hello.
Received = Hi
Connected to ue.
Done with initializing the connection with UE, gNodeB, and Core.
Log executor: sending registrationRequest.
Reading from ue
Log executor: received(raw) authenticationRequest from rrc.
####registrationRequest/authenticationRequest####
Sequence 12 step 1: registrationRequest / authenticationRequest
Log executor: sending authenticationResponse.
Reading from ue
Log executor: received(raw) securityModeCommand from rrc.
####authenticationResponse/securityModeCommand####
Sequence 12 step 2: authenticationResponse / securityModeCommand
Log executor: sending securityModeComplete.
Reading from ue
Log executor: received(raw) registrationAccept from rrc.
####securityModeComplete/registrationAccept####
Sequence 12 step 3: securityModeComplete / registrationAccept
Log executor: sending registrationRequest.
Reading from ue
Log executor: received(raw) authenticationRequest from rrc.
####registrationRequestGUTI/authenticationRequest####
Sequence 12 step 4: registrationRequestGUTI / authenticationRequest
Log executor: sending authenticationResponse.
Reading from ue
Log executor: received(raw) securityModeCommand from rrc.
####authenticationResponse/securityModeCommand####
Sequence 12 step 5: authenticationResponse / securityModeCommand
Log executor: sending securityModeComplete.
Reading from ue
Log executor: received(raw) registrationAccept from rrc.
####securityModeComplete/registrationAccept####
Sequence 12 step 6: securityModeComplete / registrationAccept
Log executor: sending registrationRequest.
Reading from ue
Log executor: received(raw) authenticationRequest from rrc.
####registrationRequestGUTI/authenticationRequest####
Sequence 12 step 7: registrationRequestGUTI / authenticationRequest
Log executor: sending authenticationResponse.
Reading from ue
Log executor: received(raw) securityModeCommand from rrc.
####authenticationResponse/securityModeCommand####
Sequence 12 step 8: authenticationResponse / securityModeCommand
Log executor: sending securityModeComplete.
Reading from ue
Log executor: received(raw) registrationAccept from rrc.
####securityModeComplete/registrationAccept####
Sequence 12 step 9: securityModeComplete / registrationAccept
Log executor: sending registrationRequest.
Reading from ue
Log executor: received(raw) authenticationRequest from rrc.
####registrationRequestGUTI/authenticationRequest####
Sequence 12 step 10: registrationRequestGUTI / authenticationRequest
Log executor: sending authenticationResponse.
Reading from ue
Log executor: received(raw) securityModeCommand from rrc.
####authenticationResponse/securityModeCommand####
Sequence 12 step 11: authenticationResponse / securityModeCommand
Log executor: sending securityModeComplete.
Reading from ue
Log executor: received(raw) registrationAccept from rrc.
####securityModeComplete/registrationAccept####
Sequence 12 step 12: securityModeComplete / registrationAccept
Log executor: sending registrationRequest.
Reading from ue
Log executor: received(raw) authenticationRequest from rrc.
####registrationRequestGUTI/authenticationRequest####
Sequence 12 step 13: registrationRequestGUTI / authenticationRequest
Log executor: sending authenticationResponse.
Reading from ue
Log executor: received(raw) securityModeCommand from rrc.
####authenticationResponse/securityModeCommand####
Sequence 12 step 14: authenticationResponse / securityModeCommand
Log executor: sending securityModeComplete.
Reading from ue
Log executor: received(raw) registrationAccept from rrc.
####securityModeComplete/registrationAccept####
Sequence 12 step 15: securityModeComplete / registrationAccept
Log executor: sending registrationRequest.
Reading from ue
Log executor: received(raw) authenticationRequest from rrc.
####registrationRequestGUTI/authenticationRequest####
Sequence 12 step 16: registrationRequestGUTI / authenticationRequest
Log executor: sending authenticationResponse.
Reading from ue
Log executor: received(raw) securityModeCommand from rrc.
####authenticationResponse/securityModeCommand####
Sequence 12 step 17: authenticationResponse / securityModeCommand
Log executor: sending securityModeComplete.
Reading from ue
Log executor: received(raw) registrationAccept from rrc.
####securityModeComplete/registrationAccept####
Sequence 12 step 18: securityModeComplete / registrationAccept
Log executor: sending registrationRequest.
Reading from ue
Log executor: received(raw) authenticationRequest from rrc.
####registrationRequestGUTI/authenticationRequest####
Sequence 12 step 19: registrationRequestGUTI / authenticationRequest
Log executor: sending authenticationResponse.
Reading from ue
Log executor: received(raw) securityModeCommand from rrc.
####authenticationResponse/securityModeCommand####
Sequence 12 step 20: authenticationResponse / securityModeCommand
Log executor: sending securityModeComplete.
Reading from ue
Log executor: received(raw) registrationAccept from rrc.
####securityModeComplete/registrationAccept####
Sequence 12 step 21: securityModeComplete / registrationAccept
Log executor: sending registrationRequest.
Reading from ue
Log executor: received(raw) authenticationRequest from rrc.
####registrationRequestGUTI/authenticationRequest####
Sequence 12 step 22: registrationRequestGUTI / authenticationRequest
Log executor: sending authenticationResponse.
Reading from ue
Log executor: received(raw) securityModeCommand from rrc.
####authenticationResponse/securityModeCommand####
Sequence 12 step 23: authenticationResponse / securityModeCommand
Log executor: sending securityModeComplete.
Reading from ue
Log executor: received(raw) registrationAccept from rrc.
####securityModeComplete/registrationAccept####
Sequence 12 step 24: securityModeComplete / registrationAccept
Log executor: sending registrationRequest.
Reading from ue
Log executor: received(raw) authenticationRequest from rrc.
####registrationRequestGUTI/authenticationRequest####
Sequence 12 step 25: registrationRequestGUTI / authenticationRequest
Log executor: sending authenticationResponse.
Reading from ue
Log executor: received(raw) securityModeCommand from rrc.
####authenticationResponse/securityModeCommand####
Sequence 12 step 26: authenticationResponse / securityModeCommand
Log executor: sending securityModeComplete.
Reading from ue
Log executor: received(raw) registrationAccept from rrc.
####securityModeComplete/registrationAccept####
Sequence 12 step 27: securityModeComplete / registrationAccept
Log executor: sending registrationRequest.
Reading from ue
Log executor: received(raw) authenticationRequest from rrc.
####registrationRequestGUTI/authenticationRequest####
Sequence 12 step 28: registrationRequestGUTI / authenticationRequest
Log executor: sending authenticationResponse.
Reading from ue
Log executor: received(raw) securityModeCommand from rrc.
####authenticationResponse/securityModeCommand####
Sequence 12 step 29: authenticationResponse / securityModeCommand
Log executor: sending securityModeComplete.
Reading from ue
Log executor: received(raw) registrationAccept from rrc.
####securityModeComplete/registrationAccept####
Sequence 12 step 30: securityModeComplete / registrationAccept
Log executor: sending registrationRequest.
Reading from ue
Log executor: received(raw) authenticationRequest from rrc.
####registrationRequestGUTI/authenticationRequest####
Sequence 12 step 31: registrationRequestGUTI / authenticationRequest
=== Sequence 12 done ===
Stopping nr-ue: 6948
nr-ue stopped.
Stopping nr-gnb: 6930
nr-gnb stopped.
Stopping Open5GS test-core: 6849
[core][ERROR] Open5GS launcher finished with status 134
Open5GS stopped and session log writes were flushed.
=== Sequence 13 start ===
Nodes: 
Inputs: registrationRequest authenticationResponse securityModeReject registrationRequest authenticationResponse securityModeReject registrationRequest authenticationResponse securityModeReject registrationRequest authenticationResponse securityModeReject registrationRequest authenticationResponse securityModeReject registrationRequest authenticationResponse securityModeReject registrationRequest authenticationResponse securityModeReject registrationRequest authenticationResponse securityModeReject registrationRequest authenticationResponse securityModeReject registrationRequest authenticationResponse securityModeReject registrationRequest authenticationResponse securityModeReject
Wire inputs: registrationRequest authenticationResponse securityModeReject registrationRequest authenticationResponse securityModeReject registrationRequest authenticationResponse securityModeReject registrationRequest authenticationResponse securityModeReject registrationRequest authenticationResponse securityModeReject registrationRequest authenticationResponse securityModeReject registrationRequest authenticationResponse securityModeReject registrationRequest authenticationResponse securityModeReject registrationRequest authenticationResponse securityModeReject registrationRequest authenticationResponse securityModeReject registrationRequest authenticationResponse securityModeReject
Selected UERANSIM profile: open5gs (UERANSIM-gnb-999-70-1)
Starting Core & gNodeB & UE
nr-gnb is not running.
nr-ue is not running.
No Open5GS test-core process is running from: /home/dzdysl/CoreCrisis/test_open5gs/open5gs
Open5GS stopped and session log writes were flushed.
RUNTIME_CONTRACT WARNING: Runtime file hash mismatch: scripts/start_core.sh expected=840ef0af6893870090daf095a53f3435122accb71b4f23b3e1575d92e6284658 actual=031fbab111baca97e1d910d8038ff4b07084fba888eafcce0d3173acc84f2d9c
Could not persist runtime warning: /home/dzdysl/CoreCrisis/test_open5gs/runs/20260804T034905Z-2b7f2823/raw/open5gs/core-session-024
[core][INFO] Launching Open5GS from: /home/dzdysl/CoreCrisis/test_open5gs/open5gs
[core][INFO] Configuration: /home/dzdysl/CoreCrisis/test_open5gs/core.properties
[core][INFO] Core log: /home/dzdysl/CoreCrisis/test_open5gs/runs/20260804T034905Z-2b7f2823/raw/open5gs/core-session-024/core.log
[core][ERROR] Open5GS launcher finished with status 134
Finished starting up Core & gNodeB
Connecting to ue..
Timeout occurred for UE(Done)
Stopping nr-gnb: 7154
nr-gnb stopped.
Stopping nr-ue: 7171
nr-ue stopped.
No Open5GS test-core process is running from: /home/dzdysl/CoreCrisis/test_open5gs/open5gs
Open5GS stopped and session log writes were flushed.
RUNTIME_CONTRACT WARNING: Runtime file hash mismatch: scripts/start_core.sh expected=840ef0af6893870090daf095a53f3435122accb71b4f23b3e1575d92e6284658 actual=031fbab111baca97e1d910d8038ff4b07084fba888eafcce0d3173acc84f2d9c
Could not persist runtime warning: /home/dzdysl/CoreCrisis/test_open5gs/runs/20260804T034905Z-2b7f2823/raw/open5gs/core-session-025
[core][INFO] Launching Open5GS from: /home/dzdysl/CoreCrisis/test_open5gs/open5gs
[core][INFO] Configuration: /home/dzdysl/CoreCrisis/test_open5gs/core.properties
[core][INFO] Core log: /home/dzdysl/CoreCrisis/test_open5gs/runs/20260804T034905Z-2b7f2823/raw/open5gs/core-session-025/core.log
Connecting to ue..
Received = DONE
Connected with UE.
Sent Hello.
Received = Hi
Connected to ue.
Done with initializing the connection with UE, gNodeB, and Core.
Log executor: sending registrationRequest.
Reading from ue
Log executor: received(raw) authenticationRequest from rrc.
####registrationRequest/authenticationRequest####
Sequence 13 step 1: registrationRequest / authenticationRequest
Log executor: sending authenticationResponse.
Reading from ue
Log executor: received(raw) securityModeCommand from rrc.
####authenticationResponse/securityModeCommand####
Sequence 13 step 2: authenticationResponse / securityModeCommand
Log executor: sending securityModeReject.
Reading from ue
Timeout occured for securityModeReject
Sequence 13 step 3: securityModeReject / null_action
Log executor: sending registrationRequest.
Reading from ue
Log executor: received(raw) authenticationRequest from rrc.
####registrationRequest/authenticationRequest####
Sequence 13 step 4: registrationRequest / authenticationRequest
Log executor: sending authenticationResponse.
Reading from ue
Log executor: received(raw) securityModeCommand from rrc.
####authenticationResponse/securityModeCommand####
Sequence 13 step 5: authenticationResponse / securityModeCommand
Log executor: sending securityModeReject.
Reading from ue
Timeout occured for securityModeReject
Sequence 13 step 6: securityModeReject / null_action
Log executor: sending registrationRequest.
Reading from ue
Log executor: received(raw) authenticationRequest from rrc.
####registrationRequest/authenticationRequest####
Sequence 13 step 7: registrationRequest / authenticationRequest
Log executor: sending authenticationResponse.
Reading from ue
Log executor: received(raw) securityModeCommand from rrc.
####authenticationResponse/securityModeCommand####
Sequence 13 step 8: authenticationResponse / securityModeCommand
Log executor: sending securityModeReject.
Reading from ue
Timeout occured for securityModeReject
Sequence 13 step 9: securityModeReject / null_action
Log executor: sending registrationRequest.
Reading from ue
Log executor: received(raw) authenticationRequest from rrc.
####registrationRequest/authenticationRequest####
Sequence 13 step 10: registrationRequest / authenticationRequest
Log executor: sending authenticationResponse.
Reading from ue
Log executor: received(raw) securityModeCommand from rrc.
####authenticationResponse/securityModeCommand####
Sequence 13 step 11: authenticationResponse / securityModeCommand
Log executor: sending securityModeReject.
Reading from ue
Timeout occured for securityModeReject
Sequence 13 step 12: securityModeReject / null_action
Log executor: sending registrationRequest.
Reading from ue
Log executor: received(raw) authenticationRequest from rrc.
####registrationRequest/authenticationRequest####
Sequence 13 step 13: registrationRequest / authenticationRequest
Log executor: sending authenticationResponse.
Reading from ue
Log executor: received(raw) securityModeCommand from rrc.
####authenticationResponse/securityModeCommand####
Sequence 13 step 14: authenticationResponse / securityModeCommand
Log executor: sending securityModeReject.
Reading from ue
Timeout occured for securityModeReject
Sequence 13 step 15: securityModeReject / null_action
Log executor: sending registrationRequest.
Reading from ue
Log executor: received(raw) authenticationRequest from rrc.
####registrationRequest/authenticationRequest####
Sequence 13 step 16: registrationRequest / authenticationRequest
Log executor: sending authenticationResponse.
Reading from ue
Log executor: received(raw) securityModeCommand from rrc.
####authenticationResponse/securityModeCommand####
Sequence 13 step 17: authenticationResponse / securityModeCommand
Log executor: sending securityModeReject.
Reading from ue
Timeout occured for securityModeReject
Sequence 13 step 18: securityModeReject / null_action
Log executor: sending registrationRequest.
Reading from ue
Log executor: received(raw) authenticationRequest from rrc.
####registrationRequest/authenticationRequest####
Sequence 13 step 19: registrationRequest / authenticationRequest
Log executor: sending authenticationResponse.
Reading from ue
Log executor: received(raw) securityModeCommand from rrc.
####authenticationResponse/securityModeCommand####
Sequence 13 step 20: authenticationResponse / securityModeCommand
Log executor: sending securityModeReject.
Reading from ue
Timeout occured for securityModeReject
Sequence 13 step 21: securityModeReject / null_action
Log executor: sending registrationRequest.
Reading from ue
Log executor: received(raw) authenticationRequest from rrc.
####registrationRequest/authenticationRequest####
Sequence 13 step 22: registrationRequest / authenticationRequest
Log executor: sending authenticationResponse.
Reading from ue
Log executor: received(raw) securityModeCommand from rrc.
####authenticationResponse/securityModeCommand####
Sequence 13 step 23: authenticationResponse / securityModeCommand
Log executor: sending securityModeReject.
Reading from ue
Timeout occured for securityModeReject
Sequence 13 step 24: securityModeReject / null_action
Log executor: sending registrationRequest.
Reading from ue
Log executor: received(raw) authenticationRequest from rrc.
####registrationRequest/authenticationRequest####
Sequence 13 step 25: registrationRequest / authenticationRequest
Log executor: sending authenticationResponse.
Reading from ue
Log executor: received(raw) securityModeCommand from rrc.
####authenticationResponse/securityModeCommand####
Sequence 13 step 26: authenticationResponse / securityModeCommand
Log executor: sending securityModeReject.
Reading from ue
Timeout occured for securityModeReject
Sequence 13 step 27: securityModeReject / null_action
Log executor: sending registrationRequest.
Reading from ue
Log executor: received(raw) authenticationRequest from rrc.
####registrationRequest/authenticationRequest####
Sequence 13 step 28: registrationRequest / authenticationRequest
Log executor: sending authenticationResponse.
Reading from ue
Log executor: received(raw) securityModeCommand from rrc.
####authenticationResponse/securityModeCommand####
Sequence 13 step 29: authenticationResponse / securityModeCommand
Log executor: sending securityModeReject.
Reading from ue
Timeout occured for securityModeReject
Sequence 13 step 30: securityModeReject / null_action
Log executor: sending registrationRequest.
Reading from ue
Log executor: received(raw) authenticationRequest from rrc.
####registrationRequest/authenticationRequest####
Sequence 13 step 31: registrationRequest / authenticationRequest
Log executor: sending authenticationResponse.
Reading from ue
Log executor: received(raw) securityModeCommand from rrc.
####authenticationResponse/securityModeCommand####
Sequence 13 step 32: authenticationResponse / securityModeCommand
Log executor: sending securityModeReject.
Reading from ue
Timeout occured for securityModeReject
Sequence 13 step 33: securityModeReject / null_action
=== Sequence 13 done ===
Stopping nr-ue: 7353
nr-ue stopped.
Stopping nr-gnb: 7335
nr-gnb stopped.
Stopping Open5GS test-core: 7254
[core][ERROR] Open5GS launcher finished with status 134
Open5GS stopped and session log writes were flushed.
=== Sequence 14 start ===
Nodes: 
Inputs: registrationRequest authenticationResponse securityModeComplete registrationComplete deregistrationRequest registrationRequest authenticationResponse deregistrationRequest registrationRequest authenticationResponse deregistrationRequest registrationRequest authenticationResponse deregistrationRequest registrationRequest authenticationResponse deregistrationRequest registrationRequest authenticationResponse deregistrationRequest registrationRequest authenticationResponse deregistrationRequest registrationRequest authenticationResponse deregistrationRequest registrationRequest authenticationResponse deregistrationRequest registrationRequest authenticationResponse deregistrationRequest registrationRequest authenticationResponse deregistrationRequest
Wire inputs: registrationRequest authenticationResponse securityModeComplete registrationComplete deregistrationRequest registrationRequest authenticationResponse deregistrationRequest registrationRequest authenticationResponse deregistrationRequest registrationRequest authenticationResponse deregistrationRequest registrationRequest authenticationResponse deregistrationRequest registrationRequest authenticationResponse deregistrationRequest registrationRequest authenticationResponse deregistrationRequest registrationRequest authenticationResponse deregistrationRequest registrationRequest authenticationResponse deregistrationRequest registrationRequest authenticationResponse deregistrationRequest registrationRequest authenticationResponse deregistrationRequest
Selected UERANSIM profile: open5gs (UERANSIM-gnb-999-70-1)
Starting Core & gNodeB & UE
nr-gnb is not running.
nr-ue is not running.
No Open5GS test-core process is running from: /home/dzdysl/CoreCrisis/test_open5gs/open5gs
Open5GS stopped and session log writes were flushed.
RUNTIME_CONTRACT WARNING: Runtime file hash mismatch: scripts/start_core.sh expected=840ef0af6893870090daf095a53f3435122accb71b4f23b3e1575d92e6284658 actual=031fbab111baca97e1d910d8038ff4b07084fba888eafcce0d3173acc84f2d9c
Could not persist runtime warning: /home/dzdysl/CoreCrisis/test_open5gs/runs/20260804T034905Z-2b7f2823/raw/open5gs/core-session-026
[core][INFO] Launching Open5GS from: /home/dzdysl/CoreCrisis/test_open5gs/open5gs
[core][INFO] Configuration: /home/dzdysl/CoreCrisis/test_open5gs/core.properties
[core][INFO] Core log: /home/dzdysl/CoreCrisis/test_open5gs/runs/20260804T034905Z-2b7f2823/raw/open5gs/core-session-026/core.log
[core][ERROR] Open5GS launcher finished with status 134
Finished starting up Core & gNodeB
Connecting to ue..
Timeout occurred for UE(Done)
Stopping nr-gnb: 7565
nr-gnb stopped.
Stopping nr-ue: 7582
nr-ue stopped.
No Open5GS test-core process is running from: /home/dzdysl/CoreCrisis/test_open5gs/open5gs
Open5GS stopped and session log writes were flushed.
RUNTIME_CONTRACT WARNING: Runtime file hash mismatch: scripts/start_core.sh expected=840ef0af6893870090daf095a53f3435122accb71b4f23b3e1575d92e6284658 actual=031fbab111baca97e1d910d8038ff4b07084fba888eafcce0d3173acc84f2d9c
Could not persist runtime warning: /home/dzdysl/CoreCrisis/test_open5gs/runs/20260804T034905Z-2b7f2823/raw/open5gs/core-session-027
[core][INFO] Launching Open5GS from: /home/dzdysl/CoreCrisis/test_open5gs/open5gs
[core][INFO] Configuration: /home/dzdysl/CoreCrisis/test_open5gs/core.properties
[core][INFO] Core log: /home/dzdysl/CoreCrisis/test_open5gs/runs/20260804T034905Z-2b7f2823/raw/open5gs/core-session-027/core.log
Connecting to ue..
Received = DONE
Connected with UE.
Sent Hello.
Received = Hi
Connected to ue.
Done with initializing the connection with UE, gNodeB, and Core.
Log executor: sending registrationRequest.
Reading from ue
Log executor: received(raw) authenticationRequest from rrc.
####registrationRequest/authenticationRequest####
Sequence 14 step 1: registrationRequest / authenticationRequest
Log executor: sending authenticationResponse.
Reading from ue
Log executor: received(raw) securityModeCommand from rrc.
####authenticationResponse/securityModeCommand####
Sequence 14 step 2: authenticationResponse / securityModeCommand
Log executor: sending securityModeComplete.
Reading from ue
Log executor: received(raw) registrationAccept from rrc.
####securityModeComplete/registrationAccept####
Sequence 14 step 3: securityModeComplete / registrationAccept
Log executor: sending registrationComplete.
Reading from ue
Log executor: received(raw) configurationUpdateCommand from rrc.
####registrationComplete/configurationUpdateCommand####
Sequence 14 step 4: registrationComplete / configurationUpdateCommand
Log executor: sending deregistrationRequest.
Reading from ue
Timeout occured for deregistrationRequest
Sequence 14 step 5: deregistrationRequest / null_action
Log executor: sending registrationRequest.
Reading from ue
Log executor: received(raw) authenticationRequest from rrc.
####registrationRequest/authenticationRequest####
Sequence 14 step 6: registrationRequest / authenticationRequest
Log executor: sending authenticationResponse.
Reading from ue
Log executor: received(raw) securityModeCommand from rrc.
####authenticationResponse/securityModeCommand####
Sequence 14 step 7: authenticationResponse / securityModeCommand
Log executor: sending deregistrationRequest.
Reading from ue
Timeout occured for deregistrationRequest
Sequence 14 step 8: deregistrationRequest / null_action
Log executor: sending registrationRequest.
Reading from ue
Log executor: received(raw) authenticationRequest from rrc.
####registrationRequest/authenticationRequest####
Sequence 14 step 9: registrationRequest / authenticationRequest
Log executor: sending authenticationResponse.
Reading from ue
Log executor: received(raw) securityModeCommand from rrc.
####authenticationResponse/securityModeCommand####
Sequence 14 step 10: authenticationResponse / securityModeCommand
Log executor: sending deregistrationRequest.
Reading from ue
Timeout occured for deregistrationRequest
Sequence 14 step 11: deregistrationRequest / null_action
Log executor: sending registrationRequest.
Reading from ue
Log executor: received(raw) authenticationRequest from rrc.
####registrationRequest/authenticationRequest####
Sequence 14 step 12: registrationRequest / authenticationRequest
Log executor: sending authenticationResponse.
Reading from ue
Log executor: received(raw) securityModeCommand from rrc.
####authenticationResponse/securityModeCommand####
Sequence 14 step 13: authenticationResponse / securityModeCommand
Log executor: sending deregistrationRequest.
Reading from ue
Timeout occured for deregistrationRequest
Sequence 14 step 14: deregistrationRequest / null_action
Log executor: sending registrationRequest.
Reading from ue
Log executor: received(raw) authenticationRequest from rrc.
####registrationRequest/authenticationRequest####
Sequence 14 step 15: registrationRequest / authenticationRequest
Log executor: sending authenticationResponse.
Reading from ue
Log executor: received(raw) securityModeCommand from rrc.
####authenticationResponse/securityModeCommand####
Sequence 14 step 16: authenticationResponse / securityModeCommand
Log executor: sending deregistrationRequest.
Reading from ue
Timeout occured for deregistrationRequest
Sequence 14 step 17: deregistrationRequest / null_action
Log executor: sending registrationRequest.
Reading from ue
Log executor: received(raw) authenticationRequest from rrc.
####registrationRequest/authenticationRequest####
Sequence 14 step 18: registrationRequest / authenticationRequest
Log executor: sending authenticationResponse.
Reading from ue
Log executor: received(raw) securityModeCommand from rrc.
####authenticationResponse/securityModeCommand####
Sequence 14 step 19: authenticationResponse / securityModeCommand
Log executor: sending deregistrationRequest.
Reading from ue
Timeout occured for deregistrationRequest
Sequence 14 step 20: deregistrationRequest / null_action
Log executor: sending registrationRequest.
Reading from ue
Log executor: received(raw) authenticationRequest from rrc.
####registrationRequest/authenticationRequest####
Sequence 14 step 21: registrationRequest / authenticationRequest
Log executor: sending authenticationResponse.
Reading from ue
Log executor: received(raw) securityModeCommand from rrc.
####authenticationResponse/securityModeCommand####
Sequence 14 step 22: authenticationResponse / securityModeCommand
Log executor: sending deregistrationRequest.
Reading from ue
Timeout occured for deregistrationRequest
Sequence 14 step 23: deregistrationRequest / null_action
Log executor: sending registrationRequest.
Reading from ue
Log executor: received(raw) authenticationRequest from rrc.
####registrationRequest/authenticationRequest####
Sequence 14 step 24: registrationRequest / authenticationRequest
Log executor: sending authenticationResponse.
Reading from ue
Log executor: received(raw) securityModeCommand from rrc.
####authenticationResponse/securityModeCommand####
Sequence 14 step 25: authenticationResponse / securityModeCommand
Log executor: sending deregistrationRequest.
Reading from ue
Timeout occured for deregistrationRequest
Sequence 14 step 26: deregistrationRequest / null_action
Log executor: sending registrationRequest.
Reading from ue
Log executor: received(raw) authenticationRequest from rrc.
####registrationRequest/authenticationRequest####
Sequence 14 step 27: registrationRequest / authenticationRequest
Log executor: sending authenticationResponse.
Reading from ue
Log executor: received(raw) securityModeCommand from rrc.
####authenticationResponse/securityModeCommand####
Sequence 14 step 28: authenticationResponse / securityModeCommand
Log executor: sending deregistrationRequest.
Reading from ue
Timeout occured for deregistrationRequest
Sequence 14 step 29: deregistrationRequest / null_action
Log executor: sending registrationRequest.
Reading from ue
Log executor: received(raw) authenticationRequest from rrc.
####registrationRequest/authenticationRequest####
Sequence 14 step 30: registrationRequest / authenticationRequest
Log executor: sending authenticationResponse.
Reading from ue
Log executor: received(raw) securityModeCommand from rrc.
####authenticationResponse/securityModeCommand####
Sequence 14 step 31: authenticationResponse / securityModeCommand
Log executor: sending deregistrationRequest.
Reading from ue
Timeout occured for deregistrationRequest
Sequence 14 step 32: deregistrationRequest / null_action
Log executor: sending registrationRequest.
Reading from ue
Log executor: received(raw) authenticationRequest from rrc.
####registrationRequest/authenticationRequest####
Sequence 14 step 33: registrationRequest / authenticationRequest
Log executor: sending authenticationResponse.
Reading from ue
Log executor: received(raw) securityModeCommand from rrc.
####authenticationResponse/securityModeCommand####
Sequence 14 step 34: authenticationResponse / securityModeCommand
Log executor: sending deregistrationRequest.
Reading from ue
Timeout occured for deregistrationRequest
Sequence 14 step 35: deregistrationRequest / null_action
=== Sequence 14 done ===
Stopping nr-ue: 7763
nr-ue stopped.
Stopping nr-gnb: 7745
nr-gnb stopped.
Stopping Open5GS test-core: 7664
[core][ERROR] Open5GS launcher finished with status 134
Open5GS stopped and session log writes were flushed.
=== Sequence 15 start ===
Nodes: 
Inputs: registrationRequest authenticationResponse securityModeComplete registrationComplete deregistrationRequest registrationRequestGUTI authenticationResponse deregistrationRequest registrationRequestGUTI authenticationResponse deregistrationRequest registrationRequestGUTI authenticationResponse deregistrationRequest registrationRequestGUTI authenticationResponse deregistrationRequest registrationRequestGUTI authenticationResponse deregistrationRequest registrationRequestGUTI authenticationResponse deregistrationRequest registrationRequestGUTI authenticationResponse deregistrationRequest registrationRequestGUTI authenticationResponse deregistrationRequest registrationRequestGUTI authenticationResponse deregistrationRequest registrationRequestGUTI authenticationResponse deregistrationRequest
Wire inputs: registrationRequest authenticationResponse securityModeComplete registrationComplete deregistrationRequest registrationRequestGUTI authenticationResponse deregistrationRequest registrationRequestGUTI authenticationResponse deregistrationRequest registrationRequestGUTI authenticationResponse deregistrationRequest registrationRequestGUTI authenticationResponse deregistrationRequest registrationRequestGUTI authenticationResponse deregistrationRequest registrationRequestGUTI authenticationResponse deregistrationRequest registrationRequestGUTI authenticationResponse deregistrationRequest registrationRequestGUTI authenticationResponse deregistrationRequest registrationRequestGUTI authenticationResponse deregistrationRequest registrationRequestGUTI authenticationResponse deregistrationRequest
Selected UERANSIM profile: open5gs (UERANSIM-gnb-999-70-1)
Starting Core & gNodeB & UE
nr-gnb is not running.
nr-ue is not running.
No Open5GS test-core process is running from: /home/dzdysl/CoreCrisis/test_open5gs/open5gs
Open5GS stopped and session log writes were flushed.
RUNTIME_CONTRACT WARNING: Runtime file hash mismatch: scripts/start_core.sh expected=840ef0af6893870090daf095a53f3435122accb71b4f23b3e1575d92e6284658 actual=031fbab111baca97e1d910d8038ff4b07084fba888eafcce0d3173acc84f2d9c
Could not persist runtime warning: /home/dzdysl/CoreCrisis/test_open5gs/runs/20260804T034905Z-2b7f2823/raw/open5gs/core-session-028
[core][INFO] Launching Open5GS from: /home/dzdysl/CoreCrisis/test_open5gs/open5gs
[core][INFO] Configuration: /home/dzdysl/CoreCrisis/test_open5gs/core.properties
[core][INFO] Core log: /home/dzdysl/CoreCrisis/test_open5gs/runs/20260804T034905Z-2b7f2823/raw/open5gs/core-session-028/core.log
[core][ERROR] Open5GS launcher finished with status 134
Finished starting up Core & gNodeB
Connecting to ue..
Timeout occurred for UE(Done)
Stopping nr-gnb: 7973
nr-gnb stopped.
Stopping nr-ue: 7990
nr-ue stopped.
No Open5GS test-core process is running from: /home/dzdysl/CoreCrisis/test_open5gs/open5gs
Open5GS stopped and session log writes were flushed.
RUNTIME_CONTRACT WARNING: Runtime file hash mismatch: scripts/start_core.sh expected=840ef0af6893870090daf095a53f3435122accb71b4f23b3e1575d92e6284658 actual=031fbab111baca97e1d910d8038ff4b07084fba888eafcce0d3173acc84f2d9c
Could not persist runtime warning: /home/dzdysl/CoreCrisis/test_open5gs/runs/20260804T034905Z-2b7f2823/raw/open5gs/core-session-029
[core][INFO] Launching Open5GS from: /home/dzdysl/CoreCrisis/test_open5gs/open5gs
[core][INFO] Configuration: /home/dzdysl/CoreCrisis/test_open5gs/core.properties
[core][INFO] Core log: /home/dzdysl/CoreCrisis/test_open5gs/runs/20260804T034905Z-2b7f2823/raw/open5gs/core-session-029/core.log
[core][ERROR] Open5GS launcher finished with status 134
Connecting to ue..
Timeout occurred for UE(Done)
Stopping nr-gnb: 8096
nr-gnb stopped.
Stopping nr-ue: 8113
nr-ue stopped.
No Open5GS test-core process is running from: /home/dzdysl/CoreCrisis/test_open5gs/open5gs
Open5GS stopped and session log writes were flushed.
RUNTIME_CONTRACT WARNING: Runtime file hash mismatch: scripts/start_core.sh expected=840ef0af6893870090daf095a53f3435122accb71b4f23b3e1575d92e6284658 actual=031fbab111baca97e1d910d8038ff4b07084fba888eafcce0d3173acc84f2d9c
Could not persist runtime warning: /home/dzdysl/CoreCrisis/test_open5gs/runs/20260804T034905Z-2b7f2823/raw/open5gs/core-session-030
[core][INFO] Launching Open5GS from: /home/dzdysl/CoreCrisis/test_open5gs/open5gs
[core][INFO] Configuration: /home/dzdysl/CoreCrisis/test_open5gs/core.properties
[core][INFO] Core log: /home/dzdysl/CoreCrisis/test_open5gs/runs/20260804T034905Z-2b7f2823/raw/open5gs/core-session-030/core.log
Connecting to ue..
Received = DONE
Connected with UE.
Sent Hello.
Received = Hi
Connected to ue.
Done with initializing the connection with UE, gNodeB, and Core.
Log executor: sending registrationRequest.
Reading from ue
Log executor: received(raw) authenticationRequest from rrc.
####registrationRequest/authenticationRequest####
Sequence 15 step 1: registrationRequest / authenticationRequest
Log executor: sending authenticationResponse.
Reading from ue
Log executor: received(raw) securityModeCommand from rrc.
####authenticationResponse/securityModeCommand####
Sequence 15 step 2: authenticationResponse / securityModeCommand
Log executor: sending securityModeComplete.
Reading from ue
Log executor: received(raw) registrationAccept from rrc.
####securityModeComplete/registrationAccept####
Sequence 15 step 3: securityModeComplete / registrationAccept
Log executor: sending registrationComplete.
Reading from ue
Log executor: received(raw) configurationUpdateCommand from rrc.
####registrationComplete/configurationUpdateCommand####
Sequence 15 step 4: registrationComplete / configurationUpdateCommand
Log executor: sending deregistrationRequest.
Reading from ue
Timeout occured for deregistrationRequest
Sequence 15 step 5: deregistrationRequest / null_action
Log executor: sending registrationRequest.
Reading from ue
Log executor: received(raw) authenticationRequest from rrc.
####registrationRequestGUTI/authenticationRequest####
Sequence 15 step 6: registrationRequestGUTI / authenticationRequest
Log executor: sending authenticationResponse.
Reading from ue
Log executor: received(raw) securityModeCommand from rrc.
####authenticationResponse/securityModeCommand####
Sequence 15 step 7: authenticationResponse / securityModeCommand
Log executor: sending deregistrationRequest.
Reading from ue
Timeout occured for deregistrationRequest
Sequence 15 step 8: deregistrationRequest / null_action
Log executor: sending registrationRequest.
Reading from ue
Log executor: received(raw) authenticationRequest from rrc.
####registrationRequestGUTI/authenticationRequest####
Sequence 15 step 9: registrationRequestGUTI / authenticationRequest
Log executor: sending authenticationResponse.
Reading from ue
Log executor: received(raw) securityModeCommand from rrc.
####authenticationResponse/securityModeCommand####
Sequence 15 step 10: authenticationResponse / securityModeCommand
Log executor: sending deregistrationRequest.
Reading from ue
Timeout occured for deregistrationRequest
Sequence 15 step 11: deregistrationRequest / null_action
Log executor: sending registrationRequest.
Reading from ue
Log executor: received(raw) authenticationRequest from rrc.
####registrationRequestGUTI/authenticationRequest####
Sequence 15 step 12: registrationRequestGUTI / authenticationRequest
Log executor: sending authenticationResponse.
Reading from ue
Log executor: received(raw) securityModeCommand from rrc.
####authenticationResponse/securityModeCommand####
Sequence 15 step 13: authenticationResponse / securityModeCommand
Log executor: sending deregistrationRequest.
Reading from ue
Timeout occured for deregistrationRequest
Sequence 15 step 14: deregistrationRequest / null_action
Log executor: sending registrationRequest.
Reading from ue
Log executor: received(raw) authenticationRequest from rrc.
####registrationRequestGUTI/authenticationRequest####
Sequence 15 step 15: registrationRequestGUTI / authenticationRequest
Log executor: sending authenticationResponse.
Reading from ue
Log executor: received(raw) securityModeCommand from rrc.
####authenticationResponse/securityModeCommand####
Sequence 15 step 16: authenticationResponse / securityModeCommand
Log executor: sending deregistrationRequest.
Reading from ue
Timeout occured for deregistrationRequest
Sequence 15 step 17: deregistrationRequest / null_action
Log executor: sending registrationRequest.
Reading from ue
Log executor: received(raw) authenticationRequest from rrc.
####registrationRequestGUTI/authenticationRequest####
Sequence 15 step 18: registrationRequestGUTI / authenticationRequest
Log executor: sending authenticationResponse.
Reading from ue
Log executor: received(raw) securityModeCommand from rrc.
####authenticationResponse/securityModeCommand####
Sequence 15 step 19: authenticationResponse / securityModeCommand
Log executor: sending deregistrationRequest.
Reading from ue
Timeout occured for deregistrationRequest
Sequence 15 step 20: deregistrationRequest / null_action
Log executor: sending registrationRequest.
Reading from ue
Log executor: received(raw) authenticationRequest from rrc.
####registrationRequestGUTI/authenticationRequest####
Sequence 15 step 21: registrationRequestGUTI / authenticationRequest
Log executor: sending authenticationResponse.
Reading from ue
Log executor: received(raw) securityModeCommand from rrc.
####authenticationResponse/securityModeCommand####
Sequence 15 step 22: authenticationResponse / securityModeCommand
Log executor: sending deregistrationRequest.
Reading from ue
Timeout occured for deregistrationRequest
Sequence 15 step 23: deregistrationRequest / null_action
Log executor: sending registrationRequest.
Reading from ue
Log executor: received(raw) authenticationRequest from rrc.
####registrationRequestGUTI/authenticationRequest####
Sequence 15 step 24: registrationRequestGUTI / authenticationRequest
Log executor: sending authenticationResponse.
Reading from ue
Log executor: received(raw) securityModeCommand from rrc.
####authenticationResponse/securityModeCommand####
Sequence 15 step 25: authenticationResponse / securityModeCommand
Log executor: sending deregistrationRequest.
Reading from ue
Timeout occured for deregistrationRequest
Sequence 15 step 26: deregistrationRequest / null_action
Log executor: sending registrationRequest.
Reading from ue
Log executor: received(raw) authenticationRequest from rrc.
####registrationRequestGUTI/authenticationRequest####
Sequence 15 step 27: registrationRequestGUTI / authenticationRequest
Log executor: sending authenticationResponse.
Reading from ue
Log executor: received(raw) securityModeCommand from rrc.
####authenticationResponse/securityModeCommand####
Sequence 15 step 28: authenticationResponse / securityModeCommand
Log executor: sending deregistrationRequest.
Reading from ue
Timeout occured for deregistrationRequest
Sequence 15 step 29: deregistrationRequest / null_action
Log executor: sending registrationRequest.
Reading from ue
Log executor: received(raw) authenticationRequest from rrc.
####registrationRequestGUTI/authenticationRequest####
Sequence 15 step 30: registrationRequestGUTI / authenticationRequest
Log executor: sending authenticationResponse.
Reading from ue
Log executor: received(raw) securityModeCommand from rrc.
####authenticationResponse/securityModeCommand####
Sequence 15 step 31: authenticationResponse / securityModeCommand
Log executor: sending deregistrationRequest.
Reading from ue
Timeout occured for deregistrationRequest
Sequence 15 step 32: deregistrationRequest / null_action
Log executor: sending registrationRequest.
Reading from ue
Log executor: received(raw) authenticationRequest from rrc.
####registrationRequestGUTI/authenticationRequest####
Sequence 15 step 33: registrationRequestGUTI / authenticationRequest
Log executor: sending authenticationResponse.
Reading from ue
Log executor: received(raw) securityModeCommand from rrc.
####authenticationResponse/securityModeCommand####
Sequence 15 step 34: authenticationResponse / securityModeCommand
Log executor: sending deregistrationRequest.
Reading from ue
Timeout occured for deregistrationRequest
Sequence 15 step 35: deregistrationRequest / null_action
=== Sequence 15 done ===
Stopping nr-ue: 8291
nr-ue stopped.
Stopping nr-gnb: 8273
nr-gnb stopped.
Stopping Open5GS test-core: 8192
[core][ERROR] Open5GS launcher finished with status 134
Open5GS stopped and session log writes were flushed.
=== Sequence 16 start ===
Nodes: 
Inputs: registrationRequest authenticationResponse securityModeReject registrationRequest registrationRequest authenticationResponse securityModeReject registrationRequest registrationRequest authenticationResponse securityModeReject registrationRequest registrationRequest authenticationResponse securityModeReject registrationRequest registrationRequest authenticationResponse securityModeReject registrationRequest registrationRequest authenticationResponse securityModeReject registrationRequest registrationRequest authenticationResponse securityModeReject registrationRequest registrationRequest authenticationResponse securityModeReject registrationRequest registrationRequest authenticationResponse securityModeReject registrationRequest registrationRequest authenticationResponse securityModeReject registrationRequest registrationRequest
Wire inputs: registrationRequest authenticationResponse securityModeReject registrationRequest registrationRequest authenticationResponse securityModeReject registrationRequest registrationRequest authenticationResponse securityModeReject registrationRequest registrationRequest authenticationResponse securityModeReject registrationRequest registrationRequest authenticationResponse securityModeReject registrationRequest registrationRequest authenticationResponse securityModeReject registrationRequest registrationRequest authenticationResponse securityModeReject registrationRequest registrationRequest authenticationResponse securityModeReject registrationRequest registrationRequest authenticationResponse securityModeReject registrationRequest registrationRequest authenticationResponse securityModeReject registrationRequest registrationRequest
Selected UERANSIM profile: open5gs (UERANSIM-gnb-999-70-1)
Starting Core & gNodeB & UE
nr-gnb is not running.
nr-ue is not running.
No Open5GS test-core process is running from: /home/dzdysl/CoreCrisis/test_open5gs/open5gs
Open5GS stopped and session log writes were flushed.
RUNTIME_CONTRACT WARNING: Runtime file hash mismatch: scripts/start_core.sh expected=840ef0af6893870090daf095a53f3435122accb71b4f23b3e1575d92e6284658 actual=031fbab111baca97e1d910d8038ff4b07084fba888eafcce0d3173acc84f2d9c
Could not persist runtime warning: /home/dzdysl/CoreCrisis/test_open5gs/runs/20260804T034905Z-2b7f2823/raw/open5gs/core-session-031
[core][INFO] Launching Open5GS from: /home/dzdysl/CoreCrisis/test_open5gs/open5gs
[core][INFO] Configuration: /home/dzdysl/CoreCrisis/test_open5gs/core.properties
[core][INFO] Core log: /home/dzdysl/CoreCrisis/test_open5gs/runs/20260804T034905Z-2b7f2823/raw/open5gs/core-session-031/core.log
[core][ERROR] Open5GS launcher finished with status 134
Finished starting up Core & gNodeB
Connecting to ue..
Timeout occurred for UE(Done)
Stopping nr-gnb: 8503
nr-gnb stopped.
Stopping nr-ue: 8520
nr-ue stopped.
No Open5GS test-core process is running from: /home/dzdysl/CoreCrisis/test_open5gs/open5gs
Open5GS stopped and session log writes were flushed.
RUNTIME_CONTRACT WARNING: Runtime file hash mismatch: scripts/start_core.sh expected=840ef0af6893870090daf095a53f3435122accb71b4f23b3e1575d92e6284658 actual=031fbab111baca97e1d910d8038ff4b07084fba888eafcce0d3173acc84f2d9c
Could not persist runtime warning: /home/dzdysl/CoreCrisis/test_open5gs/runs/20260804T034905Z-2b7f2823/raw/open5gs/core-session-032
[core][INFO] Launching Open5GS from: /home/dzdysl/CoreCrisis/test_open5gs/open5gs
[core][INFO] Configuration: /home/dzdysl/CoreCrisis/test_open5gs/core.properties
[core][INFO] Core log: /home/dzdysl/CoreCrisis/test_open5gs/runs/20260804T034905Z-2b7f2823/raw/open5gs/core-session-032/core.log
[core][ERROR] Open5GS launcher finished with status 134
Connecting to ue..
Timeout occurred for UE(Done)
Stopping nr-gnb: 8626
nr-gnb stopped.
Stopping nr-ue: 8643
nr-ue stopped.
No Open5GS test-core process is running from: /home/dzdysl/CoreCrisis/test_open5gs/open5gs
Open5GS stopped and session log writes were flushed.
RUNTIME_CONTRACT WARNING: Runtime file hash mismatch: scripts/start_core.sh expected=840ef0af6893870090daf095a53f3435122accb71b4f23b3e1575d92e6284658 actual=031fbab111baca97e1d910d8038ff4b07084fba888eafcce0d3173acc84f2d9c
Could not persist runtime warning: /home/dzdysl/CoreCrisis/test_open5gs/runs/20260804T034905Z-2b7f2823/raw/open5gs/core-session-033
[core][INFO] Launching Open5GS from: /home/dzdysl/CoreCrisis/test_open5gs/open5gs
[core][INFO] Configuration: /home/dzdysl/CoreCrisis/test_open5gs/core.properties
[core][INFO] Core log: /home/dzdysl/CoreCrisis/test_open5gs/runs/20260804T034905Z-2b7f2823/raw/open5gs/core-session-033/core.log
Connecting to ue..
Received = DONE
Connected with UE.
Sent Hello.
Received = Hi
Connected to ue.
Done with initializing the connection with UE, gNodeB, and Core.
Log executor: sending registrationRequest.
Reading from ue
Log executor: received(raw) authenticationRequest from rrc.
####registrationRequest/authenticationRequest####
Sequence 16 step 1: registrationRequest / authenticationRequest
Log executor: sending authenticationResponse.
Reading from ue
Log executor: received(raw) securityModeCommand from rrc.
####authenticationResponse/securityModeCommand####
Sequence 16 step 2: authenticationResponse / securityModeCommand
Log executor: sending securityModeReject.
Reading from ue
Timeout occured for securityModeReject
Sequence 16 step 3: securityModeReject / null_action
Log executor: sending registrationRequest.
Reading from ue
Log executor: received(raw) authenticationRequest from rrc.
####registrationRequest/authenticationRequest####
Sequence 16 step 4: registrationRequest / authenticationRequest
Log executor: sending registrationRequest.
Reading from ue
Log executor: received(raw) authenticationRequest from rrc.
####registrationRequest/authenticationRequest####
Sequence 16 step 5: registrationRequest / authenticationRequest
Log executor: sending authenticationResponse.
Reading from ue
Log executor: received(raw) securityModeCommand from rrc.
####authenticationResponse/securityModeCommand####
Sequence 16 step 6: authenticationResponse / securityModeCommand
Log executor: sending securityModeReject.
Reading from ue
Timeout occured for securityModeReject
Sequence 16 step 7: securityModeReject / null_action
Log executor: sending registrationRequest.
Reading from ue
Log executor: received(raw) authenticationRequest from rrc.
####registrationRequest/authenticationRequest####
Sequence 16 step 8: registrationRequest / authenticationRequest
Log executor: sending registrationRequest.
Reading from ue
Log executor: received(raw) authenticationRequest from rrc.
####registrationRequest/authenticationRequest####
Sequence 16 step 9: registrationRequest / authenticationRequest
Log executor: sending authenticationResponse.
Reading from ue
Log executor: received(raw) securityModeCommand from rrc.
####authenticationResponse/securityModeCommand####
Sequence 16 step 10: authenticationResponse / securityModeCommand
Log executor: sending securityModeReject.
Reading from ue
Timeout occured for securityModeReject
Sequence 16 step 11: securityModeReject / null_action
Log executor: sending registrationRequest.
Reading from ue
Log executor: received(raw) authenticationRequest from rrc.
####registrationRequest/authenticationRequest####
Sequence 16 step 12: registrationRequest / authenticationRequest
Log executor: sending registrationRequest.
Reading from ue
Log executor: received(raw) authenticationRequest from rrc.
####registrationRequest/authenticationRequest####
Sequence 16 step 13: registrationRequest / authenticationRequest
Log executor: sending authenticationResponse.
Reading from ue
Log executor: received(raw) securityModeCommand from rrc.
####authenticationResponse/securityModeCommand####
Sequence 16 step 14: authenticationResponse / securityModeCommand
Log executor: sending securityModeReject.
Reading from ue
Timeout occured for securityModeReject
Sequence 16 step 15: securityModeReject / null_action
Log executor: sending registrationRequest.
Reading from ue
Log executor: received(raw) authenticationRequest from rrc.
####registrationRequest/authenticationRequest####
Sequence 16 step 16: registrationRequest / authenticationRequest
Log executor: sending registrationRequest.
Reading from ue
Log executor: received(raw) authenticationRequest from rrc.
####registrationRequest/authenticationRequest####
Sequence 16 step 17: registrationRequest / authenticationRequest
Log executor: sending authenticationResponse.
Reading from ue
Log executor: received(raw) securityModeCommand from rrc.
####authenticationResponse/securityModeCommand####
Sequence 16 step 18: authenticationResponse / securityModeCommand
Log executor: sending securityModeReject.
Reading from ue
Timeout occured for securityModeReject
Sequence 16 step 19: securityModeReject / null_action
Log executor: sending registrationRequest.
Reading from ue
Log executor: received(raw) authenticationRequest from rrc.
####registrationRequest/authenticationRequest####
Sequence 16 step 20: registrationRequest / authenticationRequest
Log executor: sending registrationRequest.
Reading from ue
Log executor: received(raw) authenticationRequest from rrc.
####registrationRequest/authenticationRequest####
Sequence 16 step 21: registrationRequest / authenticationRequest
Log executor: sending authenticationResponse.
Reading from ue
Log executor: received(raw) securityModeCommand from rrc.
####authenticationResponse/securityModeCommand####
Sequence 16 step 22: authenticationResponse / securityModeCommand
Log executor: sending securityModeReject.
Reading from ue
Timeout occured for securityModeReject
Sequence 16 step 23: securityModeReject / null_action
Log executor: sending registrationRequest.
Reading from ue
Log executor: received(raw) authenticationRequest from rrc.
####registrationRequest/authenticationRequest####
Sequence 16 step 24: registrationRequest / authenticationRequest
Log executor: sending registrationRequest.
Reading from ue
Log executor: received(raw) authenticationRequest from rrc.
####registrationRequest/authenticationRequest####
Sequence 16 step 25: registrationRequest / authenticationRequest
Log executor: sending authenticationResponse.
Reading from ue
Log executor: received(raw) securityModeCommand from rrc.
####authenticationResponse/securityModeCommand####
Sequence 16 step 26: authenticationResponse / securityModeCommand
Log executor: sending securityModeReject.
Reading from ue
Timeout occured for securityModeReject
Sequence 16 step 27: securityModeReject / null_action
Log executor: sending registrationRequest.
Reading from ue
Log executor: received(raw) authenticationRequest from rrc.
####registrationRequest/authenticationRequest####
Sequence 16 step 28: registrationRequest / authenticationRequest
Log executor: sending registrationRequest.
Reading from ue
Log executor: received(raw) authenticationRequest from rrc.
####registrationRequest/authenticationRequest####
Sequence 16 step 29: registrationRequest / authenticationRequest
Log executor: sending authenticationResponse.
Reading from ue
Log executor: received(raw) securityModeCommand from rrc.
####authenticationResponse/securityModeCommand####
Sequence 16 step 30: authenticationResponse / securityModeCommand
Log executor: sending securityModeReject.
Reading from ue
Timeout occured for securityModeReject
Sequence 16 step 31: securityModeReject / null_action
Log executor: sending registrationRequest.
Reading from ue
Log executor: received(raw) authenticationRequest from rrc.
####registrationRequest/authenticationRequest####
Sequence 16 step 32: registrationRequest / authenticationRequest
Log executor: sending registrationRequest.
Reading from ue
Log executor: received(raw) authenticationRequest from rrc.
####registrationRequest/authenticationRequest####
Sequence 16 step 33: registrationRequest / authenticationRequest
Log executor: sending authenticationResponse.
Reading from ue
Log executor: received(raw) securityModeCommand from rrc.
####authenticationResponse/securityModeCommand####
Sequence 16 step 34: authenticationResponse / securityModeCommand
Log executor: sending securityModeReject.
Reading from ue
Timeout occured for securityModeReject
Sequence 16 step 35: securityModeReject / null_action
Log executor: sending registrationRequest.
Reading from ue
Log executor: received(raw) authenticationRequest from rrc.
####registrationRequest/authenticationRequest####
Sequence 16 step 36: registrationRequest / authenticationRequest
Log executor: sending registrationRequest.
Reading from ue
Log executor: received(raw) authenticationRequest from rrc.
####registrationRequest/authenticationRequest####
Sequence 16 step 37: registrationRequest / authenticationRequest
Log executor: sending authenticationResponse.
Reading from ue
Log executor: received(raw) securityModeCommand from rrc.
####authenticationResponse/securityModeCommand####
Sequence 16 step 38: authenticationResponse / securityModeCommand
Log executor: sending securityModeReject.
Reading from ue
Timeout occured for securityModeReject
Sequence 16 step 39: securityModeReject / null_action
Log executor: sending registrationRequest.
Reading from ue
Log executor: received(raw) authenticationRequest from rrc.
####registrationRequest/authenticationRequest####
Sequence 16 step 40: registrationRequest / authenticationRequest
Log executor: sending registrationRequest.
Reading from ue
Log executor: received(raw) authenticationRequest from rrc.
####registrationRequest/authenticationRequest####
Sequence 16 step 41: registrationRequest / authenticationRequest
=== Sequence 16 done ===
Stopping nr-ue: 8821
nr-ue stopped.
Stopping nr-gnb: 8803
nr-gnb stopped.
Stopping Open5GS test-core: 8722
[core][ERROR] Open5GS launcher finished with status 134
Open5GS stopped and session log writes were flushed.
=== Sequence 17 start ===
Nodes: 
Inputs: registrationRequest authenticationResponse securityModeReject registrationRequest registrationRequestGUTI authenticationResponse securityModeReject registrationRequest registrationRequestGUTI authenticationResponse securityModeReject registrationRequest registrationRequestGUTI authenticationResponse securityModeReject registrationRequest registrationRequestGUTI authenticationResponse securityModeReject registrationRequest registrationRequestGUTI authenticationResponse securityModeReject registrationRequest registrationRequestGUTI authenticationResponse securityModeReject registrationRequest registrationRequestGUTI authenticationResponse securityModeReject registrationRequest registrationRequestGUTI authenticationResponse securityModeReject registrationRequest registrationRequestGUTI authenticationResponse securityModeReject registrationRequest registrationRequestGUTI
Wire inputs: registrationRequest authenticationResponse securityModeReject registrationRequest registrationRequestGUTI authenticationResponse securityModeReject registrationRequest registrationRequestGUTI authenticationResponse securityModeReject registrationRequest registrationRequestGUTI authenticationResponse securityModeReject registrationRequest registrationRequestGUTI authenticationResponse securityModeReject registrationRequest registrationRequestGUTI authenticationResponse securityModeReject registrationRequest registrationRequestGUTI authenticationResponse securityModeReject registrationRequest registrationRequestGUTI authenticationResponse securityModeReject registrationRequest registrationRequestGUTI authenticationResponse securityModeReject registrationRequest registrationRequestGUTI authenticationResponse securityModeReject registrationRequest registrationRequestGUTI
Selected UERANSIM profile: open5gs (UERANSIM-gnb-999-70-1)
Starting Core & gNodeB & UE
nr-gnb is not running.
nr-ue is not running.
No Open5GS test-core process is running from: /home/dzdysl/CoreCrisis/test_open5gs/open5gs
Open5GS stopped and session log writes were flushed.
RUNTIME_CONTRACT WARNING: Runtime file hash mismatch: scripts/start_core.sh expected=840ef0af6893870090daf095a53f3435122accb71b4f23b3e1575d92e6284658 actual=031fbab111baca97e1d910d8038ff4b07084fba888eafcce0d3173acc84f2d9c
Could not persist runtime warning: /home/dzdysl/CoreCrisis/test_open5gs/runs/20260804T034905Z-2b7f2823/raw/open5gs/core-session-034
[core][INFO] Launching Open5GS from: /home/dzdysl/CoreCrisis/test_open5gs/open5gs
[core][INFO] Configuration: /home/dzdysl/CoreCrisis/test_open5gs/core.properties
[core][INFO] Core log: /home/dzdysl/CoreCrisis/test_open5gs/runs/20260804T034905Z-2b7f2823/raw/open5gs/core-session-034/core.log
[core][ERROR] Open5GS launcher finished with status 134
Finished starting up Core & gNodeB
Connecting to ue..
Timeout occurred for UE(Done)
Stopping nr-gnb: 9046
nr-gnb stopped.
Stopping nr-ue: 9063
nr-ue stopped.
No Open5GS test-core process is running from: /home/dzdysl/CoreCrisis/test_open5gs/open5gs
Open5GS stopped and session log writes were flushed.
RUNTIME_CONTRACT WARNING: Runtime file hash mismatch: scripts/start_core.sh expected=840ef0af6893870090daf095a53f3435122accb71b4f23b3e1575d92e6284658 actual=031fbab111baca97e1d910d8038ff4b07084fba888eafcce0d3173acc84f2d9c
Could not persist runtime warning: /home/dzdysl/CoreCrisis/test_open5gs/runs/20260804T034905Z-2b7f2823/raw/open5gs/core-session-035
[core][INFO] Launching Open5GS from: /home/dzdysl/CoreCrisis/test_open5gs/open5gs
[core][INFO] Configuration: /home/dzdysl/CoreCrisis/test_open5gs/core.properties
[core][INFO] Core log: /home/dzdysl/CoreCrisis/test_open5gs/runs/20260804T034905Z-2b7f2823/raw/open5gs/core-session-035/core.log
[core][ERROR] Open5GS launcher finished with status 134
Connecting to ue..
Timeout occurred for UE(Done)
Stopping nr-gnb: 9170
nr-gnb stopped.
Stopping nr-ue: 9187
nr-ue stopped.
No Open5GS test-core process is running from: /home/dzdysl/CoreCrisis/test_open5gs/open5gs
Open5GS stopped and session log writes were flushed.
RUNTIME_CONTRACT WARNING: Runtime file hash mismatch: scripts/start_core.sh expected=840ef0af6893870090daf095a53f3435122accb71b4f23b3e1575d92e6284658 actual=031fbab111baca97e1d910d8038ff4b07084fba888eafcce0d3173acc84f2d9c
Could not persist runtime warning: /home/dzdysl/CoreCrisis/test_open5gs/runs/20260804T034905Z-2b7f2823/raw/open5gs/core-session-036
[core][INFO] Launching Open5GS from: /home/dzdysl/CoreCrisis/test_open5gs/open5gs
[core][INFO] Configuration: /home/dzdysl/CoreCrisis/test_open5gs/core.properties
[core][INFO] Core log: /home/dzdysl/CoreCrisis/test_open5gs/runs/20260804T034905Z-2b7f2823/raw/open5gs/core-session-036/core.log
Connecting to ue..
Received = DONE
Connected with UE.
Sent Hello.
Received = Hi
Connected to ue.
Done with initializing the connection with UE, gNodeB, and Core.
Log executor: sending registrationRequest.
Reading from ue
Log executor: received(raw) authenticationRequest from rrc.
####registrationRequest/authenticationRequest####
Sequence 17 step 1: registrationRequest / authenticationRequest
Log executor: sending authenticationResponse.
Reading from ue
Log executor: received(raw) securityModeCommand from rrc.
####authenticationResponse/securityModeCommand####
Sequence 17 step 2: authenticationResponse / securityModeCommand
Log executor: sending securityModeReject.
Reading from ue
Timeout occured for securityModeReject
Sequence 17 step 3: securityModeReject / null_action
Log executor: sending registrationRequest.
Reading from ue
Log executor: received(raw) authenticationRequest from rrc.
####registrationRequest/authenticationRequest####
Sequence 17 step 4: registrationRequest / authenticationRequest
Log executor: sending registrationRequest.
Reading from ue
Log executor: received(raw) authenticationRequest from rrc.
####registrationRequestGUTI/authenticationRequest####
Sequence 17 step 5: registrationRequestGUTI / authenticationRequest
Log executor: sending authenticationResponse.
Reading from ue
Log executor: received(raw) securityModeCommand from rrc.
####authenticationResponse/securityModeCommand####
Sequence 17 step 6: authenticationResponse / securityModeCommand
Log executor: sending securityModeReject.
Reading from ue
Timeout occured for securityModeReject
Sequence 17 step 7: securityModeReject / null_action
Log executor: sending registrationRequest.
Reading from ue
Log executor: received(raw) authenticationRequest from rrc.
####registrationRequest/authenticationRequest####
Sequence 17 step 8: registrationRequest / authenticationRequest
Log executor: sending registrationRequest.
Reading from ue
Log executor: received(raw) authenticationRequest from rrc.
####registrationRequestGUTI/authenticationRequest####
Sequence 17 step 9: registrationRequestGUTI / authenticationRequest
Log executor: sending authenticationResponse.
Reading from ue
Log executor: received(raw) securityModeCommand from rrc.
####authenticationResponse/securityModeCommand####
Sequence 17 step 10: authenticationResponse / securityModeCommand
Log executor: sending securityModeReject.
Reading from ue
Timeout occured for securityModeReject
Sequence 17 step 11: securityModeReject / null_action
Log executor: sending registrationRequest.
Reading from ue
Log executor: received(raw) authenticationRequest from rrc.
####registrationRequest/authenticationRequest####
Sequence 17 step 12: registrationRequest / authenticationRequest
Log executor: sending registrationRequest.
Reading from ue
Log executor: received(raw) authenticationRequest from rrc.
####registrationRequestGUTI/authenticationRequest####
Sequence 17 step 13: registrationRequestGUTI / authenticationRequest
Log executor: sending authenticationResponse.
Reading from ue
Log executor: received(raw) securityModeCommand from rrc.
####authenticationResponse/securityModeCommand####
Sequence 17 step 14: authenticationResponse / securityModeCommand
Log executor: sending securityModeReject.
Reading from ue
Timeout occured for securityModeReject
Sequence 17 step 15: securityModeReject / null_action
Log executor: sending registrationRequest.
Reading from ue
Log executor: received(raw) authenticationRequest from rrc.
####registrationRequest/authenticationRequest####
Sequence 17 step 16: registrationRequest / authenticationRequest
Log executor: sending registrationRequest.
Reading from ue
Log executor: received(raw) authenticationRequest from rrc.
####registrationRequestGUTI/authenticationRequest####
Sequence 17 step 17: registrationRequestGUTI / authenticationRequest
Log executor: sending authenticationResponse.
Reading from ue
Log executor: received(raw) securityModeCommand from rrc.
####authenticationResponse/securityModeCommand####
Sequence 17 step 18: authenticationResponse / securityModeCommand
Log executor: sending securityModeReject.
Reading from ue
Timeout occured for securityModeReject
Sequence 17 step 19: securityModeReject / null_action
Log executor: sending registrationRequest.
Reading from ue
Log executor: received(raw) authenticationRequest from rrc.
####registrationRequest/authenticationRequest####
Sequence 17 step 20: registrationRequest / authenticationRequest
Log executor: sending registrationRequest.
Reading from ue
Log executor: received(raw) authenticationRequest from rrc.
####registrationRequestGUTI/authenticationRequest####
Sequence 17 step 21: registrationRequestGUTI / authenticationRequest
Log executor: sending authenticationResponse.
Reading from ue
Log executor: received(raw) securityModeCommand from rrc.
####authenticationResponse/securityModeCommand####
Sequence 17 step 22: authenticationResponse / securityModeCommand
Log executor: sending securityModeReject.
Reading from ue
Timeout occured for securityModeReject
Sequence 17 step 23: securityModeReject / null_action
Log executor: sending registrationRequest.
Reading from ue
Log executor: received(raw) authenticationRequest from rrc.
####registrationRequest/authenticationRequest####
Sequence 17 step 24: registrationRequest / authenticationRequest
Log executor: sending registrationRequest.
Reading from ue
Log executor: received(raw) authenticationRequest from rrc.
####registrationRequestGUTI/authenticationRequest####
Sequence 17 step 25: registrationRequestGUTI / authenticationRequest
Log executor: sending authenticationResponse.
Reading from ue
Log executor: received(raw) securityModeCommand from rrc.
####authenticationResponse/securityModeCommand####
Sequence 17 step 26: authenticationResponse / securityModeCommand
Log executor: sending securityModeReject.
Reading from ue
Timeout occured for securityModeReject
Sequence 17 step 27: securityModeReject / null_action
Log executor: sending registrationRequest.
Reading from ue
Log executor: received(raw) authenticationRequest from rrc.
####registrationRequest/authenticationRequest####
Sequence 17 step 28: registrationRequest / authenticationRequest
Log executor: sending registrationRequest.
Reading from ue
Log executor: received(raw) authenticationRequest from rrc.
####registrationRequestGUTI/authenticationRequest####
Sequence 17 step 29: registrationRequestGUTI / authenticationRequest
Log executor: sending authenticationResponse.
Reading from ue
Log executor: received(raw) securityModeCommand from rrc.
####authenticationResponse/securityModeCommand####
Sequence 17 step 30: authenticationResponse / securityModeCommand
Log executor: sending securityModeReject.
Reading from ue
Timeout occured for securityModeReject
Sequence 17 step 31: securityModeReject / null_action
Log executor: sending registrationRequest.
Reading from ue
Log executor: received(raw) authenticationRequest from rrc.
####registrationRequest/authenticationRequest####
Sequence 17 step 32: registrationRequest / authenticationRequest
Log executor: sending registrationRequest.
Reading from ue
Log executor: received(raw) authenticationRequest from rrc.
####registrationRequestGUTI/authenticationRequest####
Sequence 17 step 33: registrationRequestGUTI / authenticationRequest
Log executor: sending authenticationResponse.
Reading from ue
Log executor: received(raw) securityModeCommand from rrc.
####authenticationResponse/securityModeCommand####
Sequence 17 step 34: authenticationResponse / securityModeCommand
Log executor: sending securityModeReject.
Reading from ue
Timeout occured for securityModeReject
Sequence 17 step 35: securityModeReject / null_action
Log executor: sending registrationRequest.
Reading from ue
Log executor: received(raw) authenticationRequest from rrc.
####registrationRequest/authenticationRequest####
Sequence 17 step 36: registrationRequest / authenticationRequest
Log executor: sending registrationRequest.
Reading from ue
Log executor: received(raw) authenticationRequest from rrc.
####registrationRequestGUTI/authenticationRequest####
Sequence 17 step 37: registrationRequestGUTI / authenticationRequest
Log executor: sending authenticationResponse.
Reading from ue
Log executor: received(raw) securityModeCommand from rrc.
####authenticationResponse/securityModeCommand####
Sequence 17 step 38: authenticationResponse / securityModeCommand
Log executor: sending securityModeReject.
Reading from ue
Timeout occured for securityModeReject
Sequence 17 step 39: securityModeReject / null_action
Log executor: sending registrationRequest.
Reading from ue
Log executor: received(raw) authenticationRequest from rrc.
####registrationRequest/authenticationRequest####
Sequence 17 step 40: registrationRequest / authenticationRequest
Log executor: sending registrationRequest.
Reading from ue
Log executor: received(raw) authenticationRequest from rrc.
####registrationRequestGUTI/authenticationRequest####
Sequence 17 step 41: registrationRequestGUTI / authenticationRequest
=== Sequence 17 done ===
Stopping nr-ue: 9364
nr-ue stopped.
Stopping nr-gnb: 9346
nr-gnb stopped.
Stopping Open5GS test-core: 9265
[core][ERROR] Open5GS launcher finished with status 134
Open5GS stopped and session log writes were flushed.
=== Sequence 18 start ===
Nodes: 
Inputs: registrationRequest authenticationResponse securityModeReject registrationRequestGUTI deregistrationRequest registrationRequest authenticationResponse securityModeReject registrationRequestGUTI deregistrationRequest registrationRequest authenticationResponse securityModeReject registrationRequestGUTI deregistrationRequest registrationRequest authenticationResponse securityModeReject registrationRequestGUTI deregistrationRequest registrationRequest authenticationResponse securityModeReject registrationRequestGUTI deregistrationRequest registrationRequest authenticationResponse securityModeReject registrationRequestGUTI deregistrationRequest registrationRequest authenticationResponse securityModeReject registrationRequestGUTI deregistrationRequest registrationRequest authenticationResponse securityModeReject registrationRequestGUTI deregistrationRequest registrationRequest authenticationResponse securityModeReject registrationRequestGUTI deregistrationRequest registrationRequest authenticationResponse securityModeReject registrationRequestGUTI deregistrationRequest
Wire inputs: registrationRequest authenticationResponse securityModeReject registrationRequestGUTI deregistrationRequest registrationRequest authenticationResponse securityModeReject registrationRequestGUTI deregistrationRequest registrationRequest authenticationResponse securityModeReject registrationRequestGUTI deregistrationRequest registrationRequest authenticationResponse securityModeReject registrationRequestGUTI deregistrationRequest registrationRequest authenticationResponse securityModeReject registrationRequestGUTI deregistrationRequest registrationRequest authenticationResponse securityModeReject registrationRequestGUTI deregistrationRequest registrationRequest authenticationResponse securityModeReject registrationRequestGUTI deregistrationRequest registrationRequest authenticationResponse securityModeReject registrationRequestGUTI deregistrationRequest registrationRequest authenticationResponse securityModeReject registrationRequestGUTI deregistrationRequest registrationRequest authenticationResponse securityModeReject registrationRequestGUTI deregistrationRequest
Selected UERANSIM profile: open5gs (UERANSIM-gnb-999-70-1)
Starting Core & gNodeB & UE
nr-gnb is not running.
nr-ue is not running.
No Open5GS test-core process is running from: /home/dzdysl/CoreCrisis/test_open5gs/open5gs
Open5GS stopped and session log writes were flushed.
RUNTIME_CONTRACT WARNING: Runtime file hash mismatch: scripts/start_core.sh expected=840ef0af6893870090daf095a53f3435122accb71b4f23b3e1575d92e6284658 actual=031fbab111baca97e1d910d8038ff4b07084fba888eafcce0d3173acc84f2d9c
Could not persist runtime warning: /home/dzdysl/CoreCrisis/test_open5gs/runs/20260804T034905Z-2b7f2823/raw/open5gs/core-session-037
[core][INFO] Launching Open5GS from: /home/dzdysl/CoreCrisis/test_open5gs/open5gs
[core][INFO] Configuration: /home/dzdysl/CoreCrisis/test_open5gs/core.properties
[core][INFO] Core log: /home/dzdysl/CoreCrisis/test_open5gs/runs/20260804T034905Z-2b7f2823/raw/open5gs/core-session-037/core.log
[core][ERROR] Open5GS launcher finished with status 134
Finished starting up Core & gNodeB
Connecting to ue..
Timeout occurred for UE(Done)
Stopping nr-gnb: 9579
nr-gnb stopped.
Stopping nr-ue: 9596
nr-ue stopped.
No Open5GS test-core process is running from: /home/dzdysl/CoreCrisis/test_open5gs/open5gs
Open5GS stopped and session log writes were flushed.
RUNTIME_CONTRACT WARNING: Runtime file hash mismatch: scripts/start_core.sh expected=840ef0af6893870090daf095a53f3435122accb71b4f23b3e1575d92e6284658 actual=031fbab111baca97e1d910d8038ff4b07084fba888eafcce0d3173acc84f2d9c
Could not persist runtime warning: /home/dzdysl/CoreCrisis/test_open5gs/runs/20260804T034905Z-2b7f2823/raw/open5gs/core-session-038
[core][INFO] Launching Open5GS from: /home/dzdysl/CoreCrisis/test_open5gs/open5gs
[core][INFO] Configuration: /home/dzdysl/CoreCrisis/test_open5gs/core.properties
[core][INFO] Core log: /home/dzdysl/CoreCrisis/test_open5gs/runs/20260804T034905Z-2b7f2823/raw/open5gs/core-session-038/core.log
[core][ERROR] Open5GS launcher finished with status 134
Connecting to ue..
Timeout occurred for UE(Done)
Stopping nr-gnb: 9706
nr-gnb stopped.
Stopping nr-ue: 9723
nr-ue stopped.
No Open5GS test-core process is running from: /home/dzdysl/CoreCrisis/test_open5gs/open5gs
Open5GS stopped and session log writes were flushed.
RUNTIME_CONTRACT WARNING: Runtime file hash mismatch: scripts/start_core.sh expected=840ef0af6893870090daf095a53f3435122accb71b4f23b3e1575d92e6284658 actual=031fbab111baca97e1d910d8038ff4b07084fba888eafcce0d3173acc84f2d9c
Could not persist runtime warning: /home/dzdysl/CoreCrisis/test_open5gs/runs/20260804T034905Z-2b7f2823/raw/open5gs/core-session-039
[core][INFO] Launching Open5GS from: /home/dzdysl/CoreCrisis/test_open5gs/open5gs
[core][INFO] Configuration: /home/dzdysl/CoreCrisis/test_open5gs/core.properties
[core][INFO] Core log: /home/dzdysl/CoreCrisis/test_open5gs/runs/20260804T034905Z-2b7f2823/raw/open5gs/core-session-039/core.log
Connecting to ue..
Received = DONE
Connected with UE.
Sent Hello.
Received = Hi
Connected to ue.
Done with initializing the connection with UE, gNodeB, and Core.
Log executor: sending registrationRequest.
Reading from ue
Log executor: received(raw) authenticationRequest from rrc.
####registrationRequest/authenticationRequest####
Sequence 18 step 1: registrationRequest / authenticationRequest
Log executor: sending authenticationResponse.
Reading from ue
Log executor: received(raw) securityModeCommand from rrc.
####authenticationResponse/securityModeCommand####
Sequence 18 step 2: authenticationResponse / securityModeCommand
Log executor: sending securityModeReject.
Reading from ue
Timeout occured for securityModeReject
Sequence 18 step 3: securityModeReject / null_action
Log executor: sending registrationRequest.
Reading from ue
Log executor: received(raw) identityRequest from rrc.
####registrationRequestGUTI/identityRequest####
Sequence 18 step 4: registrationRequestGUTI / identityRequest
Log executor: sending deregistrationRequest.
Reading from ue
Timeout occured for deregistrationRequest
Sequence 18 step 5: deregistrationRequest / null_action
Log executor: sending registrationRequest.
Reading from ue
Log executor: received(raw) authenticationRequest from rrc.
####registrationRequest/authenticationRequest####
Sequence 18 step 6: registrationRequest / authenticationRequest
Log executor: sending authenticationResponse.
Reading from ue
Log executor: received(raw) securityModeCommand from rrc.
####authenticationResponse/securityModeCommand####
Sequence 18 step 7: authenticationResponse / securityModeCommand
Log executor: sending securityModeReject.
Reading from ue
Timeout occured for securityModeReject
Sequence 18 step 8: securityModeReject / null_action
Log executor: sending registrationRequest.
Reading from ue
Log executor: received(raw) identityRequest from rrc.
####registrationRequestGUTI/identityRequest####
Sequence 18 step 9: registrationRequestGUTI / identityRequest
Log executor: sending deregistrationRequest.
Reading from ue
Timeout occured for deregistrationRequest
Sequence 18 step 10: deregistrationRequest / null_action
Log executor: sending registrationRequest.
Reading from ue
Log executor: received(raw) authenticationRequest from rrc.
####registrationRequest/authenticationRequest####
Sequence 18 step 11: registrationRequest / authenticationRequest
Log executor: sending authenticationResponse.
Reading from ue
Log executor: received(raw) securityModeCommand from rrc.
####authenticationResponse/securityModeCommand####
Sequence 18 step 12: authenticationResponse / securityModeCommand
Log executor: sending securityModeReject.
Reading from ue
Timeout occured for securityModeReject
Sequence 18 step 13: securityModeReject / null_action
Log executor: sending registrationRequest.
Reading from ue
Log executor: received(raw) identityRequest from rrc.
####registrationRequestGUTI/identityRequest####
Sequence 18 step 14: registrationRequestGUTI / identityRequest
Log executor: sending deregistrationRequest.
Reading from ue
Timeout occured for deregistrationRequest
Sequence 18 step 15: deregistrationRequest / null_action
Log executor: sending registrationRequest.
Reading from ue
Log executor: received(raw) authenticationRequest from rrc.
####registrationRequest/authenticationRequest####
Sequence 18 step 16: registrationRequest / authenticationRequest
Log executor: sending authenticationResponse.
Reading from ue
Log executor: received(raw) securityModeCommand from rrc.
####authenticationResponse/securityModeCommand####
Sequence 18 step 17: authenticationResponse / securityModeCommand
Log executor: sending securityModeReject.
Reading from ue
Timeout occured for securityModeReject
Sequence 18 step 18: securityModeReject / null_action
Log executor: sending registrationRequest.
Reading from ue
Log executor: received(raw) identityRequest from rrc.
####registrationRequestGUTI/identityRequest####
Sequence 18 step 19: registrationRequestGUTI / identityRequest
Log executor: sending deregistrationRequest.
Reading from ue
Timeout occured for deregistrationRequest
Sequence 18 step 20: deregistrationRequest / null_action
Log executor: sending registrationRequest.
Reading from ue
Log executor: received(raw) authenticationRequest from rrc.
####registrationRequest/authenticationRequest####
Sequence 18 step 21: registrationRequest / authenticationRequest
Log executor: sending authenticationResponse.
Reading from ue
Log executor: received(raw) securityModeCommand from rrc.
####authenticationResponse/securityModeCommand####
Sequence 18 step 22: authenticationResponse / securityModeCommand
Log executor: sending securityModeReject.
Reading from ue
Timeout occured for securityModeReject
Sequence 18 step 23: securityModeReject / null_action
Log executor: sending registrationRequest.
Reading from ue
Log executor: received(raw) identityRequest from rrc.
####registrationRequestGUTI/identityRequest####
Sequence 18 step 24: registrationRequestGUTI / identityRequest
Log executor: sending deregistrationRequest.
Reading from ue
Timeout occured for deregistrationRequest
Sequence 18 step 25: deregistrationRequest / null_action
Log executor: sending registrationRequest.
Reading from ue
Log executor: received(raw) authenticationRequest from rrc.
####registrationRequest/authenticationRequest####
Sequence 18 step 26: registrationRequest / authenticationRequest
Log executor: sending authenticationResponse.
Reading from ue
Log executor: received(raw) securityModeCommand from rrc.
####authenticationResponse/securityModeCommand####
Sequence 18 step 27: authenticationResponse / securityModeCommand
Log executor: sending securityModeReject.
Reading from ue
Timeout occured for securityModeReject
Sequence 18 step 28: securityModeReject / null_action
Log executor: sending registrationRequest.
Reading from ue
Log executor: received(raw) identityRequest from rrc.
####registrationRequestGUTI/identityRequest####
Sequence 18 step 29: registrationRequestGUTI / identityRequest
Log executor: sending deregistrationRequest.
Reading from ue
Timeout occured for deregistrationRequest
Sequence 18 step 30: deregistrationRequest / null_action
Log executor: sending registrationRequest.
Reading from ue
Log executor: received(raw) authenticationRequest from rrc.
####registrationRequest/authenticationRequest####
Sequence 18 step 31: registrationRequest / authenticationRequest
Log executor: sending authenticationResponse.
Reading from ue
Log executor: received(raw) securityModeCommand from rrc.
####authenticationResponse/securityModeCommand####
Sequence 18 step 32: authenticationResponse / securityModeCommand
Log executor: sending securityModeReject.
Reading from ue
Timeout occured for securityModeReject
Sequence 18 step 33: securityModeReject / null_action
Log executor: sending registrationRequest.
Reading from ue
Log executor: received(raw) identityRequest from rrc.
####registrationRequestGUTI/identityRequest####
Sequence 18 step 34: registrationRequestGUTI / identityRequest
Log executor: sending deregistrationRequest.
Reading from ue
Timeout occured for deregistrationRequest
Sequence 18 step 35: deregistrationRequest / null_action
Log executor: sending registrationRequest.
Reading from ue
Log executor: received(raw) authenticationRequest from rrc.
####registrationRequest/authenticationRequest####
Sequence 18 step 36: registrationRequest / authenticationRequest
Log executor: sending authenticationResponse.
Reading from ue
Log executor: received(raw) securityModeCommand from rrc.
####authenticationResponse/securityModeCommand####
Sequence 18 step 37: authenticationResponse / securityModeCommand
Log executor: sending securityModeReject.
Reading from ue
Timeout occured for securityModeReject
Sequence 18 step 38: securityModeReject / null_action
Log executor: sending registrationRequest.
Reading from ue
Log executor: received(raw) identityRequest from rrc.
####registrationRequestGUTI/identityRequest####
Sequence 18 step 39: registrationRequestGUTI / identityRequest
Log executor: sending deregistrationRequest.
Reading from ue
Timeout occured for deregistrationRequest
Sequence 18 step 40: deregistrationRequest / null_action
Log executor: sending registrationRequest.
Reading from ue
Log executor: received(raw) authenticationRequest from rrc.
####registrationRequest/authenticationRequest####
Sequence 18 step 41: registrationRequest / authenticationRequest
Log executor: sending authenticationResponse.
Reading from ue
Log executor: received(raw) securityModeCommand from rrc.
####authenticationResponse/securityModeCommand####
Sequence 18 step 42: authenticationResponse / securityModeCommand
Log executor: sending securityModeReject.
Reading from ue
Timeout occured for securityModeReject
Sequence 18 step 43: securityModeReject / null_action
Log executor: sending registrationRequest.
Reading from ue
Log executor: received(raw) identityRequest from rrc.
####registrationRequestGUTI/identityRequest####
Sequence 18 step 44: registrationRequestGUTI / identityRequest
Log executor: sending deregistrationRequest.
Reading from ue
Timeout occured for deregistrationRequest
Sequence 18 step 45: deregistrationRequest / null_action
Log executor: sending registrationRequest.
Reading from ue
Log executor: received(raw) authenticationRequest from rrc.
####registrationRequest/authenticationRequest####
Sequence 18 step 46: registrationRequest / authenticationRequest
Log executor: sending authenticationResponse.
Reading from ue
Log executor: received(raw) securityModeCommand from rrc.
####authenticationResponse/securityModeCommand####
Sequence 18 step 47: authenticationResponse / securityModeCommand
Log executor: sending securityModeReject.
Reading from ue
Timeout occured for securityModeReject
Sequence 18 step 48: securityModeReject / null_action
Log executor: sending registrationRequest.
Reading from ue
Log executor: received(raw) identityRequest from rrc.
####registrationRequestGUTI/identityRequest####
Sequence 18 step 49: registrationRequestGUTI / identityRequest
Log executor: sending deregistrationRequest.
Reading from ue
Timeout occured for deregistrationRequest
Sequence 18 step 50: deregistrationRequest / null_action
=== Sequence 18 done ===
Stopping nr-ue: 9900
nr-ue stopped.
Stopping nr-gnb: 9882
nr-gnb stopped.
Stopping Open5GS test-core: 9801
[core][ERROR] Open5GS launcher finished with status 134
Open5GS stopped and session log writes were flushed.
=== Sequence 19 start ===
Nodes: 
Inputs: registrationRequest authenticationResponse securityModeComplete registrationComplete deregistrationRequest registrationRequest authenticationResponse securityModeComplete registrationComplete deregistrationRequest registrationRequest authenticationResponse securityModeComplete registrationComplete deregistrationRequest registrationRequest authenticationResponse securityModeComplete registrationComplete deregistrationRequest registrationRequest authenticationResponse securityModeComplete registrationComplete deregistrationRequest registrationRequest authenticationResponse securityModeComplete registrationComplete deregistrationRequest registrationRequest authenticationResponse securityModeComplete registrationComplete deregistrationRequest registrationRequest authenticationResponse securityModeComplete registrationComplete deregistrationRequest registrationRequest authenticationResponse securityModeComplete registrationComplete deregistrationRequest registrationRequest authenticationResponse securityModeComplete registrationComplete deregistrationRequest registrationRequest authenticationResponse securityModeComplete
Wire inputs: registrationRequest authenticationResponse securityModeComplete registrationComplete deregistrationRequest registrationRequest authenticationResponse securityModeComplete registrationComplete deregistrationRequest registrationRequest authenticationResponse securityModeComplete registrationComplete deregistrationRequest registrationRequest authenticationResponse securityModeComplete registrationComplete deregistrationRequest registrationRequest authenticationResponse securityModeComplete registrationComplete deregistrationRequest registrationRequest authenticationResponse securityModeComplete registrationComplete deregistrationRequest registrationRequest authenticationResponse securityModeComplete registrationComplete deregistrationRequest registrationRequest authenticationResponse securityModeComplete registrationComplete deregistrationRequest registrationRequest authenticationResponse securityModeComplete registrationComplete deregistrationRequest registrationRequest authenticationResponse securityModeComplete registrationComplete deregistrationRequest registrationRequest authenticationResponse securityModeComplete
Selected UERANSIM profile: open5gs (UERANSIM-gnb-999-70-1)
Starting Core & gNodeB & UE
nr-gnb is not running.
nr-ue is not running.
No Open5GS test-core process is running from: /home/dzdysl/CoreCrisis/test_open5gs/open5gs
Open5GS stopped and session log writes were flushed.
RUNTIME_CONTRACT WARNING: Runtime file hash mismatch: scripts/start_core.sh expected=840ef0af6893870090daf095a53f3435122accb71b4f23b3e1575d92e6284658 actual=031fbab111baca97e1d910d8038ff4b07084fba888eafcce0d3173acc84f2d9c
Could not persist runtime warning: /home/dzdysl/CoreCrisis/test_open5gs/runs/20260804T034905Z-2b7f2823/raw/open5gs/core-session-040
[core][INFO] Launching Open5GS from: /home/dzdysl/CoreCrisis/test_open5gs/open5gs
[core][INFO] Configuration: /home/dzdysl/CoreCrisis/test_open5gs/core.properties
[core][INFO] Core log: /home/dzdysl/CoreCrisis/test_open5gs/runs/20260804T034905Z-2b7f2823/raw/open5gs/core-session-040/core.log
[core][ERROR] Open5GS launcher finished with status 134
Finished starting up Core & gNodeB
Connecting to ue..
Timeout occurred for UE(Done)
Stopping nr-gnb: 10125
nr-gnb stopped.
Stopping nr-ue: 10142
nr-ue stopped.
No Open5GS test-core process is running from: /home/dzdysl/CoreCrisis/test_open5gs/open5gs
Open5GS stopped and session log writes were flushed.
RUNTIME_CONTRACT WARNING: Runtime file hash mismatch: scripts/start_core.sh expected=840ef0af6893870090daf095a53f3435122accb71b4f23b3e1575d92e6284658 actual=031fbab111baca97e1d910d8038ff4b07084fba888eafcce0d3173acc84f2d9c
Could not persist runtime warning: /home/dzdysl/CoreCrisis/test_open5gs/runs/20260804T034905Z-2b7f2823/raw/open5gs/core-session-041
[core][INFO] Launching Open5GS from: /home/dzdysl/CoreCrisis/test_open5gs/open5gs
[core][INFO] Configuration: /home/dzdysl/CoreCrisis/test_open5gs/core.properties
[core][INFO] Core log: /home/dzdysl/CoreCrisis/test_open5gs/runs/20260804T034905Z-2b7f2823/raw/open5gs/core-session-041/core.log
Connecting to ue..
Received = DONE
Connected with UE.
Sent Hello.
Received = Hi
Connected to ue.
Done with initializing the connection with UE, gNodeB, and Core.
Log executor: sending registrationRequest.
Reading from ue
Log executor: received(raw) authenticationRequest from rrc.
####registrationRequest/authenticationRequest####
Sequence 19 step 1: registrationRequest / authenticationRequest
Log executor: sending authenticationResponse.
Reading from ue
Log executor: received(raw) securityModeCommand from rrc.
####authenticationResponse/securityModeCommand####
Sequence 19 step 2: authenticationResponse / securityModeCommand
Log executor: sending securityModeComplete.
Reading from ue
Log executor: received(raw) registrationAccept from rrc.
####securityModeComplete/registrationAccept####
Sequence 19 step 3: securityModeComplete / registrationAccept
Log executor: sending registrationComplete.
Reading from ue
Log executor: received(raw) configurationUpdateCommand from rrc.
####registrationComplete/configurationUpdateCommand####
Sequence 19 step 4: registrationComplete / configurationUpdateCommand
Log executor: sending deregistrationRequest.
Reading from ue
Timeout occured for deregistrationRequest
Sequence 19 step 5: deregistrationRequest / null_action
Log executor: sending registrationRequest.
Reading from ue
Log executor: received(raw) authenticationRequest from rrc.
####registrationRequest/authenticationRequest####
Sequence 19 step 6: registrationRequest / authenticationRequest
Log executor: sending authenticationResponse.
Reading from ue
Log executor: received(raw) securityModeCommand from rrc.
####authenticationResponse/securityModeCommand####
Sequence 19 step 7: authenticationResponse / securityModeCommand
Log executor: sending securityModeComplete.
Reading from ue
Log executor: received(raw) registrationAccept from rrc.
####securityModeComplete/registrationAccept####
Sequence 19 step 8: securityModeComplete / registrationAccept
Log executor: sending registrationComplete.
Reading from ue
Log executor: received(raw) configurationUpdateCommand from rrc.
####registrationComplete/configurationUpdateCommand####
Sequence 19 step 9: registrationComplete / configurationUpdateCommand
Log executor: sending deregistrationRequest.
Reading from ue
Timeout occured for deregistrationRequest
Sequence 19 step 10: deregistrationRequest / null_action
Log executor: sending registrationRequest.
Reading from ue
Log executor: received(raw) authenticationRequest from rrc.
####registrationRequest/authenticationRequest####
Sequence 19 step 11: registrationRequest / authenticationRequest
Log executor: sending authenticationResponse.
Reading from ue
Log executor: received(raw) securityModeCommand from rrc.
####authenticationResponse/securityModeCommand####
Sequence 19 step 12: authenticationResponse / securityModeCommand
Log executor: sending securityModeComplete.
Reading from ue
Log executor: received(raw) registrationAccept from rrc.
####securityModeComplete/registrationAccept####
Sequence 19 step 13: securityModeComplete / registrationAccept
Log executor: sending registrationComplete.
Reading from ue
Log executor: received(raw) configurationUpdateCommand from rrc.
####registrationComplete/configurationUpdateCommand####
Sequence 19 step 14: registrationComplete / configurationUpdateCommand
Log executor: sending deregistrationRequest.
Reading from ue
Timeout occured for deregistrationRequest
Sequence 19 step 15: deregistrationRequest / null_action
Log executor: sending registrationRequest.
Reading from ue
Log executor: received(raw) authenticationRequest from rrc.
####registrationRequest/authenticationRequest####
Sequence 19 step 16: registrationRequest / authenticationRequest
Log executor: sending authenticationResponse.
Reading from ue
Log executor: received(raw) securityModeCommand from rrc.
####authenticationResponse/securityModeCommand####
Sequence 19 step 17: authenticationResponse / securityModeCommand
Log executor: sending securityModeComplete.
Reading from ue
Log executor: received(raw) registrationAccept from rrc.
####securityModeComplete/registrationAccept####
Sequence 19 step 18: securityModeComplete / registrationAccept
Log executor: sending registrationComplete.
Reading from ue
Log executor: received(raw) configurationUpdateCommand from rrc.
####registrationComplete/configurationUpdateCommand####
Sequence 19 step 19: registrationComplete / configurationUpdateCommand
Log executor: sending deregistrationRequest.
Reading from ue
Timeout occured for deregistrationRequest
Sequence 19 step 20: deregistrationRequest / null_action
Log executor: sending registrationRequest.
Reading from ue
Log executor: received(raw) authenticationRequest from rrc.
####registrationRequest/authenticationRequest####
Sequence 19 step 21: registrationRequest / authenticationRequest
Log executor: sending authenticationResponse.
Reading from ue
Log executor: received(raw) securityModeCommand from rrc.
####authenticationResponse/securityModeCommand####
Sequence 19 step 22: authenticationResponse / securityModeCommand
Log executor: sending securityModeComplete.
Reading from ue
Log executor: received(raw) registrationAccept from rrc.
####securityModeComplete/registrationAccept####
Sequence 19 step 23: securityModeComplete / registrationAccept
Log executor: sending registrationComplete.
Reading from ue
Log executor: received(raw) configurationUpdateCommand from rrc.
####registrationComplete/configurationUpdateCommand####
Sequence 19 step 24: registrationComplete / configurationUpdateCommand
Log executor: sending deregistrationRequest.
Reading from ue
Timeout occured for deregistrationRequest
Sequence 19 step 25: deregistrationRequest / null_action
Log executor: sending registrationRequest.
Reading from ue
Log executor: received(raw) authenticationRequest from rrc.
####registrationRequest/authenticationRequest####
Sequence 19 step 26: registrationRequest / authenticationRequest
Log executor: sending authenticationResponse.
Reading from ue
Log executor: received(raw) securityModeCommand from rrc.
####authenticationResponse/securityModeCommand####
Sequence 19 step 27: authenticationResponse / securityModeCommand
Log executor: sending securityModeComplete.
Reading from ue
Log executor: received(raw) registrationAccept from rrc.
####securityModeComplete/registrationAccept####
Sequence 19 step 28: securityModeComplete / registrationAccept
Log executor: sending registrationComplete.
Reading from ue
Log executor: received(raw) configurationUpdateCommand from rrc.
####registrationComplete/configurationUpdateCommand####
Sequence 19 step 29: registrationComplete / configurationUpdateCommand
Log executor: sending deregistrationRequest.
Reading from ue
Timeout occured for deregistrationRequest
Sequence 19 step 30: deregistrationRequest / null_action
Log executor: sending registrationRequest.
Reading from ue
Log executor: received(raw) authenticationRequest from rrc.
####registrationRequest/authenticationRequest####
Sequence 19 step 31: registrationRequest / authenticationRequest
Log executor: sending authenticationResponse.
Reading from ue
Log executor: received(raw) securityModeCommand from rrc.
####authenticationResponse/securityModeCommand####
Sequence 19 step 32: authenticationResponse / securityModeCommand
Log executor: sending securityModeComplete.
Reading from ue
Log executor: received(raw) registrationAccept from rrc.
####securityModeComplete/registrationAccept####
Sequence 19 step 33: securityModeComplete / registrationAccept
Log executor: sending registrationComplete.
Reading from ue
Log executor: received(raw) configurationUpdateCommand from rrc.
####registrationComplete/configurationUpdateCommand####
Sequence 19 step 34: registrationComplete / configurationUpdateCommand
Log executor: sending deregistrationRequest.
Reading from ue
Timeout occured for deregistrationRequest
Sequence 19 step 35: deregistrationRequest / null_action
Log executor: sending registrationRequest.
Reading from ue
Log executor: received(raw) authenticationRequest from rrc.
####registrationRequest/authenticationRequest####
Sequence 19 step 36: registrationRequest / authenticationRequest
Log executor: sending authenticationResponse.
Reading from ue
Log executor: received(raw) securityModeCommand from rrc.
####authenticationResponse/securityModeCommand####
Sequence 19 step 37: authenticationResponse / securityModeCommand
Log executor: sending securityModeComplete.
Reading from ue
Log executor: received(raw) registrationAccept from rrc.
####securityModeComplete/registrationAccept####
Sequence 19 step 38: securityModeComplete / registrationAccept
Log executor: sending registrationComplete.
Reading from ue
Log executor: received(raw) configurationUpdateCommand from rrc.
####registrationComplete/configurationUpdateCommand####
Sequence 19 step 39: registrationComplete / configurationUpdateCommand
Log executor: sending deregistrationRequest.
Reading from ue
Timeout occured for deregistrationRequest
Sequence 19 step 40: deregistrationRequest / null_action
Log executor: sending registrationRequest.
Reading from ue
Log executor: received(raw) authenticationRequest from rrc.
####registrationRequest/authenticationRequest####
Sequence 19 step 41: registrationRequest / authenticationRequest
Log executor: sending authenticationResponse.
Reading from ue
Log executor: received(raw) securityModeCommand from rrc.
####authenticationResponse/securityModeCommand####
Sequence 19 step 42: authenticationResponse / securityModeCommand
Log executor: sending securityModeComplete.
Reading from ue
Log executor: received(raw) registrationAccept from rrc.
####securityModeComplete/registrationAccept####
Sequence 19 step 43: securityModeComplete / registrationAccept
Log executor: sending registrationComplete.
Reading from ue
Log executor: received(raw) configurationUpdateCommand from rrc.
####registrationComplete/configurationUpdateCommand####
Sequence 19 step 44: registrationComplete / configurationUpdateCommand
Log executor: sending deregistrationRequest.
Reading from ue
Timeout occured for deregistrationRequest
Sequence 19 step 45: deregistrationRequest / null_action
Log executor: sending registrationRequest.
Reading from ue
Log executor: received(raw) authenticationRequest from rrc.
####registrationRequest/authenticationRequest####
Sequence 19 step 46: registrationRequest / authenticationRequest
Log executor: sending authenticationResponse.
Reading from ue
Log executor: received(raw) securityModeCommand from rrc.
####authenticationResponse/securityModeCommand####
Sequence 19 step 47: authenticationResponse / securityModeCommand
Log executor: sending securityModeComplete.
Reading from ue
Log executor: received(raw) registrationAccept from rrc.
####securityModeComplete/registrationAccept####
Sequence 19 step 48: securityModeComplete / registrationAccept
Log executor: sending registrationComplete.
Reading from ue
Log executor: received(raw) configurationUpdateCommand from rrc.
####registrationComplete/configurationUpdateCommand####
Sequence 19 step 49: registrationComplete / configurationUpdateCommand
Log executor: sending deregistrationRequest.
Reading from ue
Timeout occured for deregistrationRequest
Sequence 19 step 50: deregistrationRequest / null_action
Log executor: sending registrationRequest.
Reading from ue
Log executor: received(raw) authenticationRequest from rrc.
####registrationRequest/authenticationRequest####
Sequence 19 step 51: registrationRequest / authenticationRequest
Log executor: sending authenticationResponse.
Reading from ue
Log executor: received(raw) securityModeCommand from rrc.
####authenticationResponse/securityModeCommand####
Sequence 19 step 52: authenticationResponse / securityModeCommand
Log executor: sending securityModeComplete.
Reading from ue
Log executor: received(raw) registrationAccept from rrc.
####securityModeComplete/registrationAccept####
Sequence 19 step 53: securityModeComplete / registrationAccept
=== Sequence 19 done ===
Stopping nr-ue: 10321
nr-ue stopped.
Stopping nr-gnb: 10303
nr-gnb stopped.
Stopping Open5GS test-core: 10224
[core][ERROR] Open5GS launcher finished with status 134
Open5GS stopped and session log writes were flushed.
=== Sequence 20 start ===
Nodes: 
Inputs: registrationRequest authenticationResponse securityModeComplete registrationComplete deregistrationRequest registrationRequestGUTI authenticationResponse securityModeComplete registrationComplete deregistrationRequest registrationRequestGUTI authenticationResponse securityModeComplete registrationComplete deregistrationRequest registrationRequestGUTI authenticationResponse securityModeComplete registrationComplete deregistrationRequest registrationRequestGUTI authenticationResponse securityModeComplete registrationComplete deregistrationRequest registrationRequestGUTI authenticationResponse securityModeComplete registrationComplete deregistrationRequest registrationRequestGUTI authenticationResponse securityModeComplete registrationComplete deregistrationRequest registrationRequestGUTI authenticationResponse securityModeComplete registrationComplete deregistrationRequest registrationRequestGUTI authenticationResponse securityModeComplete registrationComplete deregistrationRequest registrationRequestGUTI authenticationResponse securityModeComplete registrationComplete deregistrationRequest registrationRequestGUTI authenticationResponse securityModeComplete
Wire inputs: registrationRequest authenticationResponse securityModeComplete registrationComplete deregistrationRequest registrationRequestGUTI authenticationResponse securityModeComplete registrationComplete deregistrationRequest registrationRequestGUTI authenticationResponse securityModeComplete registrationComplete deregistrationRequest registrationRequestGUTI authenticationResponse securityModeComplete registrationComplete deregistrationRequest registrationRequestGUTI authenticationResponse securityModeComplete registrationComplete deregistrationRequest registrationRequestGUTI authenticationResponse securityModeComplete registrationComplete deregistrationRequest registrationRequestGUTI authenticationResponse securityModeComplete registrationComplete deregistrationRequest registrationRequestGUTI authenticationResponse securityModeComplete registrationComplete deregistrationRequest registrationRequestGUTI authenticationResponse securityModeComplete registrationComplete deregistrationRequest registrationRequestGUTI authenticationResponse securityModeComplete registrationComplete deregistrationRequest registrationRequestGUTI authenticationResponse securityModeComplete
Selected UERANSIM profile: open5gs (UERANSIM-gnb-999-70-1)
Starting Core & gNodeB & UE
nr-gnb is not running.
nr-ue is not running.
No Open5GS test-core process is running from: /home/dzdysl/CoreCrisis/test_open5gs/open5gs
Open5GS stopped and session log writes were flushed.
RUNTIME_CONTRACT WARNING: Runtime file hash mismatch: scripts/start_core.sh expected=840ef0af6893870090daf095a53f3435122accb71b4f23b3e1575d92e6284658 actual=031fbab111baca97e1d910d8038ff4b07084fba888eafcce0d3173acc84f2d9c
Could not persist runtime warning: /home/dzdysl/CoreCrisis/test_open5gs/runs/20260804T034905Z-2b7f2823/raw/open5gs/core-session-042
[core][INFO] Launching Open5GS from: /home/dzdysl/CoreCrisis/test_open5gs/open5gs
[core][INFO] Configuration: /home/dzdysl/CoreCrisis/test_open5gs/core.properties
[core][INFO] Core log: /home/dzdysl/CoreCrisis/test_open5gs/runs/20260804T034905Z-2b7f2823/raw/open5gs/core-session-042/core.log
[core][ERROR] Open5GS launcher finished with status 134
Finished starting up Core & gNodeB
Connecting to ue..
Timeout occurred for UE(Done)
Stopping nr-gnb: 10549
nr-gnb stopped.
Stopping nr-ue: 10566
nr-ue stopped.
No Open5GS test-core process is running from: /home/dzdysl/CoreCrisis/test_open5gs/open5gs
Open5GS stopped and session log writes were flushed.
RUNTIME_CONTRACT WARNING: Runtime file hash mismatch: scripts/start_core.sh expected=840ef0af6893870090daf095a53f3435122accb71b4f23b3e1575d92e6284658 actual=031fbab111baca97e1d910d8038ff4b07084fba888eafcce0d3173acc84f2d9c
Could not persist runtime warning: /home/dzdysl/CoreCrisis/test_open5gs/runs/20260804T034905Z-2b7f2823/raw/open5gs/core-session-043
[core][INFO] Launching Open5GS from: /home/dzdysl/CoreCrisis/test_open5gs/open5gs
[core][INFO] Configuration: /home/dzdysl/CoreCrisis/test_open5gs/core.properties
[core][INFO] Core log: /home/dzdysl/CoreCrisis/test_open5gs/runs/20260804T034905Z-2b7f2823/raw/open5gs/core-session-043/core.log
Connecting to ue..
Received = DONE
Connected with UE.
Sent Hello.
Received = Hi
Connected to ue.
Done with initializing the connection with UE, gNodeB, and Core.
Log executor: sending registrationRequest.
Reading from ue
Log executor: received(raw) authenticationRequest from rrc.
####registrationRequest/authenticationRequest####
Sequence 20 step 1: registrationRequest / authenticationRequest
Log executor: sending authenticationResponse.
Reading from ue
Log executor: received(raw) securityModeCommand from rrc.
####authenticationResponse/securityModeCommand####
Sequence 20 step 2: authenticationResponse / securityModeCommand
Log executor: sending securityModeComplete.
Reading from ue
Log executor: received(raw) registrationAccept from rrc.
####securityModeComplete/registrationAccept####
Sequence 20 step 3: securityModeComplete / registrationAccept
Log executor: sending registrationComplete.
Reading from ue
Log executor: received(raw) configurationUpdateCommand from rrc.
####registrationComplete/configurationUpdateCommand####
Sequence 20 step 4: registrationComplete / configurationUpdateCommand
Log executor: sending deregistrationRequest.
Reading from ue
Timeout occured for deregistrationRequest
Sequence 20 step 5: deregistrationRequest / null_action
Log executor: sending registrationRequest.
Reading from ue
Log executor: received(raw) authenticationRequest from rrc.
####registrationRequestGUTI/authenticationRequest####
Sequence 20 step 6: registrationRequestGUTI / authenticationRequest
Log executor: sending authenticationResponse.
Reading from ue
Log executor: received(raw) securityModeCommand from rrc.
####authenticationResponse/securityModeCommand####
Sequence 20 step 7: authenticationResponse / securityModeCommand
Log executor: sending securityModeComplete.
Reading from ue
Log executor: received(raw) registrationAccept from rrc.
####securityModeComplete/registrationAccept####
Sequence 20 step 8: securityModeComplete / registrationAccept
Log executor: sending registrationComplete.
Reading from ue
Log executor: received(raw) configurationUpdateCommand from rrc.
####registrationComplete/configurationUpdateCommand####
Sequence 20 step 9: registrationComplete / configurationUpdateCommand
Log executor: sending deregistrationRequest.
Reading from ue
Timeout occured for deregistrationRequest
Sequence 20 step 10: deregistrationRequest / null_action
Log executor: sending registrationRequest.
Reading from ue
Log executor: received(raw) authenticationRequest from rrc.
####registrationRequestGUTI/authenticationRequest####
Sequence 20 step 11: registrationRequestGUTI / authenticationRequest
Log executor: sending authenticationResponse.
Reading from ue
Log executor: received(raw) securityModeCommand from rrc.
####authenticationResponse/securityModeCommand####
Sequence 20 step 12: authenticationResponse / securityModeCommand
Log executor: sending securityModeComplete.
Reading from ue
Log executor: received(raw) registrationAccept from rrc.
####securityModeComplete/registrationAccept####
Sequence 20 step 13: securityModeComplete / registrationAccept
Log executor: sending registrationComplete.
Reading from ue
Log executor: received(raw) configurationUpdateCommand from rrc.
####registrationComplete/configurationUpdateCommand####
Sequence 20 step 14: registrationComplete / configurationUpdateCommand
Log executor: sending deregistrationRequest.
Reading from ue
Timeout occured for deregistrationRequest
Sequence 20 step 15: deregistrationRequest / null_action
Log executor: sending registrationRequest.
Reading from ue
Log executor: received(raw) authenticationRequest from rrc.
####registrationRequestGUTI/authenticationRequest####
Sequence 20 step 16: registrationRequestGUTI / authenticationRequest
Log executor: sending authenticationResponse.
Reading from ue
Log executor: received(raw) securityModeCommand from rrc.
####authenticationResponse/securityModeCommand####
Sequence 20 step 17: authenticationResponse / securityModeCommand
Log executor: sending securityModeComplete.
Reading from ue
Log executor: received(raw) registrationAccept from rrc.
####securityModeComplete/registrationAccept####
Sequence 20 step 18: securityModeComplete / registrationAccept
Log executor: sending registrationComplete.
Reading from ue
Log executor: received(raw) configurationUpdateCommand from rrc.
####registrationComplete/configurationUpdateCommand####
Sequence 20 step 19: registrationComplete / configurationUpdateCommand
Log executor: sending deregistrationRequest.
Reading from ue
Timeout occured for deregistrationRequest
Sequence 20 step 20: deregistrationRequest / null_action
Log executor: sending registrationRequest.
Reading from ue
Log executor: received(raw) authenticationRequest from rrc.
####registrationRequestGUTI/authenticationRequest####
Sequence 20 step 21: registrationRequestGUTI / authenticationRequest
Log executor: sending authenticationResponse.
Reading from ue
Log executor: received(raw) securityModeCommand from rrc.
####authenticationResponse/securityModeCommand####
Sequence 20 step 22: authenticationResponse / securityModeCommand
Log executor: sending securityModeComplete.
Reading from ue
Log executor: received(raw) registrationAccept from rrc.
####securityModeComplete/registrationAccept####
Sequence 20 step 23: securityModeComplete / registrationAccept
Log executor: sending registrationComplete.
Reading from ue
Log executor: received(raw) configurationUpdateCommand from rrc.
####registrationComplete/configurationUpdateCommand####
Sequence 20 step 24: registrationComplete / configurationUpdateCommand
Log executor: sending deregistrationRequest.
Reading from ue
Timeout occured for deregistrationRequest
Sequence 20 step 25: deregistrationRequest / null_action
Log executor: sending registrationRequest.
Reading from ue
Log executor: received(raw) authenticationRequest from rrc.
####registrationRequestGUTI/authenticationRequest####
Sequence 20 step 26: registrationRequestGUTI / authenticationRequest
Log executor: sending authenticationResponse.
Reading from ue
Log executor: received(raw) securityModeCommand from rrc.
####authenticationResponse/securityModeCommand####
Sequence 20 step 27: authenticationResponse / securityModeCommand
Log executor: sending securityModeComplete.
Reading from ue
Log executor: received(raw) registrationAccept from rrc.
####securityModeComplete/registrationAccept####
Sequence 20 step 28: securityModeComplete / registrationAccept
Log executor: sending registrationComplete.
Reading from ue
Log executor: received(raw) configurationUpdateCommand from rrc.
####registrationComplete/configurationUpdateCommand####
Sequence 20 step 29: registrationComplete / configurationUpdateCommand
Log executor: sending deregistrationRequest.
Reading from ue
Timeout occured for deregistrationRequest
Sequence 20 step 30: deregistrationRequest / null_action
Log executor: sending registrationRequest.
Reading from ue
Log executor: received(raw) authenticationRequest from rrc.
####registrationRequestGUTI/authenticationRequest####
Sequence 20 step 31: registrationRequestGUTI / authenticationRequest
Log executor: sending authenticationResponse.
Reading from ue
Log executor: received(raw) securityModeCommand from rrc.
####authenticationResponse/securityModeCommand####
Sequence 20 step 32: authenticationResponse / securityModeCommand
Log executor: sending securityModeComplete.
Reading from ue
Log executor: received(raw) registrationAccept from rrc.
####securityModeComplete/registrationAccept####
Sequence 20 step 33: securityModeComplete / registrationAccept
Log executor: sending registrationComplete.
Reading from ue
Log executor: received(raw) configurationUpdateCommand from rrc.
####registrationComplete/configurationUpdateCommand####
Sequence 20 step 34: registrationComplete / configurationUpdateCommand
Log executor: sending deregistrationRequest.
Reading from ue
Timeout occured for deregistrationRequest
Sequence 20 step 35: deregistrationRequest / null_action
Log executor: sending registrationRequest.
Reading from ue
Log executor: received(raw) authenticationRequest from rrc.
####registrationRequestGUTI/authenticationRequest####
Sequence 20 step 36: registrationRequestGUTI / authenticationRequest
Log executor: sending authenticationResponse.
Reading from ue
Log executor: received(raw) securityModeCommand from rrc.
####authenticationResponse/securityModeCommand####
Sequence 20 step 37: authenticationResponse / securityModeCommand
Log executor: sending securityModeComplete.
Reading from ue
Log executor: received(raw) registrationAccept from rrc.
####securityModeComplete/registrationAccept####
Sequence 20 step 38: securityModeComplete / registrationAccept
Log executor: sending registrationComplete.
Reading from ue
Log executor: received(raw) configurationUpdateCommand from rrc.
####registrationComplete/configurationUpdateCommand####
Sequence 20 step 39: registrationComplete / configurationUpdateCommand
Log executor: sending deregistrationRequest.
Reading from ue
Timeout occured for deregistrationRequest
Sequence 20 step 40: deregistrationRequest / null_action
Log executor: sending registrationRequest.
Reading from ue
Log executor: received(raw) authenticationRequest from rrc.
####registrationRequestGUTI/authenticationRequest####
Sequence 20 step 41: registrationRequestGUTI / authenticationRequest
Log executor: sending authenticationResponse.
Reading from ue
Log executor: received(raw) securityModeCommand from rrc.
####authenticationResponse/securityModeCommand####
Sequence 20 step 42: authenticationResponse / securityModeCommand
Log executor: sending securityModeComplete.
Reading from ue
Log executor: received(raw) registrationAccept from rrc.
####securityModeComplete/registrationAccept####
Sequence 20 step 43: securityModeComplete / registrationAccept
Log executor: sending registrationComplete.
Reading from ue
Log executor: received(raw) configurationUpdateCommand from rrc.
####registrationComplete/configurationUpdateCommand####
Sequence 20 step 44: registrationComplete / configurationUpdateCommand
Log executor: sending deregistrationRequest.
Reading from ue
Timeout occured for deregistrationRequest
Sequence 20 step 45: deregistrationRequest / null_action
Log executor: sending registrationRequest.
Reading from ue
Log executor: received(raw) authenticationRequest from rrc.
####registrationRequestGUTI/authenticationRequest####
Sequence 20 step 46: registrationRequestGUTI / authenticationRequest
Log executor: sending authenticationResponse.
Reading from ue
Log executor: received(raw) securityModeCommand from rrc.
####authenticationResponse/securityModeCommand####
Sequence 20 step 47: authenticationResponse / securityModeCommand
Log executor: sending securityModeComplete.
Reading from ue
Log executor: received(raw) registrationAccept from rrc.
####securityModeComplete/registrationAccept####
Sequence 20 step 48: securityModeComplete / registrationAccept
Log executor: sending registrationComplete.
Reading from ue
Log executor: received(raw) configurationUpdateCommand from rrc.
####registrationComplete/configurationUpdateCommand####
Sequence 20 step 49: registrationComplete / configurationUpdateCommand
Log executor: sending deregistrationRequest.
Reading from ue
Timeout occured for deregistrationRequest
Sequence 20 step 50: deregistrationRequest / null_action
Log executor: sending registrationRequest.
Reading from ue
Log executor: received(raw) authenticationRequest from rrc.
####registrationRequestGUTI/authenticationRequest####
Sequence 20 step 51: registrationRequestGUTI / authenticationRequest
Log executor: sending authenticationResponse.
Reading from ue
Log executor: received(raw) securityModeCommand from rrc.
####authenticationResponse/securityModeCommand####
Sequence 20 step 52: authenticationResponse / securityModeCommand
Log executor: sending securityModeComplete.
Reading from ue
Log executor: received(raw) registrationAccept from rrc.
####securityModeComplete/registrationAccept####
Sequence 20 step 53: securityModeComplete / registrationAccept
=== Sequence 20 done ===
Stopping nr-ue: 10747
nr-ue stopped.
Stopping nr-gnb: 10729
nr-gnb stopped.
Stopping Open5GS test-core: 10648
[core][ERROR] Open5GS launcher finished with status 134
Open5GS stopped and session log writes were flushed.
=== Sequence 21 start ===
Nodes: 
Inputs: registrationRequest authenticationResponse securityModeComplete registrationComplete deregistrationRequest registrationRequest authenticationResponse securityModeReject registrationRequestGUTI registrationRequest authenticationResponse securityModeComplete registrationComplete deregistrationRequest registrationRequest authenticationResponse securityModeReject registrationRequestGUTI registrationRequest authenticationResponse securityModeComplete registrationComplete deregistrationRequest registrationRequest authenticationResponse securityModeReject registrationRequestGUTI registrationRequest authenticationResponse securityModeComplete registrationComplete deregistrationRequest registrationRequest authenticationResponse securityModeReject registrationRequestGUTI registrationRequest authenticationResponse securityModeComplete registrationComplete deregistrationRequest registrationRequest authenticationResponse securityModeReject registrationRequestGUTI registrationRequest authenticationResponse securityModeComplete registrationComplete deregistrationRequest registrationRequest authenticationResponse securityModeReject registrationRequestGUTI registrationRequest authenticationResponse securityModeComplete registrationComplete deregistrationRequest registrationRequest authenticationResponse securityModeReject registrationRequestGUTI registrationRequest authenticationResponse securityModeComplete registrationComplete deregistrationRequest registrationRequest authenticationResponse securityModeReject registrationRequestGUTI registrationRequest authenticationResponse securityModeComplete registrationComplete deregistrationRequest registrationRequest authenticationResponse securityModeReject registrationRequestGUTI registrationRequest authenticationResponse securityModeComplete registrationComplete deregistrationRequest registrationRequest authenticationResponse securityModeReject registrationRequestGUTI registrationRequest
Wire inputs: registrationRequest authenticationResponse securityModeComplete registrationComplete deregistrationRequest registrationRequest authenticationResponse securityModeReject registrationRequestGUTI registrationRequest authenticationResponse securityModeComplete registrationComplete deregistrationRequest registrationRequest authenticationResponse securityModeReject registrationRequestGUTI registrationRequest authenticationResponse securityModeComplete registrationComplete deregistrationRequest registrationRequest authenticationResponse securityModeReject registrationRequestGUTI registrationRequest authenticationResponse securityModeComplete registrationComplete deregistrationRequest registrationRequest authenticationResponse securityModeReject registrationRequestGUTI registrationRequest authenticationResponse securityModeComplete registrationComplete deregistrationRequest registrationRequest authenticationResponse securityModeReject registrationRequestGUTI registrationRequest authenticationResponse securityModeComplete registrationComplete deregistrationRequest registrationRequest authenticationResponse securityModeReject registrationRequestGUTI registrationRequest authenticationResponse securityModeComplete registrationComplete deregistrationRequest registrationRequest authenticationResponse securityModeReject registrationRequestGUTI registrationRequest authenticationResponse securityModeComplete registrationComplete deregistrationRequest registrationRequest authenticationResponse securityModeReject registrationRequestGUTI registrationRequest authenticationResponse securityModeComplete registrationComplete deregistrationRequest registrationRequest authenticationResponse securityModeReject registrationRequestGUTI registrationRequest authenticationResponse securityModeComplete registrationComplete deregistrationRequest registrationRequest authenticationResponse securityModeReject registrationRequestGUTI registrationRequest
Selected UERANSIM profile: open5gs (UERANSIM-gnb-999-70-1)
Starting Core & gNodeB & UE
nr-gnb is not running.
nr-ue is not running.
No Open5GS test-core process is running from: /home/dzdysl/CoreCrisis/test_open5gs/open5gs
Open5GS stopped and session log writes were flushed.
RUNTIME_CONTRACT WARNING: Runtime file hash mismatch: scripts/start_core.sh expected=840ef0af6893870090daf095a53f3435122accb71b4f23b3e1575d92e6284658 actual=031fbab111baca97e1d910d8038ff4b07084fba888eafcce0d3173acc84f2d9c
Could not persist runtime warning: /home/dzdysl/CoreCrisis/test_open5gs/runs/20260804T034905Z-2b7f2823/raw/open5gs/core-session-044
[core][INFO] Launching Open5GS from: /home/dzdysl/CoreCrisis/test_open5gs/open5gs
[core][INFO] Configuration: /home/dzdysl/CoreCrisis/test_open5gs/core.properties
[core][INFO] Core log: /home/dzdysl/CoreCrisis/test_open5gs/runs/20260804T034905Z-2b7f2823/raw/open5gs/core-session-044/core.log
[core][ERROR] Open5GS launcher finished with status 134
Finished starting up Core & gNodeB
Connecting to ue..
Timeout occurred for UE(Done)
Stopping nr-gnb: 10977
nr-gnb stopped.
Stopping nr-ue: 10994
nr-ue stopped.
No Open5GS test-core process is running from: /home/dzdysl/CoreCrisis/test_open5gs/open5gs
Open5GS stopped and session log writes were flushed.
RUNTIME_CONTRACT WARNING: Runtime file hash mismatch: scripts/start_core.sh expected=840ef0af6893870090daf095a53f3435122accb71b4f23b3e1575d92e6284658 actual=031fbab111baca97e1d910d8038ff4b07084fba888eafcce0d3173acc84f2d9c
Could not persist runtime warning: /home/dzdysl/CoreCrisis/test_open5gs/runs/20260804T034905Z-2b7f2823/raw/open5gs/core-session-045
[core][INFO] Launching Open5GS from: /home/dzdysl/CoreCrisis/test_open5gs/open5gs
[core][INFO] Configuration: /home/dzdysl/CoreCrisis/test_open5gs/core.properties
[core][INFO] Core log: /home/dzdysl/CoreCrisis/test_open5gs/runs/20260804T034905Z-2b7f2823/raw/open5gs/core-session-045/core.log
Connecting to ue..
Received = DONE
Connected with UE.
Sent Hello.
Received = Hi
Connected to ue.
Done with initializing the connection with UE, gNodeB, and Core.
Log executor: sending registrationRequest.
Reading from ue
Log executor: received(raw) authenticationRequest from rrc.
####registrationRequest/authenticationRequest####
Sequence 21 step 1: registrationRequest / authenticationRequest
Log executor: sending authenticationResponse.
Reading from ue
Log executor: received(raw) securityModeCommand from rrc.
####authenticationResponse/securityModeCommand####
Sequence 21 step 2: authenticationResponse / securityModeCommand
Log executor: sending securityModeComplete.
Reading from ue
Log executor: received(raw) registrationAccept from rrc.
####securityModeComplete/registrationAccept####
Sequence 21 step 3: securityModeComplete / registrationAccept
Log executor: sending registrationComplete.
Reading from ue
Log executor: received(raw) configurationUpdateCommand from rrc.
####registrationComplete/configurationUpdateCommand####
Sequence 21 step 4: registrationComplete / configurationUpdateCommand
Log executor: sending deregistrationRequest.
Reading from ue
Timeout occured for deregistrationRequest
Sequence 21 step 5: deregistrationRequest / null_action
Log executor: sending registrationRequest.
Reading from ue
Log executor: received(raw) authenticationRequest from rrc.
####registrationRequest/authenticationRequest####
Sequence 21 step 6: registrationRequest / authenticationRequest
Log executor: sending authenticationResponse.
Reading from ue
Log executor: received(raw) securityModeCommand from rrc.
####authenticationResponse/securityModeCommand####
Sequence 21 step 7: authenticationResponse / securityModeCommand
Log executor: sending securityModeReject.
Reading from ue
Timeout occured for securityModeReject
Sequence 21 step 8: securityModeReject / null_action
Log executor: sending registrationRequest.
Reading from ue
Log executor: received(raw) identityRequest from rrc.
####registrationRequestGUTI/identityRequest####
Sequence 21 step 9: registrationRequestGUTI / identityRequest
Log executor: sending registrationRequest.
Reading from ue
Log executor: received(raw) authenticationRequest from rrc.
####registrationRequest/authenticationRequest####
Sequence 21 step 10: registrationRequest / authenticationRequest
Log executor: sending authenticationResponse.
Reading from ue
Log executor: received(raw) securityModeCommand from rrc.
####authenticationResponse/securityModeCommand####
Sequence 21 step 11: authenticationResponse / securityModeCommand
Log executor: sending securityModeComplete.
Reading from ue
Log executor: received(raw) registrationAccept from rrc.
####securityModeComplete/registrationAccept####
Sequence 21 step 12: securityModeComplete / registrationAccept
Log executor: sending registrationComplete.
Reading from ue
Log executor: received(raw) configurationUpdateCommand from rrc.
####registrationComplete/configurationUpdateCommand####
Sequence 21 step 13: registrationComplete / configurationUpdateCommand
Log executor: sending deregistrationRequest.
Reading from ue
Timeout occured for deregistrationRequest
Sequence 21 step 14: deregistrationRequest / null_action
Log executor: sending registrationRequest.
Reading from ue
Log executor: received(raw) authenticationRequest from rrc.
####registrationRequest/authenticationRequest####
Sequence 21 step 15: registrationRequest / authenticationRequest
Log executor: sending authenticationResponse.
Reading from ue
Log executor: received(raw) securityModeCommand from rrc.
####authenticationResponse/securityModeCommand####
Sequence 21 step 16: authenticationResponse / securityModeCommand
Log executor: sending securityModeReject.
Reading from ue
Timeout occured for securityModeReject
Sequence 21 step 17: securityModeReject / null_action
Log executor: sending registrationRequest.
Reading from ue
Log executor: received(raw) identityRequest from rrc.
####registrationRequestGUTI/identityRequest####
Sequence 21 step 18: registrationRequestGUTI / identityRequest
Log executor: sending registrationRequest.
Reading from ue
Log executor: received(raw) authenticationRequest from rrc.
####registrationRequest/authenticationRequest####
Sequence 21 step 19: registrationRequest / authenticationRequest
Log executor: sending authenticationResponse.
Reading from ue
Log executor: received(raw) securityModeCommand from rrc.
####authenticationResponse/securityModeCommand####
Sequence 21 step 20: authenticationResponse / securityModeCommand
Log executor: sending securityModeComplete.
Reading from ue
Log executor: received(raw) registrationAccept from rrc.
####securityModeComplete/registrationAccept####
Sequence 21 step 21: securityModeComplete / registrationAccept
Log executor: sending registrationComplete.
Reading from ue
Log executor: received(raw) configurationUpdateCommand from rrc.
####registrationComplete/configurationUpdateCommand####
Sequence 21 step 22: registrationComplete / configurationUpdateCommand
Log executor: sending deregistrationRequest.
Reading from ue
Timeout occured for deregistrationRequest
Sequence 21 step 23: deregistrationRequest / null_action
Log executor: sending registrationRequest.
Reading from ue
Log executor: received(raw) authenticationRequest from rrc.
####registrationRequest/authenticationRequest####
Sequence 21 step 24: registrationRequest / authenticationRequest
Log executor: sending authenticationResponse.
Reading from ue
Log executor: received(raw) securityModeCommand from rrc.
####authenticationResponse/securityModeCommand####
Sequence 21 step 25: authenticationResponse / securityModeCommand
Log executor: sending securityModeReject.
Reading from ue
Timeout occured for securityModeReject
Sequence 21 step 26: securityModeReject / null_action
Log executor: sending registrationRequest.
Reading from ue
Log executor: received(raw) identityRequest from rrc.
####registrationRequestGUTI/identityRequest####
Sequence 21 step 27: registrationRequestGUTI / identityRequest
Log executor: sending registrationRequest.
Reading from ue
Log executor: received(raw) authenticationRequest from rrc.
####registrationRequest/authenticationRequest####
Sequence 21 step 28: registrationRequest / authenticationRequest
Log executor: sending authenticationResponse.
Reading from ue
Log executor: received(raw) securityModeCommand from rrc.
####authenticationResponse/securityModeCommand####
Sequence 21 step 29: authenticationResponse / securityModeCommand
Log executor: sending securityModeComplete.
Reading from ue
Log executor: received(raw) registrationAccept from rrc.
####securityModeComplete/registrationAccept####
Sequence 21 step 30: securityModeComplete / registrationAccept
Log executor: sending registrationComplete.
Reading from ue
Log executor: received(raw) configurationUpdateCommand from rrc.
####registrationComplete/configurationUpdateCommand####
Sequence 21 step 31: registrationComplete / configurationUpdateCommand
Log executor: sending deregistrationRequest.
Reading from ue
Timeout occured for deregistrationRequest
Sequence 21 step 32: deregistrationRequest / null_action
Log executor: sending registrationRequest.
Reading from ue
Log executor: received(raw) authenticationRequest from rrc.
####registrationRequest/authenticationRequest####
Sequence 21 step 33: registrationRequest / authenticationRequest
Log executor: sending authenticationResponse.
Reading from ue
Log executor: received(raw) securityModeCommand from rrc.
####authenticationResponse/securityModeCommand####
Sequence 21 step 34: authenticationResponse / securityModeCommand
Log executor: sending securityModeReject.
Reading from ue
Timeout occured for securityModeReject
Sequence 21 step 35: securityModeReject / null_action
Log executor: sending registrationRequest.
Reading from ue
Log executor: received(raw) identityRequest from rrc.
####registrationRequestGUTI/identityRequest####
Sequence 21 step 36: registrationRequestGUTI / identityRequest
Log executor: sending registrationRequest.
Reading from ue
Log executor: received(raw) authenticationRequest from rrc.
####registrationRequest/authenticationRequest####
Sequence 21 step 37: registrationRequest / authenticationRequest
Log executor: sending authenticationResponse.
Reading from ue
Log executor: received(raw) securityModeCommand from rrc.
####authenticationResponse/securityModeCommand####
Sequence 21 step 38: authenticationResponse / securityModeCommand
Log executor: sending securityModeComplete.
Reading from ue
Log executor: received(raw) registrationAccept from rrc.
####securityModeComplete/registrationAccept####
Sequence 21 step 39: securityModeComplete / registrationAccept
Log executor: sending registrationComplete.
Reading from ue
Log executor: received(raw) configurationUpdateCommand from rrc.
####registrationComplete/configurationUpdateCommand####
Sequence 21 step 40: registrationComplete / configurationUpdateCommand
Log executor: sending deregistrationRequest.
Reading from ue
Timeout occured for deregistrationRequest
Sequence 21 step 41: deregistrationRequest / null_action
Log executor: sending registrationRequest.
Reading from ue
Log executor: received(raw) authenticationRequest from rrc.
####registrationRequest/authenticationRequest####
Sequence 21 step 42: registrationRequest / authenticationRequest
Log executor: sending authenticationResponse.
Reading from ue
Log executor: received(raw) securityModeCommand from rrc.
####authenticationResponse/securityModeCommand####
Sequence 21 step 43: authenticationResponse / securityModeCommand
Log executor: sending securityModeReject.
Reading from ue
Timeout occured for securityModeReject
Sequence 21 step 44: securityModeReject / null_action
Log executor: sending registrationRequest.
Reading from ue
Log executor: received(raw) identityRequest from rrc.
####registrationRequestGUTI/identityRequest####
Sequence 21 step 45: registrationRequestGUTI / identityRequest
Log executor: sending registrationRequest.
Reading from ue
Log executor: received(raw) authenticationRequest from rrc.
####registrationRequest/authenticationRequest####
Sequence 21 step 46: registrationRequest / authenticationRequest
Log executor: sending authenticationResponse.
Reading from ue
Log executor: received(raw) securityModeCommand from rrc.
####authenticationResponse/securityModeCommand####
Sequence 21 step 47: authenticationResponse / securityModeCommand
Log executor: sending securityModeComplete.
Reading from ue
Log executor: received(raw) registrationAccept from rrc.
####securityModeComplete/registrationAccept####
Sequence 21 step 48: securityModeComplete / registrationAccept
Log executor: sending registrationComplete.
Reading from ue
Log executor: received(raw) configurationUpdateCommand from rrc.
####registrationComplete/configurationUpdateCommand####
Sequence 21 step 49: registrationComplete / configurationUpdateCommand
Log executor: sending deregistrationRequest.
Reading from ue
Timeout occured for deregistrationRequest
Sequence 21 step 50: deregistrationRequest / null_action
Log executor: sending registrationRequest.
Reading from ue
Log executor: received(raw) authenticationRequest from rrc.
####registrationRequest/authenticationRequest####
Sequence 21 step 51: registrationRequest / authenticationRequest
Log executor: sending authenticationResponse.
Reading from ue
Log executor: received(raw) securityModeCommand from rrc.
####authenticationResponse/securityModeCommand####
Sequence 21 step 52: authenticationResponse / securityModeCommand
Log executor: sending securityModeReject.
Reading from ue
Timeout occured for securityModeReject
Sequence 21 step 53: securityModeReject / null_action
Log executor: sending registrationRequest.
Reading from ue
Log executor: received(raw) identityRequest from rrc.
####registrationRequestGUTI/identityRequest####
Sequence 21 step 54: registrationRequestGUTI / identityRequest
Log executor: sending registrationRequest.
Reading from ue
Log executor: received(raw) authenticationRequest from rrc.
####registrationRequest/authenticationRequest####
Sequence 21 step 55: registrationRequest / authenticationRequest
Log executor: sending authenticationResponse.
Reading from ue
Log executor: received(raw) securityModeCommand from rrc.
####authenticationResponse/securityModeCommand####
Sequence 21 step 56: authenticationResponse / securityModeCommand
Log executor: sending securityModeComplete.
Reading from ue
Log executor: received(raw) registrationAccept from rrc.
####securityModeComplete/registrationAccept####
Sequence 21 step 57: securityModeComplete / registrationAccept
Log executor: sending registrationComplete.
Reading from ue
Log executor: received(raw) configurationUpdateCommand from rrc.
####registrationComplete/configurationUpdateCommand####
Sequence 21 step 58: registrationComplete / configurationUpdateCommand
Log executor: sending deregistrationRequest.
Reading from ue
Timeout occured for deregistrationRequest
Sequence 21 step 59: deregistrationRequest / null_action
Log executor: sending registrationRequest.
Reading from ue
Log executor: received(raw) authenticationRequest from rrc.
####registrationRequest/authenticationRequest####
Sequence 21 step 60: registrationRequest / authenticationRequest
Log executor: sending authenticationResponse.
Reading from ue
Log executor: received(raw) securityModeCommand from rrc.
####authenticationResponse/securityModeCommand####
Sequence 21 step 61: authenticationResponse / securityModeCommand
Log executor: sending securityModeReject.
Reading from ue
Timeout occured for securityModeReject
Sequence 21 step 62: securityModeReject / null_action
Log executor: sending registrationRequest.
Reading from ue
Log executor: received(raw) identityRequest from rrc.
####registrationRequestGUTI/identityRequest####
Sequence 21 step 63: registrationRequestGUTI / identityRequest
Log executor: sending registrationRequest.
Reading from ue
Log executor: received(raw) authenticationRequest from rrc.
####registrationRequest/authenticationRequest####
Sequence 21 step 64: registrationRequest / authenticationRequest
Log executor: sending authenticationResponse.
Reading from ue
Log executor: received(raw) securityModeCommand from rrc.
####authenticationResponse/securityModeCommand####
Sequence 21 step 65: authenticationResponse / securityModeCommand
Log executor: sending securityModeComplete.
Reading from ue
Log executor: received(raw) registrationAccept from rrc.
####securityModeComplete/registrationAccept####
Sequence 21 step 66: securityModeComplete / registrationAccept
Log executor: sending registrationComplete.
Reading from ue
Log executor: received(raw) configurationUpdateCommand from rrc.
####registrationComplete/configurationUpdateCommand####
Sequence 21 step 67: registrationComplete / configurationUpdateCommand
Log executor: sending deregistrationRequest.
Reading from ue
Timeout occured for deregistrationRequest
Sequence 21 step 68: deregistrationRequest / null_action
Log executor: sending registrationRequest.
Reading from ue
Log executor: received(raw) authenticationRequest from rrc.
####registrationRequest/authenticationRequest####
Sequence 21 step 69: registrationRequest / authenticationRequest
Log executor: sending authenticationResponse.
Reading from ue
Log executor: received(raw) securityModeCommand from rrc.
####authenticationResponse/securityModeCommand####
Sequence 21 step 70: authenticationResponse / securityModeCommand
Log executor: sending securityModeReject.
Reading from ue
Timeout occured for securityModeReject
Sequence 21 step 71: securityModeReject / null_action
Log executor: sending registrationRequest.
Reading from ue
Log executor: received(raw) identityRequest from rrc.
####registrationRequestGUTI/identityRequest####
Sequence 21 step 72: registrationRequestGUTI / identityRequest
Log executor: sending registrationRequest.
Reading from ue
Log executor: received(raw) authenticationRequest from rrc.
####registrationRequest/authenticationRequest####
Sequence 21 step 73: registrationRequest / authenticationRequest
Log executor: sending authenticationResponse.
Reading from ue
Log executor: received(raw) securityModeCommand from rrc.
####authenticationResponse/securityModeCommand####
Sequence 21 step 74: authenticationResponse / securityModeCommand
Log executor: sending securityModeComplete.
Reading from ue
Log executor: received(raw) registrationAccept from rrc.
####securityModeComplete/registrationAccept####
Sequence 21 step 75: securityModeComplete / registrationAccept
Log executor: sending registrationComplete.
Reading from ue
Log executor: received(raw) configurationUpdateCommand from rrc.
####registrationComplete/configurationUpdateCommand####
Sequence 21 step 76: registrationComplete / configurationUpdateCommand
Log executor: sending deregistrationRequest.
Reading from ue
Timeout occured for deregistrationRequest
Sequence 21 step 77: deregistrationRequest / null_action
Log executor: sending registrationRequest.
Reading from ue
Log executor: received(raw) authenticationRequest from rrc.
####registrationRequest/authenticationRequest####
Sequence 21 step 78: registrationRequest / authenticationRequest
Log executor: sending authenticationResponse.
Reading from ue
Log executor: received(raw) securityModeCommand from rrc.
####authenticationResponse/securityModeCommand####
Sequence 21 step 79: authenticationResponse / securityModeCommand
Log executor: sending securityModeReject.
Reading from ue
Timeout occured for securityModeReject
Sequence 21 step 80: securityModeReject / null_action
Log executor: sending registrationRequest.
Reading from ue
Log executor: received(raw) identityRequest from rrc.
####registrationRequestGUTI/identityRequest####
Sequence 21 step 81: registrationRequestGUTI / identityRequest
Log executor: sending registrationRequest.
Reading from ue
Log executor: received(raw) authenticationRequest from rrc.
####registrationRequest/authenticationRequest####
Sequence 21 step 82: registrationRequest / authenticationRequest
Log executor: sending authenticationResponse.
Reading from ue
Log executor: received(raw) securityModeCommand from rrc.
####authenticationResponse/securityModeCommand####
Sequence 21 step 83: authenticationResponse / securityModeCommand
Log executor: sending securityModeComplete.
Reading from ue
Log executor: received(raw) registrationAccept from rrc.
####securityModeComplete/registrationAccept####
Sequence 21 step 84: securityModeComplete / registrationAccept
Log executor: sending registrationComplete.
Reading from ue
Log executor: received(raw) configurationUpdateCommand from rrc.
####registrationComplete/configurationUpdateCommand####
Sequence 21 step 85: registrationComplete / configurationUpdateCommand
Log executor: sending deregistrationRequest.
Reading from ue
Timeout occured for deregistrationRequest
Sequence 21 step 86: deregistrationRequest / null_action
Log executor: sending registrationRequest.
Reading from ue
Log executor: received(raw) authenticationRequest from rrc.
####registrationRequest/authenticationRequest####
Sequence 21 step 87: registrationRequest / authenticationRequest
Log executor: sending authenticationResponse.
Reading from ue
Log executor: received(raw) securityModeCommand from rrc.
####authenticationResponse/securityModeCommand####
Sequence 21 step 88: authenticationResponse / securityModeCommand
Log executor: sending securityModeReject.
Reading from ue
Timeout occured for securityModeReject
Sequence 21 step 89: securityModeReject / null_action
Log executor: sending registrationRequest.
Reading from ue
Log executor: received(raw) identityRequest from rrc.
####registrationRequestGUTI/identityRequest####
Sequence 21 step 90: registrationRequestGUTI / identityRequest
Log executor: sending registrationRequest.
Reading from ue
Log executor: received(raw) authenticationRequest from rrc.
####registrationRequest/authenticationRequest####
Sequence 21 step 91: registrationRequest / authenticationRequest
=== Sequence 21 done ===
Stopping nr-ue: 11175
nr-ue stopped.
Stopping nr-gnb: 11157
nr-gnb stopped.
Stopping Open5GS test-core: 11076
[core][ERROR] Open5GS launcher finished with status 134
Open5GS stopped and session log writes were flushed.
=== Sequence 22 start ===
Nodes: 
Inputs: registrationRequest authenticationResponse securityModeComplete registrationComplete deregistrationRequest registrationRequest authenticationResponse securityModeReject registrationRequestGUTI identityResponse authenticationResponse securityModeComplete registrationComplete deregistrationRequest registrationRequest authenticationResponse securityModeReject registrationRequestGUTI identityResponse authenticationResponse securityModeComplete registrationComplete deregistrationRequest registrationRequest authenticationResponse securityModeReject registrationRequestGUTI identityResponse authenticationResponse securityModeComplete registrationComplete deregistrationRequest registrationRequest authenticationResponse securityModeReject registrationRequestGUTI identityResponse authenticationResponse securityModeComplete registrationComplete deregistrationRequest registrationRequest authenticationResponse securityModeReject registrationRequestGUTI identityResponse authenticationResponse securityModeComplete registrationComplete deregistrationRequest registrationRequest authenticationResponse securityModeReject registrationRequestGUTI identityResponse authenticationResponse securityModeComplete registrationComplete deregistrationRequest registrationRequest authenticationResponse securityModeReject registrationRequestGUTI identityResponse authenticationResponse securityModeComplete registrationComplete deregistrationRequest registrationRequest authenticationResponse securityModeReject registrationRequestGUTI identityResponse authenticationResponse securityModeComplete registrationComplete deregistrationRequest registrationRequest authenticationResponse securityModeReject registrationRequestGUTI identityResponse authenticationResponse securityModeComplete registrationComplete deregistrationRequest registrationRequest authenticationResponse securityModeReject registrationRequestGUTI identityResponse
Wire inputs: registrationRequest authenticationResponse securityModeComplete registrationComplete deregistrationRequest registrationRequest authenticationResponse securityModeReject registrationRequestGUTI identityResponse authenticationResponse securityModeComplete registrationComplete deregistrationRequest registrationRequest authenticationResponse securityModeReject registrationRequestGUTI identityResponse authenticationResponse securityModeComplete registrationComplete deregistrationRequest registrationRequest authenticationResponse securityModeReject registrationRequestGUTI identityResponse authenticationResponse securityModeComplete registrationComplete deregistrationRequest registrationRequest authenticationResponse securityModeReject registrationRequestGUTI identityResponse authenticationResponse securityModeComplete registrationComplete deregistrationRequest registrationRequest authenticationResponse securityModeReject registrationRequestGUTI identityResponse authenticationResponse securityModeComplete registrationComplete deregistrationRequest registrationRequest authenticationResponse securityModeReject registrationRequestGUTI identityResponse authenticationResponse securityModeComplete registrationComplete deregistrationRequest registrationRequest authenticationResponse securityModeReject registrationRequestGUTI identityResponse authenticationResponse securityModeComplete registrationComplete deregistrationRequest registrationRequest authenticationResponse securityModeReject registrationRequestGUTI identityResponse authenticationResponse securityModeComplete registrationComplete deregistrationRequest registrationRequest authenticationResponse securityModeReject registrationRequestGUTI identityResponse authenticationResponse securityModeComplete registrationComplete deregistrationRequest registrationRequest authenticationResponse securityModeReject registrationRequestGUTI identityResponse
Selected UERANSIM profile: open5gs (UERANSIM-gnb-999-70-1)
Starting Core & gNodeB & UE
nr-gnb is not running.
nr-ue is not running.
No Open5GS test-core process is running from: /home/dzdysl/CoreCrisis/test_open5gs/open5gs
Open5GS stopped and session log writes were flushed.
RUNTIME_CONTRACT WARNING: Runtime file hash mismatch: scripts/start_core.sh expected=840ef0af6893870090daf095a53f3435122accb71b4f23b3e1575d92e6284658 actual=031fbab111baca97e1d910d8038ff4b07084fba888eafcce0d3173acc84f2d9c
Could not persist runtime warning: /home/dzdysl/CoreCrisis/test_open5gs/runs/20260804T034905Z-2b7f2823/raw/open5gs/core-session-046
[core][INFO] Launching Open5GS from: /home/dzdysl/CoreCrisis/test_open5gs/open5gs
[core][INFO] Configuration: /home/dzdysl/CoreCrisis/test_open5gs/core.properties
[core][INFO] Core log: /home/dzdysl/CoreCrisis/test_open5gs/runs/20260804T034905Z-2b7f2823/raw/open5gs/core-session-046/core.log
[core][ERROR] Open5GS launcher finished with status 134
Finished starting up Core & gNodeB
Connecting to ue..
Timeout occurred for UE(Done)
Stopping nr-gnb: 11451
nr-gnb stopped.
Stopping nr-ue: 11468
nr-ue stopped.
No Open5GS test-core process is running from: /home/dzdysl/CoreCrisis/test_open5gs/open5gs
Open5GS stopped and session log writes were flushed.
RUNTIME_CONTRACT WARNING: Runtime file hash mismatch: scripts/start_core.sh expected=840ef0af6893870090daf095a53f3435122accb71b4f23b3e1575d92e6284658 actual=031fbab111baca97e1d910d8038ff4b07084fba888eafcce0d3173acc84f2d9c
Could not persist runtime warning: /home/dzdysl/CoreCrisis/test_open5gs/runs/20260804T034905Z-2b7f2823/raw/open5gs/core-session-047
[core][INFO] Launching Open5GS from: /home/dzdysl/CoreCrisis/test_open5gs/open5gs
[core][INFO] Configuration: /home/dzdysl/CoreCrisis/test_open5gs/core.properties
[core][INFO] Core log: /home/dzdysl/CoreCrisis/test_open5gs/runs/20260804T034905Z-2b7f2823/raw/open5gs/core-session-047/core.log
Connecting to ue..
Received = DONE
Connected with UE.
Sent Hello.
Received = Hi
Connected to ue.
Done with initializing the connection with UE, gNodeB, and Core.
Log executor: sending registrationRequest.
Reading from ue
Log executor: received(raw) authenticationRequest from rrc.
####registrationRequest/authenticationRequest####
Sequence 22 step 1: registrationRequest / authenticationRequest
Log executor: sending authenticationResponse.
Reading from ue
Log executor: received(raw) securityModeCommand from rrc.
####authenticationResponse/securityModeCommand####
Sequence 22 step 2: authenticationResponse / securityModeCommand
Log executor: sending securityModeComplete.
Reading from ue
Log executor: received(raw) registrationAccept from rrc.
####securityModeComplete/registrationAccept####
Sequence 22 step 3: securityModeComplete / registrationAccept
Log executor: sending registrationComplete.
Reading from ue
Log executor: received(raw) configurationUpdateCommand from rrc.
####registrationComplete/configurationUpdateCommand####
Sequence 22 step 4: registrationComplete / configurationUpdateCommand
Log executor: sending deregistrationRequest.
Reading from ue
Timeout occured for deregistrationRequest
Sequence 22 step 5: deregistrationRequest / null_action
Log executor: sending registrationRequest.
Reading from ue
Log executor: received(raw) authenticationRequest from rrc.
####registrationRequest/authenticationRequest####
Sequence 22 step 6: registrationRequest / authenticationRequest
Log executor: sending authenticationResponse.
Reading from ue
Log executor: received(raw) securityModeCommand from rrc.
####authenticationResponse/securityModeCommand####
Sequence 22 step 7: authenticationResponse / securityModeCommand
Log executor: sending securityModeReject.
Reading from ue
Timeout occured for securityModeReject
Sequence 22 step 8: securityModeReject / null_action
Log executor: sending registrationRequest.
Reading from ue
Log executor: received(raw) identityRequest from rrc.
####registrationRequestGUTI/identityRequest####
Sequence 22 step 9: registrationRequestGUTI / identityRequest
Log executor: sending identityResponse.
Reading from ue
Log executor: received(raw) authenticationRequest from rrc.
####identityResponse/authenticationRequest####
Sequence 22 step 10: identityResponse / authenticationRequest
Log executor: sending authenticationResponse.
Reading from ue
Log executor: received(raw) securityModeCommand from rrc.
####authenticationResponse/securityModeCommand####
Sequence 22 step 11: authenticationResponse / securityModeCommand
Log executor: sending securityModeComplete.
Reading from ue
Log executor: received(raw) registrationAccept from rrc.
####securityModeComplete/registrationAccept####
Sequence 22 step 12: securityModeComplete / registrationAccept
Log executor: sending registrationComplete.
Reading from ue
Log executor: received(raw) configurationUpdateCommand from rrc.
####registrationComplete/configurationUpdateCommand####
Sequence 22 step 13: registrationComplete / configurationUpdateCommand
Log executor: sending deregistrationRequest.
Reading from ue
Timeout occured for deregistrationRequest
Sequence 22 step 14: deregistrationRequest / null_action
Log executor: sending registrationRequest.
Reading from ue
Log executor: received(raw) authenticationRequest from rrc.
####registrationRequest/authenticationRequest####
Sequence 22 step 15: registrationRequest / authenticationRequest
Log executor: sending authenticationResponse.
Reading from ue
Log executor: received(raw) securityModeCommand from rrc.
####authenticationResponse/securityModeCommand####
Sequence 22 step 16: authenticationResponse / securityModeCommand
Log executor: sending securityModeReject.
Reading from ue
Timeout occured for securityModeReject
Sequence 22 step 17: securityModeReject / null_action
Log executor: sending registrationRequest.
Reading from ue
Log executor: received(raw) identityRequest from rrc.
####registrationRequestGUTI/identityRequest####
Sequence 22 step 18: registrationRequestGUTI / identityRequest
Log executor: sending identityResponse.
Reading from ue
Log executor: received(raw) authenticationRequest from rrc.
####identityResponse/authenticationRequest####
Sequence 22 step 19: identityResponse / authenticationRequest
Log executor: sending authenticationResponse.
Reading from ue
Log executor: received(raw) securityModeCommand from rrc.
####authenticationResponse/securityModeCommand####
Sequence 22 step 20: authenticationResponse / securityModeCommand
Log executor: sending securityModeComplete.
Reading from ue
Log executor: received(raw) registrationAccept from rrc.
####securityModeComplete/registrationAccept####
Sequence 22 step 21: securityModeComplete / registrationAccept
Log executor: sending registrationComplete.
Reading from ue
Log executor: received(raw) configurationUpdateCommand from rrc.
####registrationComplete/configurationUpdateCommand####
Sequence 22 step 22: registrationComplete / configurationUpdateCommand
Log executor: sending deregistrationRequest.
Reading from ue
Timeout occured for deregistrationRequest
Sequence 22 step 23: deregistrationRequest / null_action
Log executor: sending registrationRequest.
Reading from ue
Log executor: received(raw) authenticationRequest from rrc.
####registrationRequest/authenticationRequest####
Sequence 22 step 24: registrationRequest / authenticationRequest
Log executor: sending authenticationResponse.
Reading from ue
Log executor: received(raw) securityModeCommand from rrc.
####authenticationResponse/securityModeCommand####
Sequence 22 step 25: authenticationResponse / securityModeCommand
Log executor: sending securityModeReject.
Reading from ue
Timeout occured for securityModeReject
Sequence 22 step 26: securityModeReject / null_action
Log executor: sending registrationRequest.
Reading from ue
Log executor: received(raw) identityRequest from rrc.
####registrationRequestGUTI/identityRequest####
Sequence 22 step 27: registrationRequestGUTI / identityRequest
Log executor: sending identityResponse.
Reading from ue
Log executor: received(raw) authenticationRequest from rrc.
####identityResponse/authenticationRequest####
Sequence 22 step 28: identityResponse / authenticationRequest
Log executor: sending authenticationResponse.
Reading from ue
Log executor: received(raw) securityModeCommand from rrc.
####authenticationResponse/securityModeCommand####
Sequence 22 step 29: authenticationResponse / securityModeCommand
Log executor: sending securityModeComplete.
Reading from ue
Log executor: received(raw) registrationAccept from rrc.
####securityModeComplete/registrationAccept####
Sequence 22 step 30: securityModeComplete / registrationAccept
Log executor: sending registrationComplete.
Reading from ue
Log executor: received(raw) configurationUpdateCommand from rrc.
####registrationComplete/configurationUpdateCommand####
Sequence 22 step 31: registrationComplete / configurationUpdateCommand
Log executor: sending deregistrationRequest.
Reading from ue
Timeout occured for deregistrationRequest
Sequence 22 step 32: deregistrationRequest / null_action
Log executor: sending registrationRequest.
Reading from ue
Log executor: received(raw) authenticationRequest from rrc.
####registrationRequest/authenticationRequest####
Sequence 22 step 33: registrationRequest / authenticationRequest
Log executor: sending authenticationResponse.
Reading from ue
Log executor: received(raw) securityModeCommand from rrc.
####authenticationResponse/securityModeCommand####
Sequence 22 step 34: authenticationResponse / securityModeCommand
Log executor: sending securityModeReject.
Reading from ue
Timeout occured for securityModeReject
Sequence 22 step 35: securityModeReject / null_action
Log executor: sending registrationRequest.
Reading from ue
Log executor: received(raw) identityRequest from rrc.
####registrationRequestGUTI/identityRequest####
Sequence 22 step 36: registrationRequestGUTI / identityRequest
Log executor: sending identityResponse.
Reading from ue
Log executor: received(raw) authenticationRequest from rrc.
####identityResponse/authenticationRequest####
Sequence 22 step 37: identityResponse / authenticationRequest
Log executor: sending authenticationResponse.
Reading from ue
Log executor: received(raw) securityModeCommand from rrc.
####authenticationResponse/securityModeCommand####
Sequence 22 step 38: authenticationResponse / securityModeCommand
Log executor: sending securityModeComplete.
Reading from ue
Log executor: received(raw) registrationAccept from rrc.
####securityModeComplete/registrationAccept####
Sequence 22 step 39: securityModeComplete / registrationAccept
Log executor: sending registrationComplete.
Reading from ue
Log executor: received(raw) configurationUpdateCommand from rrc.
####registrationComplete/configurationUpdateCommand####
Sequence 22 step 40: registrationComplete / configurationUpdateCommand
Log executor: sending deregistrationRequest.
Reading from ue
Timeout occured for deregistrationRequest
Sequence 22 step 41: deregistrationRequest / null_action
Log executor: sending registrationRequest.
Reading from ue
Log executor: received(raw) authenticationRequest from rrc.
####registrationRequest/authenticationRequest####
Sequence 22 step 42: registrationRequest / authenticationRequest
Log executor: sending authenticationResponse.
Reading from ue
Log executor: received(raw) securityModeCommand from rrc.
####authenticationResponse/securityModeCommand####
Sequence 22 step 43: authenticationResponse / securityModeCommand
Log executor: sending securityModeReject.
Reading from ue
Timeout occured for securityModeReject
Sequence 22 step 44: securityModeReject / null_action
Log executor: sending registrationRequest.
Reading from ue
Log executor: received(raw) identityRequest from rrc.
####registrationRequestGUTI/identityRequest####
Sequence 22 step 45: registrationRequestGUTI / identityRequest
Log executor: sending identityResponse.
Reading from ue
Log executor: received(raw) authenticationRequest from rrc.
####identityResponse/authenticationRequest####
Sequence 22 step 46: identityResponse / authenticationRequest
Log executor: sending authenticationResponse.
Reading from ue
Log executor: received(raw) securityModeCommand from rrc.
####authenticationResponse/securityModeCommand####
Sequence 22 step 47: authenticationResponse / securityModeCommand
Log executor: sending securityModeComplete.
Reading from ue
Log executor: received(raw) registrationAccept from rrc.
####securityModeComplete/registrationAccept####
Sequence 22 step 48: securityModeComplete / registrationAccept
Log executor: sending registrationComplete.
Reading from ue
Log executor: received(raw) configurationUpdateCommand from rrc.
####registrationComplete/configurationUpdateCommand####
Sequence 22 step 49: registrationComplete / configurationUpdateCommand
Log executor: sending deregistrationRequest.
Reading from ue
Timeout occured for deregistrationRequest
Sequence 22 step 50: deregistrationRequest / null_action
Log executor: sending registrationRequest.
Reading from ue
Log executor: received(raw) authenticationRequest from rrc.
####registrationRequest/authenticationRequest####
Sequence 22 step 51: registrationRequest / authenticationRequest
Log executor: sending authenticationResponse.
Reading from ue
Log executor: received(raw) securityModeCommand from rrc.
####authenticationResponse/securityModeCommand####
Sequence 22 step 52: authenticationResponse / securityModeCommand
Log executor: sending securityModeReject.
Reading from ue
Timeout occured for securityModeReject
Sequence 22 step 53: securityModeReject / null_action
Log executor: sending registrationRequest.
Reading from ue
Log executor: received(raw) identityRequest from rrc.
####registrationRequestGUTI/identityRequest####
Sequence 22 step 54: registrationRequestGUTI / identityRequest
Log executor: sending identityResponse.
Reading from ue
Log executor: received(raw) authenticationRequest from rrc.
####identityResponse/authenticationRequest####
Sequence 22 step 55: identityResponse / authenticationRequest
Log executor: sending authenticationResponse.
Reading from ue
Log executor: received(raw) securityModeCommand from rrc.
####authenticationResponse/securityModeCommand####
Sequence 22 step 56: authenticationResponse / securityModeCommand
Log executor: sending securityModeComplete.
Reading from ue
Log executor: received(raw) registrationAccept from rrc.
####securityModeComplete/registrationAccept####
Sequence 22 step 57: securityModeComplete / registrationAccept
Log executor: sending registrationComplete.
Reading from ue
Log executor: received(raw) configurationUpdateCommand from rrc.
####registrationComplete/configurationUpdateCommand####
Sequence 22 step 58: registrationComplete / configurationUpdateCommand
Log executor: sending deregistrationRequest.
Reading from ue
Timeout occured for deregistrationRequest
Sequence 22 step 59: deregistrationRequest / null_action
Log executor: sending registrationRequest.
Reading from ue
Log executor: received(raw) authenticationRequest from rrc.
####registrationRequest/authenticationRequest####
Sequence 22 step 60: registrationRequest / authenticationRequest
Log executor: sending authenticationResponse.
Reading from ue
Log executor: received(raw) securityModeCommand from rrc.
####authenticationResponse/securityModeCommand####
Sequence 22 step 61: authenticationResponse / securityModeCommand
Log executor: sending securityModeReject.
Reading from ue
Timeout occured for securityModeReject
Sequence 22 step 62: securityModeReject / null_action
Log executor: sending registrationRequest.
Reading from ue
Log executor: received(raw) identityRequest from rrc.
####registrationRequestGUTI/identityRequest####
Sequence 22 step 63: registrationRequestGUTI / identityRequest
Log executor: sending identityResponse.
Reading from ue
Log executor: received(raw) authenticationRequest from rrc.
####identityResponse/authenticationRequest####
Sequence 22 step 64: identityResponse / authenticationRequest
Log executor: sending authenticationResponse.
Reading from ue
Log executor: received(raw) securityModeCommand from rrc.
####authenticationResponse/securityModeCommand####
Sequence 22 step 65: authenticationResponse / securityModeCommand
Log executor: sending securityModeComplete.
Reading from ue
Log executor: received(raw) registrationAccept from rrc.
####securityModeComplete/registrationAccept####
Sequence 22 step 66: securityModeComplete / registrationAccept
Log executor: sending registrationComplete.
Reading from ue
Log executor: received(raw) configurationUpdateCommand from rrc.
####registrationComplete/configurationUpdateCommand####
Sequence 22 step 67: registrationComplete / configurationUpdateCommand
Log executor: sending deregistrationRequest.
Reading from ue
Timeout occured for deregistrationRequest
Sequence 22 step 68: deregistrationRequest / null_action
Log executor: sending registrationRequest.
Reading from ue
Log executor: received(raw) authenticationRequest from rrc.
####registrationRequest/authenticationRequest####
Sequence 22 step 69: registrationRequest / authenticationRequest
Log executor: sending authenticationResponse.
Reading from ue
Log executor: received(raw) securityModeCommand from rrc.
####authenticationResponse/securityModeCommand####
Sequence 22 step 70: authenticationResponse / securityModeCommand
Log executor: sending securityModeReject.
Reading from ue
Timeout occured for securityModeReject
Sequence 22 step 71: securityModeReject / null_action
Log executor: sending registrationRequest.
Reading from ue
Log executor: received(raw) identityRequest from rrc.
####registrationRequestGUTI/identityRequest####
Sequence 22 step 72: registrationRequestGUTI / identityRequest
Log executor: sending identityResponse.
Reading from ue
Log executor: received(raw) authenticationRequest from rrc.
####identityResponse/authenticationRequest####
Sequence 22 step 73: identityResponse / authenticationRequest
Log executor: sending authenticationResponse.
Reading from ue
Log executor: received(raw) securityModeCommand from rrc.
####authenticationResponse/securityModeCommand####
Sequence 22 step 74: authenticationResponse / securityModeCommand
Log executor: sending securityModeComplete.
Reading from ue
Log executor: received(raw) registrationAccept from rrc.
####securityModeComplete/registrationAccept####
Sequence 22 step 75: securityModeComplete / registrationAccept
Log executor: sending registrationComplete.
Reading from ue
Log executor: received(raw) configurationUpdateCommand from rrc.
####registrationComplete/configurationUpdateCommand####
Sequence 22 step 76: registrationComplete / configurationUpdateCommand
Log executor: sending deregistrationRequest.
Reading from ue
Timeout occured for deregistrationRequest
Sequence 22 step 77: deregistrationRequest / null_action
Log executor: sending registrationRequest.
Reading from ue
Log executor: received(raw) authenticationRequest from rrc.
####registrationRequest/authenticationRequest####
Sequence 22 step 78: registrationRequest / authenticationRequest
Log executor: sending authenticationResponse.
Reading from ue
Log executor: received(raw) securityModeCommand from rrc.
####authenticationResponse/securityModeCommand####
Sequence 22 step 79: authenticationResponse / securityModeCommand
Log executor: sending securityModeReject.
Reading from ue
Timeout occured for securityModeReject
Sequence 22 step 80: securityModeReject / null_action
Log executor: sending registrationRequest.
Reading from ue
Log executor: received(raw) identityRequest from rrc.
####registrationRequestGUTI/identityRequest####
Sequence 22 step 81: registrationRequestGUTI / identityRequest
Log executor: sending identityResponse.
Reading from ue
Log executor: received(raw) authenticationRequest from rrc.
####identityResponse/authenticationRequest####
Sequence 22 step 82: identityResponse / authenticationRequest
Log executor: sending authenticationResponse.
Reading from ue
Log executor: received(raw) securityModeCommand from rrc.
####authenticationResponse/securityModeCommand####
Sequence 22 step 83: authenticationResponse / securityModeCommand
Log executor: sending securityModeComplete.
Reading from ue
Log executor: received(raw) registrationAccept from rrc.
####securityModeComplete/registrationAccept####
Sequence 22 step 84: securityModeComplete / registrationAccept
Log executor: sending registrationComplete.
Reading from ue
Log executor: received(raw) configurationUpdateCommand from rrc.
####registrationComplete/configurationUpdateCommand####
Sequence 22 step 85: registrationComplete / configurationUpdateCommand
Log executor: sending deregistrationRequest.
Reading from ue
Timeout occured for deregistrationRequest
Sequence 22 step 86: deregistrationRequest / null_action
Log executor: sending registrationRequest.
Reading from ue
Log executor: received(raw) authenticationRequest from rrc.
####registrationRequest/authenticationRequest####
Sequence 22 step 87: registrationRequest / authenticationRequest
Log executor: sending authenticationResponse.
Reading from ue
Log executor: received(raw) securityModeCommand from rrc.
####authenticationResponse/securityModeCommand####
Sequence 22 step 88: authenticationResponse / securityModeCommand
Log executor: sending securityModeReject.
Reading from ue
Timeout occured for securityModeReject
Sequence 22 step 89: securityModeReject / null_action
Log executor: sending registrationRequest.
Reading from ue
Log executor: received(raw) identityRequest from rrc.
####registrationRequestGUTI/identityRequest####
Sequence 22 step 90: registrationRequestGUTI / identityRequest
Log executor: sending identityResponse.
Reading from ue
Log executor: received(raw) authenticationRequest from rrc.
####identityResponse/authenticationRequest####
Sequence 22 step 91: identityResponse / authenticationRequest
=== Sequence 22 done ===
Stopping nr-ue: 11647
nr-ue stopped.
Stopping nr-gnb: 11629
nr-gnb stopped.
Stopping Open5GS test-core: 11550
[core][ERROR] Open5GS launcher finished with status 134
Open5GS stopped and session log writes were flushed.
=== Sequence 23 start ===
Nodes: 
Inputs: registrationRequest authenticationResponse securityModeComplete registrationComplete deregistrationRequest registrationRequestGUTI authenticationResponse securityModeReject registrationRequestGUTI registrationRequest authenticationResponse securityModeComplete registrationComplete deregistrationRequest registrationRequestGUTI authenticationResponse securityModeReject registrationRequestGUTI registrationRequest authenticationResponse securityModeComplete registrationComplete deregistrationRequest registrationRequestGUTI authenticationResponse securityModeReject registrationRequestGUTI registrationRequest authenticationResponse securityModeComplete registrationComplete deregistrationRequest registrationRequestGUTI authenticationResponse securityModeReject registrationRequestGUTI registrationRequest authenticationResponse securityModeComplete registrationComplete deregistrationRequest registrationRequestGUTI authenticationResponse securityModeReject registrationRequestGUTI registrationRequest authenticationResponse securityModeComplete registrationComplete deregistrationRequest registrationRequestGUTI authenticationResponse securityModeReject registrationRequestGUTI registrationRequest authenticationResponse securityModeComplete registrationComplete deregistrationRequest registrationRequestGUTI authenticationResponse securityModeReject registrationRequestGUTI registrationRequest authenticationResponse securityModeComplete registrationComplete deregistrationRequest registrationRequestGUTI authenticationResponse securityModeReject registrationRequestGUTI registrationRequest authenticationResponse securityModeComplete registrationComplete deregistrationRequest registrationRequestGUTI authenticationResponse securityModeReject registrationRequestGUTI registrationRequest authenticationResponse securityModeComplete registrationComplete deregistrationRequest registrationRequestGUTI authenticationResponse securityModeReject registrationRequestGUTI registrationRequest
Wire inputs: registrationRequest authenticationResponse securityModeComplete registrationComplete deregistrationRequest registrationRequestGUTI authenticationResponse securityModeReject registrationRequestGUTI registrationRequest authenticationResponse securityModeComplete registrationComplete deregistrationRequest registrationRequestGUTI authenticationResponse securityModeReject registrationRequestGUTI registrationRequest authenticationResponse securityModeComplete registrationComplete deregistrationRequest registrationRequestGUTI authenticationResponse securityModeReject registrationRequestGUTI registrationRequest authenticationResponse securityModeComplete registrationComplete deregistrationRequest registrationRequestGUTI authenticationResponse securityModeReject registrationRequestGUTI registrationRequest authenticationResponse securityModeComplete registrationComplete deregistrationRequest registrationRequestGUTI authenticationResponse securityModeReject registrationRequestGUTI registrationRequest authenticationResponse securityModeComplete registrationComplete deregistrationRequest registrationRequestGUTI authenticationResponse securityModeReject registrationRequestGUTI registrationRequest authenticationResponse securityModeComplete registrationComplete deregistrationRequest registrationRequestGUTI authenticationResponse securityModeReject registrationRequestGUTI registrationRequest authenticationResponse securityModeComplete registrationComplete deregistrationRequest registrationRequestGUTI authenticationResponse securityModeReject registrationRequestGUTI registrationRequest authenticationResponse securityModeComplete registrationComplete deregistrationRequest registrationRequestGUTI authenticationResponse securityModeReject registrationRequestGUTI registrationRequest authenticationResponse securityModeComplete registrationComplete deregistrationRequest registrationRequestGUTI authenticationResponse securityModeReject registrationRequestGUTI registrationRequest
Selected UERANSIM profile: open5gs (UERANSIM-gnb-999-70-1)
Starting Core & gNodeB & UE
nr-gnb is not running.
nr-ue is not running.
No Open5GS test-core process is running from: /home/dzdysl/CoreCrisis/test_open5gs/open5gs
Open5GS stopped and session log writes were flushed.
RUNTIME_CONTRACT WARNING: Runtime file hash mismatch: scripts/start_core.sh expected=840ef0af6893870090daf095a53f3435122accb71b4f23b3e1575d92e6284658 actual=031fbab111baca97e1d910d8038ff4b07084fba888eafcce0d3173acc84f2d9c
Could not persist runtime warning: /home/dzdysl/CoreCrisis/test_open5gs/runs/20260804T034905Z-2b7f2823/raw/open5gs/core-session-048
[core][INFO] Launching Open5GS from: /home/dzdysl/CoreCrisis/test_open5gs/open5gs
[core][INFO] Configuration: /home/dzdysl/CoreCrisis/test_open5gs/core.properties
[core][INFO] Core log: /home/dzdysl/CoreCrisis/test_open5gs/runs/20260804T034905Z-2b7f2823/raw/open5gs/core-session-048/core.log
[core][ERROR] Open5GS launcher finished with status 134
Finished starting up Core & gNodeB
Connecting to ue..
Timeout occurred for UE(Done)
Stopping nr-gnb: 11915
nr-gnb stopped.
Stopping nr-ue: 11932
nr-ue stopped.
No Open5GS test-core process is running from: /home/dzdysl/CoreCrisis/test_open5gs/open5gs
Open5GS stopped and session log writes were flushed.
RUNTIME_CONTRACT WARNING: Runtime file hash mismatch: scripts/start_core.sh expected=840ef0af6893870090daf095a53f3435122accb71b4f23b3e1575d92e6284658 actual=031fbab111baca97e1d910d8038ff4b07084fba888eafcce0d3173acc84f2d9c
Could not persist runtime warning: /home/dzdysl/CoreCrisis/test_open5gs/runs/20260804T034905Z-2b7f2823/raw/open5gs/core-session-049
[core][INFO] Launching Open5GS from: /home/dzdysl/CoreCrisis/test_open5gs/open5gs
[core][INFO] Configuration: /home/dzdysl/CoreCrisis/test_open5gs/core.properties
[core][INFO] Core log: /home/dzdysl/CoreCrisis/test_open5gs/runs/20260804T034905Z-2b7f2823/raw/open5gs/core-session-049/core.log
Connecting to ue..
Received = DONE
Connected with UE.
Sent Hello.
Received = Hi
Connected to ue.
Done with initializing the connection with UE, gNodeB, and Core.
Log executor: sending registrationRequest.
Reading from ue
Log executor: received(raw) authenticationRequest from rrc.
####registrationRequest/authenticationRequest####
Sequence 23 step 1: registrationRequest / authenticationRequest
Log executor: sending authenticationResponse.
Reading from ue
Log executor: received(raw) securityModeCommand from rrc.
####authenticationResponse/securityModeCommand####
Sequence 23 step 2: authenticationResponse / securityModeCommand
Log executor: sending securityModeComplete.
Reading from ue
Log executor: received(raw) registrationAccept from rrc.
####securityModeComplete/registrationAccept####
Sequence 23 step 3: securityModeComplete / registrationAccept
Log executor: sending registrationComplete.
Reading from ue
Log executor: received(raw) configurationUpdateCommand from rrc.
####registrationComplete/configurationUpdateCommand####
Sequence 23 step 4: registrationComplete / configurationUpdateCommand
Log executor: sending deregistrationRequest.
Reading from ue
Timeout occured for deregistrationRequest
Sequence 23 step 5: deregistrationRequest / null_action
Log executor: sending registrationRequest.
Reading from ue
Log executor: received(raw) authenticationRequest from rrc.
####registrationRequestGUTI/authenticationRequest####
Sequence 23 step 6: registrationRequestGUTI / authenticationRequest
Log executor: sending authenticationResponse.
Reading from ue
Log executor: received(raw) securityModeCommand from rrc.
####authenticationResponse/securityModeCommand####
Sequence 23 step 7: authenticationResponse / securityModeCommand
Log executor: sending securityModeReject.
Reading from ue
Timeout occured for securityModeReject
Sequence 23 step 8: securityModeReject / null_action
Log executor: sending registrationRequest.
Reading from ue
Log executor: received(raw) identityRequest from rrc.
####registrationRequestGUTI/identityRequest####
Sequence 23 step 9: registrationRequestGUTI / identityRequest
Log executor: sending registrationRequest.
Reading from ue
Log executor: received(raw) authenticationRequest from rrc.
####registrationRequest/authenticationRequest####
Sequence 23 step 10: registrationRequest / authenticationRequest
Log executor: sending authenticationResponse.
Reading from ue
Log executor: received(raw) securityModeCommand from rrc.
####authenticationResponse/securityModeCommand####
Sequence 23 step 11: authenticationResponse / securityModeCommand
Log executor: sending securityModeComplete.
Reading from ue
Log executor: received(raw) registrationAccept from rrc.
####securityModeComplete/registrationAccept####
Sequence 23 step 12: securityModeComplete / registrationAccept
Log executor: sending registrationComplete.
Reading from ue
Log executor: received(raw) configurationUpdateCommand from rrc.
####registrationComplete/configurationUpdateCommand####
Sequence 23 step 13: registrationComplete / configurationUpdateCommand
Log executor: sending deregistrationRequest.
Reading from ue
Timeout occured for deregistrationRequest
Sequence 23 step 14: deregistrationRequest / null_action
Log executor: sending registrationRequest.
Reading from ue
Log executor: received(raw) authenticationRequest from rrc.
####registrationRequestGUTI/authenticationRequest####
Sequence 23 step 15: registrationRequestGUTI / authenticationRequest
Log executor: sending authenticationResponse.
Reading from ue
Log executor: received(raw) securityModeCommand from rrc.
####authenticationResponse/securityModeCommand####
Sequence 23 step 16: authenticationResponse / securityModeCommand
Log executor: sending securityModeReject.
Reading from ue
Timeout occured for securityModeReject
Sequence 23 step 17: securityModeReject / null_action
Log executor: sending registrationRequest.
Reading from ue
Log executor: received(raw) identityRequest from rrc.
####registrationRequestGUTI/identityRequest####
Sequence 23 step 18: registrationRequestGUTI / identityRequest
Log executor: sending registrationRequest.
Reading from ue
Log executor: received(raw) authenticationRequest from rrc.
####registrationRequest/authenticationRequest####
Sequence 23 step 19: registrationRequest / authenticationRequest
Log executor: sending authenticationResponse.
Reading from ue
Log executor: received(raw) securityModeCommand from rrc.
####authenticationResponse/securityModeCommand####
Sequence 23 step 20: authenticationResponse / securityModeCommand
Log executor: sending securityModeComplete.
Reading from ue
Log executor: received(raw) registrationAccept from rrc.
####securityModeComplete/registrationAccept####
Sequence 23 step 21: securityModeComplete / registrationAccept
Log executor: sending registrationComplete.
Reading from ue
Log executor: received(raw) configurationUpdateCommand from rrc.
####registrationComplete/configurationUpdateCommand####
Sequence 23 step 22: registrationComplete / configurationUpdateCommand
Log executor: sending deregistrationRequest.
Reading from ue
Timeout occured for deregistrationRequest
Sequence 23 step 23: deregistrationRequest / null_action
Log executor: sending registrationRequest.
Reading from ue
Log executor: received(raw) authenticationRequest from rrc.
####registrationRequestGUTI/authenticationRequest####
Sequence 23 step 24: registrationRequestGUTI / authenticationRequest
Log executor: sending authenticationResponse.
Reading from ue
Log executor: received(raw) securityModeCommand from rrc.
####authenticationResponse/securityModeCommand####
Sequence 23 step 25: authenticationResponse / securityModeCommand
Log executor: sending securityModeReject.
Reading from ue
Timeout occured for securityModeReject
Sequence 23 step 26: securityModeReject / null_action
Log executor: sending registrationRequest.
Reading from ue
Log executor: received(raw) identityRequest from rrc.
####registrationRequestGUTI/identityRequest####
Sequence 23 step 27: registrationRequestGUTI / identityRequest
Log executor: sending registrationRequest.
Reading from ue
Log executor: received(raw) authenticationRequest from rrc.
####registrationRequest/authenticationRequest####
Sequence 23 step 28: registrationRequest / authenticationRequest
Log executor: sending authenticationResponse.
Reading from ue
Log executor: received(raw) securityModeCommand from rrc.
####authenticationResponse/securityModeCommand####
Sequence 23 step 29: authenticationResponse / securityModeCommand
Log executor: sending securityModeComplete.
Reading from ue
Log executor: received(raw) registrationAccept from rrc.
####securityModeComplete/registrationAccept####
Sequence 23 step 30: securityModeComplete / registrationAccept
Log executor: sending registrationComplete.
Reading from ue
Log executor: received(raw) configurationUpdateCommand from rrc.
####registrationComplete/configurationUpdateCommand####
Sequence 23 step 31: registrationComplete / configurationUpdateCommand
Log executor: sending deregistrationRequest.
Reading from ue
Timeout occured for deregistrationRequest
Sequence 23 step 32: deregistrationRequest / null_action
Log executor: sending registrationRequest.
Reading from ue
Log executor: received(raw) authenticationRequest from rrc.
####registrationRequestGUTI/authenticationRequest####
Sequence 23 step 33: registrationRequestGUTI / authenticationRequest
Log executor: sending authenticationResponse.
Reading from ue
Log executor: received(raw) securityModeCommand from rrc.
####authenticationResponse/securityModeCommand####
Sequence 23 step 34: authenticationResponse / securityModeCommand
Log executor: sending securityModeReject.
Reading from ue
Timeout occured for securityModeReject
Sequence 23 step 35: securityModeReject / null_action
Log executor: sending registrationRequest.
Reading from ue
Log executor: received(raw) identityRequest from rrc.
####registrationRequestGUTI/identityRequest####
Sequence 23 step 36: registrationRequestGUTI / identityRequest
Log executor: sending registrationRequest.
Reading from ue
Log executor: received(raw) authenticationRequest from rrc.
####registrationRequest/authenticationRequest####
Sequence 23 step 37: registrationRequest / authenticationRequest
Log executor: sending authenticationResponse.
Reading from ue
Log executor: received(raw) securityModeCommand from rrc.
####authenticationResponse/securityModeCommand####
Sequence 23 step 38: authenticationResponse / securityModeCommand
Log executor: sending securityModeComplete.
Reading from ue
Log executor: received(raw) registrationAccept from rrc.
####securityModeComplete/registrationAccept####
Sequence 23 step 39: securityModeComplete / registrationAccept
Log executor: sending registrationComplete.
Reading from ue
Log executor: received(raw) configurationUpdateCommand from rrc.
####registrationComplete/configurationUpdateCommand####
Sequence 23 step 40: registrationComplete / configurationUpdateCommand
Log executor: sending deregistrationRequest.
Reading from ue
Timeout occured for deregistrationRequest
Sequence 23 step 41: deregistrationRequest / null_action
Log executor: sending registrationRequest.
Reading from ue
Log executor: received(raw) authenticationRequest from rrc.
####registrationRequestGUTI/authenticationRequest####
Sequence 23 step 42: registrationRequestGUTI / authenticationRequest
Log executor: sending authenticationResponse.
Reading from ue
Log executor: received(raw) securityModeCommand from rrc.
####authenticationResponse/securityModeCommand####
Sequence 23 step 43: authenticationResponse / securityModeCommand
Log executor: sending securityModeReject.
Reading from ue
Timeout occured for securityModeReject
Sequence 23 step 44: securityModeReject / null_action
Log executor: sending registrationRequest.
Reading from ue
Log executor: received(raw) identityRequest from rrc.
####registrationRequestGUTI/identityRequest####
Sequence 23 step 45: registrationRequestGUTI / identityRequest
Log executor: sending registrationRequest.
Reading from ue
Log executor: received(raw) authenticationRequest from rrc.
####registrationRequest/authenticationRequest####
Sequence 23 step 46: registrationRequest / authenticationRequest
Log executor: sending authenticationResponse.
Reading from ue
Log executor: received(raw) securityModeCommand from rrc.
####authenticationResponse/securityModeCommand####
Sequence 23 step 47: authenticationResponse / securityModeCommand
Log executor: sending securityModeComplete.
Reading from ue
Log executor: received(raw) registrationAccept from rrc.
####securityModeComplete/registrationAccept####
Sequence 23 step 48: securityModeComplete / registrationAccept
Log executor: sending registrationComplete.
Reading from ue
Log executor: received(raw) configurationUpdateCommand from rrc.
####registrationComplete/configurationUpdateCommand####
Sequence 23 step 49: registrationComplete / configurationUpdateCommand
Log executor: sending deregistrationRequest.
Reading from ue
Timeout occured for deregistrationRequest
Sequence 23 step 50: deregistrationRequest / null_action
Log executor: sending registrationRequest.
Reading from ue
Log executor: received(raw) authenticationRequest from rrc.
####registrationRequestGUTI/authenticationRequest####
Sequence 23 step 51: registrationRequestGUTI / authenticationRequest
Log executor: sending authenticationResponse.
Reading from ue
Log executor: received(raw) securityModeCommand from rrc.
####authenticationResponse/securityModeCommand####
Sequence 23 step 52: authenticationResponse / securityModeCommand
Log executor: sending securityModeReject.
Reading from ue
Timeout occured for securityModeReject
Sequence 23 step 53: securityModeReject / null_action
Log executor: sending registrationRequest.
Reading from ue
Log executor: received(raw) identityRequest from rrc.
####registrationRequestGUTI/identityRequest####
Sequence 23 step 54: registrationRequestGUTI / identityRequest
Log executor: sending registrationRequest.
Reading from ue
Log executor: received(raw) authenticationRequest from rrc.
####registrationRequest/authenticationRequest####
Sequence 23 step 55: registrationRequest / authenticationRequest
Log executor: sending authenticationResponse.
Reading from ue
Log executor: received(raw) securityModeCommand from rrc.
####authenticationResponse/securityModeCommand####
Sequence 23 step 56: authenticationResponse / securityModeCommand
Log executor: sending securityModeComplete.
Reading from ue
Log executor: received(raw) registrationAccept from rrc.
####securityModeComplete/registrationAccept####
Sequence 23 step 57: securityModeComplete / registrationAccept
Log executor: sending registrationComplete.
Reading from ue
Log executor: received(raw) configurationUpdateCommand from rrc.
####registrationComplete/configurationUpdateCommand####
Sequence 23 step 58: registrationComplete / configurationUpdateCommand
Log executor: sending deregistrationRequest.
Reading from ue
Timeout occured for deregistrationRequest
Sequence 23 step 59: deregistrationRequest / null_action
Log executor: sending registrationRequest.
Reading from ue
Log executor: received(raw) authenticationRequest from rrc.
####registrationRequestGUTI/authenticationRequest####
Sequence 23 step 60: registrationRequestGUTI / authenticationRequest
Log executor: sending authenticationResponse.
Reading from ue
Log executor: received(raw) securityModeCommand from rrc.
####authenticationResponse/securityModeCommand####
Sequence 23 step 61: authenticationResponse / securityModeCommand
Log executor: sending securityModeReject.
Reading from ue
Timeout occured for securityModeReject
Sequence 23 step 62: securityModeReject / null_action
Log executor: sending registrationRequest.
Reading from ue
Log executor: received(raw) identityRequest from rrc.
####registrationRequestGUTI/identityRequest####
Sequence 23 step 63: registrationRequestGUTI / identityRequest
Log executor: sending registrationRequest.
Reading from ue
Log executor: received(raw) authenticationRequest from rrc.
####registrationRequest/authenticationRequest####
Sequence 23 step 64: registrationRequest / authenticationRequest
Log executor: sending authenticationResponse.
Reading from ue
Log executor: received(raw) securityModeCommand from rrc.
####authenticationResponse/securityModeCommand####
Sequence 23 step 65: authenticationResponse / securityModeCommand
Log executor: sending securityModeComplete.
Reading from ue
Log executor: received(raw) registrationAccept from rrc.
####securityModeComplete/registrationAccept####
Sequence 23 step 66: securityModeComplete / registrationAccept
Log executor: sending registrationComplete.
Reading from ue
Log executor: received(raw) configurationUpdateCommand from rrc.
####registrationComplete/configurationUpdateCommand####
Sequence 23 step 67: registrationComplete / configurationUpdateCommand
Log executor: sending deregistrationRequest.
Reading from ue
Timeout occured for deregistrationRequest
Sequence 23 step 68: deregistrationRequest / null_action
Log executor: sending registrationRequest.
Reading from ue
Log executor: received(raw) authenticationRequest from rrc.
####registrationRequestGUTI/authenticationRequest####
Sequence 23 step 69: registrationRequestGUTI / authenticationRequest
Log executor: sending authenticationResponse.
Reading from ue
Log executor: received(raw) securityModeCommand from rrc.
####authenticationResponse/securityModeCommand####
Sequence 23 step 70: authenticationResponse / securityModeCommand
Log executor: sending securityModeReject.
Reading from ue
Timeout occured for securityModeReject
Sequence 23 step 71: securityModeReject / null_action
Log executor: sending registrationRequest.
Reading from ue
Log executor: received(raw) identityRequest from rrc.
####registrationRequestGUTI/identityRequest####
Sequence 23 step 72: registrationRequestGUTI / identityRequest
Log executor: sending registrationRequest.
Reading from ue
Log executor: received(raw) authenticationRequest from rrc.
####registrationRequest/authenticationRequest####
Sequence 23 step 73: registrationRequest / authenticationRequest
Log executor: sending authenticationResponse.
Reading from ue
Log executor: received(raw) securityModeCommand from rrc.
####authenticationResponse/securityModeCommand####
Sequence 23 step 74: authenticationResponse / securityModeCommand
Log executor: sending securityModeComplete.
Reading from ue
Log executor: received(raw) registrationAccept from rrc.
####securityModeComplete/registrationAccept####
Sequence 23 step 75: securityModeComplete / registrationAccept
Log executor: sending registrationComplete.
Reading from ue
Log executor: received(raw) configurationUpdateCommand from rrc.
####registrationComplete/configurationUpdateCommand####
Sequence 23 step 76: registrationComplete / configurationUpdateCommand
Log executor: sending deregistrationRequest.
Reading from ue
Timeout occured for deregistrationRequest
Sequence 23 step 77: deregistrationRequest / null_action
Log executor: sending registrationRequest.
Reading from ue
Log executor: received(raw) authenticationRequest from rrc.
####registrationRequestGUTI/authenticationRequest####
Sequence 23 step 78: registrationRequestGUTI / authenticationRequest
Log executor: sending authenticationResponse.
Reading from ue
Log executor: received(raw) securityModeCommand from rrc.
####authenticationResponse/securityModeCommand####
Sequence 23 step 79: authenticationResponse / securityModeCommand
Log executor: sending securityModeReject.
Reading from ue
Timeout occured for securityModeReject
Sequence 23 step 80: securityModeReject / null_action
Log executor: sending registrationRequest.
Reading from ue
Log executor: received(raw) identityRequest from rrc.
####registrationRequestGUTI/identityRequest####
Sequence 23 step 81: registrationRequestGUTI / identityRequest
Log executor: sending registrationRequest.
Reading from ue
Log executor: received(raw) authenticationRequest from rrc.
####registrationRequest/authenticationRequest####
Sequence 23 step 82: registrationRequest / authenticationRequest
Log executor: sending authenticationResponse.
Reading from ue
Log executor: received(raw) securityModeCommand from rrc.
####authenticationResponse/securityModeCommand####
Sequence 23 step 83: authenticationResponse / securityModeCommand
Log executor: sending securityModeComplete.
Reading from ue
Log executor: received(raw) registrationAccept from rrc.
####securityModeComplete/registrationAccept####
Sequence 23 step 84: securityModeComplete / registrationAccept
Log executor: sending registrationComplete.
Reading from ue
Log executor: received(raw) configurationUpdateCommand from rrc.
####registrationComplete/configurationUpdateCommand####
Sequence 23 step 85: registrationComplete / configurationUpdateCommand
Log executor: sending deregistrationRequest.
Reading from ue
Timeout occured for deregistrationRequest
Sequence 23 step 86: deregistrationRequest / null_action
Log executor: sending registrationRequest.
Reading from ue
Log executor: received(raw) authenticationRequest from rrc.
####registrationRequestGUTI/authenticationRequest####
Sequence 23 step 87: registrationRequestGUTI / authenticationRequest
Log executor: sending authenticationResponse.
Reading from ue
Log executor: received(raw) securityModeCommand from rrc.
####authenticationResponse/securityModeCommand####
Sequence 23 step 88: authenticationResponse / securityModeCommand
Log executor: sending securityModeReject.
Reading from ue
Timeout occured for securityModeReject
Sequence 23 step 89: securityModeReject / null_action
Log executor: sending registrationRequest.
Reading from ue
Log executor: received(raw) identityRequest from rrc.
####registrationRequestGUTI/identityRequest####
Sequence 23 step 90: registrationRequestGUTI / identityRequest
Log executor: sending registrationRequest.
Reading from ue
Log executor: received(raw) authenticationRequest from rrc.
####registrationRequest/authenticationRequest####
Sequence 23 step 91: registrationRequest / authenticationRequest
=== Sequence 23 done ===
Stopping nr-ue: 12113
nr-ue stopped.
Stopping nr-gnb: 12095
nr-gnb stopped.
Stopping Open5GS test-core: 12014
[core][ERROR] Open5GS launcher finished with status 134
Open5GS stopped and session log writes were flushed.
=== Sequence 24 start ===
Nodes: 
Inputs: registrationRequest authenticationResponse securityModeComplete registrationComplete deregistrationRequest registrationRequestGUTI authenticationResponse securityModeReject registrationRequestGUTI identityResponse authenticationResponse securityModeComplete registrationComplete deregistrationRequest registrationRequestGUTI authenticationResponse securityModeReject registrationRequestGUTI identityResponse authenticationResponse securityModeComplete registrationComplete deregistrationRequest registrationRequestGUTI authenticationResponse securityModeReject registrationRequestGUTI identityResponse authenticationResponse securityModeComplete registrationComplete deregistrationRequest registrationRequestGUTI authenticationResponse securityModeReject registrationRequestGUTI identityResponse authenticationResponse securityModeComplete registrationComplete deregistrationRequest registrationRequestGUTI authenticationResponse securityModeReject registrationRequestGUTI identityResponse authenticationResponse securityModeComplete registrationComplete deregistrationRequest registrationRequestGUTI authenticationResponse securityModeReject registrationRequestGUTI identityResponse authenticationResponse securityModeComplete registrationComplete deregistrationRequest registrationRequestGUTI authenticationResponse securityModeReject registrationRequestGUTI identityResponse authenticationResponse securityModeComplete registrationComplete deregistrationRequest registrationRequestGUTI authenticationResponse securityModeReject registrationRequestGUTI identityResponse authenticationResponse securityModeComplete registrationComplete deregistrationRequest registrationRequestGUTI authenticationResponse securityModeReject registrationRequestGUTI identityResponse authenticationResponse securityModeComplete registrationComplete deregistrationRequest registrationRequestGUTI authenticationResponse securityModeReject registrationRequestGUTI identityResponse
Wire inputs: registrationRequest authenticationResponse securityModeComplete registrationComplete deregistrationRequest registrationRequestGUTI authenticationResponse securityModeReject registrationRequestGUTI identityResponse authenticationResponse securityModeComplete registrationComplete deregistrationRequest registrationRequestGUTI authenticationResponse securityModeReject registrationRequestGUTI identityResponse authenticationResponse securityModeComplete registrationComplete deregistrationRequest registrationRequestGUTI authenticationResponse securityModeReject registrationRequestGUTI identityResponse authenticationResponse securityModeComplete registrationComplete deregistrationRequest registrationRequestGUTI authenticationResponse securityModeReject registrationRequestGUTI identityResponse authenticationResponse securityModeComplete registrationComplete deregistrationRequest registrationRequestGUTI authenticationResponse securityModeReject registrationRequestGUTI identityResponse authenticationResponse securityModeComplete registrationComplete deregistrationRequest registrationRequestGUTI authenticationResponse securityModeReject registrationRequestGUTI identityResponse authenticationResponse securityModeComplete registrationComplete deregistrationRequest registrationRequestGUTI authenticationResponse securityModeReject registrationRequestGUTI identityResponse authenticationResponse securityModeComplete registrationComplete deregistrationRequest registrationRequestGUTI authenticationResponse securityModeReject registrationRequestGUTI identityResponse authenticationResponse securityModeComplete registrationComplete deregistrationRequest registrationRequestGUTI authenticationResponse securityModeReject registrationRequestGUTI identityResponse authenticationResponse securityModeComplete registrationComplete deregistrationRequest registrationRequestGUTI authenticationResponse securityModeReject registrationRequestGUTI identityResponse
Selected UERANSIM profile: open5gs (UERANSIM-gnb-999-70-1)
Starting Core & gNodeB & UE
nr-gnb is not running.
nr-ue is not running.
No Open5GS test-core process is running from: /home/dzdysl/CoreCrisis/test_open5gs/open5gs
Open5GS stopped and session log writes were flushed.
RUNTIME_CONTRACT WARNING: Runtime file hash mismatch: scripts/start_core.sh expected=840ef0af6893870090daf095a53f3435122accb71b4f23b3e1575d92e6284658 actual=031fbab111baca97e1d910d8038ff4b07084fba888eafcce0d3173acc84f2d9c
Could not persist runtime warning: /home/dzdysl/CoreCrisis/test_open5gs/runs/20260804T034905Z-2b7f2823/raw/open5gs/core-session-050
[core][INFO] Launching Open5GS from: /home/dzdysl/CoreCrisis/test_open5gs/open5gs
[core][INFO] Configuration: /home/dzdysl/CoreCrisis/test_open5gs/core.properties
[core][INFO] Core log: /home/dzdysl/CoreCrisis/test_open5gs/runs/20260804T034905Z-2b7f2823/raw/open5gs/core-session-050/core.log
[core][ERROR] Open5GS launcher finished with status 134
Finished starting up Core & gNodeB
Connecting to ue..
Timeout occurred for UE(Done)
Stopping nr-gnb: 12381
nr-gnb stopped.
Stopping nr-ue: 12398
nr-ue stopped.
No Open5GS test-core process is running from: /home/dzdysl/CoreCrisis/test_open5gs/open5gs
Open5GS stopped and session log writes were flushed.
RUNTIME_CONTRACT WARNING: Runtime file hash mismatch: scripts/start_core.sh expected=840ef0af6893870090daf095a53f3435122accb71b4f23b3e1575d92e6284658 actual=031fbab111baca97e1d910d8038ff4b07084fba888eafcce0d3173acc84f2d9c
Could not persist runtime warning: /home/dzdysl/CoreCrisis/test_open5gs/runs/20260804T034905Z-2b7f2823/raw/open5gs/core-session-051
[core][INFO] Launching Open5GS from: /home/dzdysl/CoreCrisis/test_open5gs/open5gs
[core][INFO] Configuration: /home/dzdysl/CoreCrisis/test_open5gs/core.properties
[core][INFO] Core log: /home/dzdysl/CoreCrisis/test_open5gs/runs/20260804T034905Z-2b7f2823/raw/open5gs/core-session-051/core.log
Connecting to ue..
Received = DONE
Connected with UE.
Sent Hello.
Received = Hi
Connected to ue.
Done with initializing the connection with UE, gNodeB, and Core.
Log executor: sending registrationRequest.
Reading from ue
Log executor: received(raw) authenticationRequest from rrc.
####registrationRequest/authenticationRequest####
Sequence 24 step 1: registrationRequest / authenticationRequest
Log executor: sending authenticationResponse.
Reading from ue
Log executor: received(raw) securityModeCommand from rrc.
####authenticationResponse/securityModeCommand####
Sequence 24 step 2: authenticationResponse / securityModeCommand
Log executor: sending securityModeComplete.
Reading from ue
Log executor: received(raw) registrationAccept from rrc.
####securityModeComplete/registrationAccept####
Sequence 24 step 3: securityModeComplete / registrationAccept
Log executor: sending registrationComplete.
Reading from ue
Log executor: received(raw) configurationUpdateCommand from rrc.
####registrationComplete/configurationUpdateCommand####
Sequence 24 step 4: registrationComplete / configurationUpdateCommand
Log executor: sending deregistrationRequest.
Reading from ue
Timeout occured for deregistrationRequest
Sequence 24 step 5: deregistrationRequest / null_action
Log executor: sending registrationRequest.
Reading from ue
Log executor: received(raw) authenticationRequest from rrc.
####registrationRequestGUTI/authenticationRequest####
Sequence 24 step 6: registrationRequestGUTI / authenticationRequest
Log executor: sending authenticationResponse.
Reading from ue
Log executor: received(raw) securityModeCommand from rrc.
####authenticationResponse/securityModeCommand####
Sequence 24 step 7: authenticationResponse / securityModeCommand
Log executor: sending securityModeReject.
Reading from ue
Timeout occured for securityModeReject
Sequence 24 step 8: securityModeReject / null_action
Log executor: sending registrationRequest.
Reading from ue
Log executor: received(raw) identityRequest from rrc.
####registrationRequestGUTI/identityRequest####
Sequence 24 step 9: registrationRequestGUTI / identityRequest
Log executor: sending identityResponse.
Reading from ue
Log executor: received(raw) authenticationRequest from rrc.
####identityResponse/authenticationRequest####
Sequence 24 step 10: identityResponse / authenticationRequest
Log executor: sending authenticationResponse.
Reading from ue
Log executor: received(raw) securityModeCommand from rrc.
####authenticationResponse/securityModeCommand####
Sequence 24 step 11: authenticationResponse / securityModeCommand
Log executor: sending securityModeComplete.
Reading from ue
Log executor: received(raw) registrationAccept from rrc.
####securityModeComplete/registrationAccept####
Sequence 24 step 12: securityModeComplete / registrationAccept
Log executor: sending registrationComplete.
Reading from ue
Log executor: received(raw) configurationUpdateCommand from rrc.
####registrationComplete/configurationUpdateCommand####
Sequence 24 step 13: registrationComplete / configurationUpdateCommand
Log executor: sending deregistrationRequest.
Reading from ue
Timeout occured for deregistrationRequest
Sequence 24 step 14: deregistrationRequest / null_action
Log executor: sending registrationRequest.
Reading from ue
Log executor: received(raw) authenticationRequest from rrc.
####registrationRequestGUTI/authenticationRequest####
Sequence 24 step 15: registrationRequestGUTI / authenticationRequest
Log executor: sending authenticationResponse.
Reading from ue
Log executor: received(raw) securityModeCommand from rrc.
####authenticationResponse/securityModeCommand####
Sequence 24 step 16: authenticationResponse / securityModeCommand
Log executor: sending securityModeReject.
Reading from ue
Timeout occured for securityModeReject
Sequence 24 step 17: securityModeReject / null_action
Log executor: sending registrationRequest.
Reading from ue
Log executor: received(raw) identityRequest from rrc.
####registrationRequestGUTI/identityRequest####
Sequence 24 step 18: registrationRequestGUTI / identityRequest
Log executor: sending identityResponse.
Reading from ue
Log executor: received(raw) authenticationRequest from rrc.
####identityResponse/authenticationRequest####
Sequence 24 step 19: identityResponse / authenticationRequest
Log executor: sending authenticationResponse.
Reading from ue
Log executor: received(raw) securityModeCommand from rrc.
####authenticationResponse/securityModeCommand####
Sequence 24 step 20: authenticationResponse / securityModeCommand
Log executor: sending securityModeComplete.
Reading from ue
Log executor: received(raw) registrationAccept from rrc.
####securityModeComplete/registrationAccept####
Sequence 24 step 21: securityModeComplete / registrationAccept
Log executor: sending registrationComplete.
Reading from ue
Log executor: received(raw) configurationUpdateCommand from rrc.
####registrationComplete/configurationUpdateCommand####
Sequence 24 step 22: registrationComplete / configurationUpdateCommand
Log executor: sending deregistrationRequest.
Reading from ue
Timeout occured for deregistrationRequest
Sequence 24 step 23: deregistrationRequest / null_action
Log executor: sending registrationRequest.
Reading from ue
Log executor: received(raw) authenticationRequest from rrc.
####registrationRequestGUTI/authenticationRequest####
Sequence 24 step 24: registrationRequestGUTI / authenticationRequest
Log executor: sending authenticationResponse.
Reading from ue
Log executor: received(raw) securityModeCommand from rrc.
####authenticationResponse/securityModeCommand####
Sequence 24 step 25: authenticationResponse / securityModeCommand
Log executor: sending securityModeReject.
Reading from ue
Timeout occured for securityModeReject
Sequence 24 step 26: securityModeReject / null_action
Log executor: sending registrationRequest.
Reading from ue
Log executor: received(raw) identityRequest from rrc.
####registrationRequestGUTI/identityRequest####
Sequence 24 step 27: registrationRequestGUTI / identityRequest
Log executor: sending identityResponse.
Reading from ue
Log executor: received(raw) authenticationRequest from rrc.
####identityResponse/authenticationRequest####
Sequence 24 step 28: identityResponse / authenticationRequest
Log executor: sending authenticationResponse.
Reading from ue
Log executor: received(raw) securityModeCommand from rrc.
####authenticationResponse/securityModeCommand####
Sequence 24 step 29: authenticationResponse / securityModeCommand
Log executor: sending securityModeComplete.
Reading from ue
Log executor: received(raw) registrationAccept from rrc.
####securityModeComplete/registrationAccept####
Sequence 24 step 30: securityModeComplete / registrationAccept
Log executor: sending registrationComplete.
Reading from ue
Log executor: received(raw) configurationUpdateCommand from rrc.
####registrationComplete/configurationUpdateCommand####
Sequence 24 step 31: registrationComplete / configurationUpdateCommand
Log executor: sending deregistrationRequest.
Reading from ue
Timeout occured for deregistrationRequest
Sequence 24 step 32: deregistrationRequest / null_action
Log executor: sending registrationRequest.
Reading from ue
Log executor: received(raw) authenticationRequest from rrc.
####registrationRequestGUTI/authenticationRequest####
Sequence 24 step 33: registrationRequestGUTI / authenticationRequest
Log executor: sending authenticationResponse.
Reading from ue
Log executor: received(raw) securityModeCommand from rrc.
####authenticationResponse/securityModeCommand####
Sequence 24 step 34: authenticationResponse / securityModeCommand
Log executor: sending securityModeReject.
Reading from ue
Timeout occured for securityModeReject
Sequence 24 step 35: securityModeReject / null_action
Log executor: sending registrationRequest.
Reading from ue
Log executor: received(raw) identityRequest from rrc.
####registrationRequestGUTI/identityRequest####
Sequence 24 step 36: registrationRequestGUTI / identityRequest
Log executor: sending identityResponse.
Reading from ue
Log executor: received(raw) authenticationRequest from rrc.
####identityResponse/authenticationRequest####
Sequence 24 step 37: identityResponse / authenticationRequest
Log executor: sending authenticationResponse.
Reading from ue
Log executor: received(raw) securityModeCommand from rrc.
####authenticationResponse/securityModeCommand####
Sequence 24 step 38: authenticationResponse / securityModeCommand
Log executor: sending securityModeComplete.
Reading from ue
Log executor: received(raw) registrationAccept from rrc.
####securityModeComplete/registrationAccept####
Sequence 24 step 39: securityModeComplete / registrationAccept
Log executor: sending registrationComplete.
Reading from ue
Log executor: received(raw) configurationUpdateCommand from rrc.
####registrationComplete/configurationUpdateCommand####
Sequence 24 step 40: registrationComplete / configurationUpdateCommand
Log executor: sending deregistrationRequest.
Reading from ue
Timeout occured for deregistrationRequest
Sequence 24 step 41: deregistrationRequest / null_action
Log executor: sending registrationRequest.
Reading from ue
Log executor: received(raw) authenticationRequest from rrc.
####registrationRequestGUTI/authenticationRequest####
Sequence 24 step 42: registrationRequestGUTI / authenticationRequest
Log executor: sending authenticationResponse.
Reading from ue
Log executor: received(raw) securityModeCommand from rrc.
####authenticationResponse/securityModeCommand####
Sequence 24 step 43: authenticationResponse / securityModeCommand
Log executor: sending securityModeReject.
Reading from ue
Timeout occured for securityModeReject
Sequence 24 step 44: securityModeReject / null_action
Log executor: sending registrationRequest.
Reading from ue
Log executor: received(raw) identityRequest from rrc.
####registrationRequestGUTI/identityRequest####
Sequence 24 step 45: registrationRequestGUTI / identityRequest
Log executor: sending identityResponse.
Reading from ue
Log executor: received(raw) authenticationRequest from rrc.
####identityResponse/authenticationRequest####
Sequence 24 step 46: identityResponse / authenticationRequest
Log executor: sending authenticationResponse.
Reading from ue
Log executor: received(raw) securityModeCommand from rrc.
####authenticationResponse/securityModeCommand####
Sequence 24 step 47: authenticationResponse / securityModeCommand
Log executor: sending securityModeComplete.
Reading from ue
Log executor: received(raw) registrationAccept from rrc.
####securityModeComplete/registrationAccept####
Sequence 24 step 48: securityModeComplete / registrationAccept
Log executor: sending registrationComplete.
Reading from ue
Log executor: received(raw) configurationUpdateCommand from rrc.
####registrationComplete/configurationUpdateCommand####
Sequence 24 step 49: registrationComplete / configurationUpdateCommand
Log executor: sending deregistrationRequest.
Reading from ue
Timeout occured for deregistrationRequest
Sequence 24 step 50: deregistrationRequest / null_action
Log executor: sending registrationRequest.
Reading from ue
Log executor: received(raw) authenticationRequest from rrc.
####registrationRequestGUTI/authenticationRequest####
Sequence 24 step 51: registrationRequestGUTI / authenticationRequest
Log executor: sending authenticationResponse.
Reading from ue
Log executor: received(raw) securityModeCommand from rrc.
####authenticationResponse/securityModeCommand####
Sequence 24 step 52: authenticationResponse / securityModeCommand
Log executor: sending securityModeReject.
Reading from ue
Timeout occured for securityModeReject
Sequence 24 step 53: securityModeReject / null_action
Log executor: sending registrationRequest.
Reading from ue
Log executor: received(raw) identityRequest from rrc.
####registrationRequestGUTI/identityRequest####
Sequence 24 step 54: registrationRequestGUTI / identityRequest
Log executor: sending identityResponse.
Reading from ue
Log executor: received(raw) authenticationRequest from rrc.
####identityResponse/authenticationRequest####
Sequence 24 step 55: identityResponse / authenticationRequest
Log executor: sending authenticationResponse.
Reading from ue
Log executor: received(raw) securityModeCommand from rrc.
####authenticationResponse/securityModeCommand####
Sequence 24 step 56: authenticationResponse / securityModeCommand
Log executor: sending securityModeComplete.
Reading from ue
Log executor: received(raw) registrationAccept from rrc.
####securityModeComplete/registrationAccept####
Sequence 24 step 57: securityModeComplete / registrationAccept
Log executor: sending registrationComplete.
Reading from ue
Log executor: received(raw) configurationUpdateCommand from rrc.
####registrationComplete/configurationUpdateCommand####
Sequence 24 step 58: registrationComplete / configurationUpdateCommand
Log executor: sending deregistrationRequest.
Reading from ue
Timeout occured for deregistrationRequest
Sequence 24 step 59: deregistrationRequest / null_action
Log executor: sending registrationRequest.
Reading from ue
Log executor: received(raw) authenticationRequest from rrc.
####registrationRequestGUTI/authenticationRequest####
Sequence 24 step 60: registrationRequestGUTI / authenticationRequest
Log executor: sending authenticationResponse.
Reading from ue
Log executor: received(raw) securityModeCommand from rrc.
####authenticationResponse/securityModeCommand####
Sequence 24 step 61: authenticationResponse / securityModeCommand
Log executor: sending securityModeReject.
Reading from ue
Timeout occured for securityModeReject
Sequence 24 step 62: securityModeReject / null_action
Log executor: sending registrationRequest.
Reading from ue
Log executor: received(raw) identityRequest from rrc.
####registrationRequestGUTI/identityRequest####
Sequence 24 step 63: registrationRequestGUTI / identityRequest
Log executor: sending identityResponse.
Reading from ue
Log executor: received(raw) authenticationRequest from rrc.
####identityResponse/authenticationRequest####
Sequence 24 step 64: identityResponse / authenticationRequest
Log executor: sending authenticationResponse.
Reading from ue
Log executor: received(raw) securityModeCommand from rrc.
####authenticationResponse/securityModeCommand####
Sequence 24 step 65: authenticationResponse / securityModeCommand
Log executor: sending securityModeComplete.
Reading from ue
Log executor: received(raw) registrationAccept from rrc.
####securityModeComplete/registrationAccept####
Sequence 24 step 66: securityModeComplete / registrationAccept
Log executor: sending registrationComplete.
Reading from ue
Log executor: received(raw) configurationUpdateCommand from rrc.
####registrationComplete/configurationUpdateCommand####
Sequence 24 step 67: registrationComplete / configurationUpdateCommand
Log executor: sending deregistrationRequest.
Reading from ue
Timeout occured for deregistrationRequest
Sequence 24 step 68: deregistrationRequest / null_action
Log executor: sending registrationRequest.
Reading from ue
Log executor: received(raw) authenticationRequest from rrc.
####registrationRequestGUTI/authenticationRequest####
Sequence 24 step 69: registrationRequestGUTI / authenticationRequest
Log executor: sending authenticationResponse.
Reading from ue
Log executor: received(raw) securityModeCommand from rrc.
####authenticationResponse/securityModeCommand####
Sequence 24 step 70: authenticationResponse / securityModeCommand
Log executor: sending securityModeReject.
Reading from ue
Timeout occured for securityModeReject
Sequence 24 step 71: securityModeReject / null_action
Log executor: sending registrationRequest.
Reading from ue
Log executor: received(raw) identityRequest from rrc.
####registrationRequestGUTI/identityRequest####
Sequence 24 step 72: registrationRequestGUTI / identityRequest
Log executor: sending identityResponse.
Reading from ue
Log executor: received(raw) authenticationRequest from rrc.
####identityResponse/authenticationRequest####
Sequence 24 step 73: identityResponse / authenticationRequest
Log executor: sending authenticationResponse.
Reading from ue
Log executor: received(raw) securityModeCommand from rrc.
####authenticationResponse/securityModeCommand####
Sequence 24 step 74: authenticationResponse / securityModeCommand
Log executor: sending securityModeComplete.
Reading from ue
Log executor: received(raw) registrationAccept from rrc.
####securityModeComplete/registrationAccept####
Sequence 24 step 75: securityModeComplete / registrationAccept
Log executor: sending registrationComplete.
Reading from ue
Log executor: received(raw) configurationUpdateCommand from rrc.
####registrationComplete/configurationUpdateCommand####
Sequence 24 step 76: registrationComplete / configurationUpdateCommand
Log executor: sending deregistrationRequest.
Reading from ue
Timeout occured for deregistrationRequest
Sequence 24 step 77: deregistrationRequest / null_action
Log executor: sending registrationRequest.
Reading from ue
Log executor: received(raw) authenticationRequest from rrc.
####registrationRequestGUTI/authenticationRequest####
Sequence 24 step 78: registrationRequestGUTI / authenticationRequest
Log executor: sending authenticationResponse.
Reading from ue
Log executor: received(raw) securityModeCommand from rrc.
####authenticationResponse/securityModeCommand####
Sequence 24 step 79: authenticationResponse / securityModeCommand
Log executor: sending securityModeReject.
Reading from ue
Timeout occured for securityModeReject
Sequence 24 step 80: securityModeReject / null_action
Log executor: sending registrationRequest.
Reading from ue
Log executor: received(raw) identityRequest from rrc.
####registrationRequestGUTI/identityRequest####
Sequence 24 step 81: registrationRequestGUTI / identityRequest
Log executor: sending identityResponse.
Reading from ue
Log executor: received(raw) authenticationRequest from rrc.
####identityResponse/authenticationRequest####
Sequence 24 step 82: identityResponse / authenticationRequest
Log executor: sending authenticationResponse.
Reading from ue
Log executor: received(raw) securityModeCommand from rrc.
####authenticationResponse/securityModeCommand####
Sequence 24 step 83: authenticationResponse / securityModeCommand
Log executor: sending securityModeComplete.
Reading from ue
Log executor: received(raw) registrationAccept from rrc.
####securityModeComplete/registrationAccept####
Sequence 24 step 84: securityModeComplete / registrationAccept
Log executor: sending registrationComplete.
Reading from ue
Log executor: received(raw) configurationUpdateCommand from rrc.
####registrationComplete/configurationUpdateCommand####
Sequence 24 step 85: registrationComplete / configurationUpdateCommand
Log executor: sending deregistrationRequest.
Reading from ue
Timeout occured for deregistrationRequest
Sequence 24 step 86: deregistrationRequest / null_action
Log executor: sending registrationRequest.
Reading from ue
Log executor: received(raw) authenticationRequest from rrc.
####registrationRequestGUTI/authenticationRequest####
Sequence 24 step 87: registrationRequestGUTI / authenticationRequest
Log executor: sending authenticationResponse.
Reading from ue
Log executor: received(raw) securityModeCommand from rrc.
####authenticationResponse/securityModeCommand####
Sequence 24 step 88: authenticationResponse / securityModeCommand
Log executor: sending securityModeReject.
Reading from ue
Timeout occured for securityModeReject
Sequence 24 step 89: securityModeReject / null_action
Log executor: sending registrationRequest.
Reading from ue
Log executor: received(raw) identityRequest from rrc.
####registrationRequestGUTI/identityRequest####
Sequence 24 step 90: registrationRequestGUTI / identityRequest
Log executor: sending identityResponse.
Reading from ue
Log executor: received(raw) authenticationRequest from rrc.
####identityResponse/authenticationRequest####
Sequence 24 step 91: identityResponse / authenticationRequest
=== Sequence 24 done ===
Stopping nr-ue: 12585
nr-ue stopped.
Stopping nr-gnb: 12567
nr-gnb stopped.
Stopping Open5GS test-core: 12488
[core][ERROR] Open5GS launcher finished with status 134
Open5GS stopped and session log writes were flushed.
=== Sequence 25 start ===
Nodes: 
Inputs: registrationRequest authenticationResponse securityModeReject registrationRequest authenticationResponse registrationRequest authenticationResponse deregistrationRequest registrationRequestGUTI registrationRequest authenticationResponse securityModeReject registrationRequest authenticationResponse registrationRequest authenticationResponse deregistrationRequest registrationRequestGUTI registrationRequest authenticationResponse securityModeReject registrationRequest authenticationResponse registrationRequest authenticationResponse deregistrationRequest registrationRequestGUTI registrationRequest authenticationResponse securityModeReject registrationRequest authenticationResponse registrationRequest authenticationResponse deregistrationRequest registrationRequestGUTI registrationRequest authenticationResponse securityModeReject registrationRequest authenticationResponse registrationRequest authenticationResponse deregistrationRequest registrationRequestGUTI registrationRequest authenticationResponse securityModeReject registrationRequest authenticationResponse registrationRequest authenticationResponse deregistrationRequest registrationRequestGUTI registrationRequest authenticationResponse securityModeReject registrationRequest authenticationResponse registrationRequest authenticationResponse deregistrationRequest registrationRequestGUTI registrationRequest authenticationResponse securityModeReject registrationRequest authenticationResponse registrationRequest authenticationResponse deregistrationRequest registrationRequestGUTI registrationRequest authenticationResponse securityModeReject registrationRequest authenticationResponse registrationRequest authenticationResponse deregistrationRequest registrationRequestGUTI registrationRequest authenticationResponse securityModeReject registrationRequest authenticationResponse registrationRequest authenticationResponse deregistrationRequest registrationRequestGUTI registrationRequest
Wire inputs: registrationRequest authenticationResponse securityModeReject registrationRequest authenticationResponse registrationRequest authenticationResponse deregistrationRequest registrationRequestGUTI registrationRequest authenticationResponse securityModeReject registrationRequest authenticationResponse registrationRequest authenticationResponse deregistrationRequest registrationRequestGUTI registrationRequest authenticationResponse securityModeReject registrationRequest authenticationResponse registrationRequest authenticationResponse deregistrationRequest registrationRequestGUTI registrationRequest authenticationResponse securityModeReject registrationRequest authenticationResponse registrationRequest authenticationResponse deregistrationRequest registrationRequestGUTI registrationRequest authenticationResponse securityModeReject registrationRequest authenticationResponse registrationRequest authenticationResponse deregistrationRequest registrationRequestGUTI registrationRequest authenticationResponse securityModeReject registrationRequest authenticationResponse registrationRequest authenticationResponse deregistrationRequest registrationRequestGUTI registrationRequest authenticationResponse securityModeReject registrationRequest authenticationResponse registrationRequest authenticationResponse deregistrationRequest registrationRequestGUTI registrationRequest authenticationResponse securityModeReject registrationRequest authenticationResponse registrationRequest authenticationResponse deregistrationRequest registrationRequestGUTI registrationRequest authenticationResponse securityModeReject registrationRequest authenticationResponse registrationRequest authenticationResponse deregistrationRequest registrationRequestGUTI registrationRequest authenticationResponse securityModeReject registrationRequest authenticationResponse registrationRequest authenticationResponse deregistrationRequest registrationRequestGUTI registrationRequest
Selected UERANSIM profile: open5gs (UERANSIM-gnb-999-70-1)
Starting Core & gNodeB & UE
nr-gnb is not running.
nr-ue is not running.
No Open5GS test-core process is running from: /home/dzdysl/CoreCrisis/test_open5gs/open5gs
Open5GS stopped and session log writes were flushed.
RUNTIME_CONTRACT WARNING: Runtime file hash mismatch: scripts/start_core.sh expected=840ef0af6893870090daf095a53f3435122accb71b4f23b3e1575d92e6284658 actual=031fbab111baca97e1d910d8038ff4b07084fba888eafcce0d3173acc84f2d9c
Could not persist runtime warning: /home/dzdysl/CoreCrisis/test_open5gs/runs/20260804T034905Z-2b7f2823/raw/open5gs/core-session-052
[core][INFO] Launching Open5GS from: /home/dzdysl/CoreCrisis/test_open5gs/open5gs
[core][INFO] Configuration: /home/dzdysl/CoreCrisis/test_open5gs/core.properties
[core][INFO] Core log: /home/dzdysl/CoreCrisis/test_open5gs/runs/20260804T034905Z-2b7f2823/raw/open5gs/core-session-052/core.log
[core][ERROR] Open5GS launcher finished with status 134
Finished starting up Core & gNodeB
Connecting to ue..
Timeout occurred for UE(Done)
Stopping nr-gnb: 12853
nr-gnb stopped.
Stopping nr-ue: 12870
nr-ue stopped.
No Open5GS test-core process is running from: /home/dzdysl/CoreCrisis/test_open5gs/open5gs
Open5GS stopped and session log writes were flushed.
RUNTIME_CONTRACT WARNING: Runtime file hash mismatch: scripts/start_core.sh expected=840ef0af6893870090daf095a53f3435122accb71b4f23b3e1575d92e6284658 actual=031fbab111baca97e1d910d8038ff4b07084fba888eafcce0d3173acc84f2d9c
Could not persist runtime warning: /home/dzdysl/CoreCrisis/test_open5gs/runs/20260804T034905Z-2b7f2823/raw/open5gs/core-session-053
[core][INFO] Launching Open5GS from: /home/dzdysl/CoreCrisis/test_open5gs/open5gs
[core][INFO] Configuration: /home/dzdysl/CoreCrisis/test_open5gs/core.properties
[core][INFO] Core log: /home/dzdysl/CoreCrisis/test_open5gs/runs/20260804T034905Z-2b7f2823/raw/open5gs/core-session-053/core.log
Connecting to ue..
Received = DONE
Connected with UE.
Sent Hello.
Received = Hi
Connected to ue.
Done with initializing the connection with UE, gNodeB, and Core.
Log executor: sending registrationRequest.
Reading from ue
Log executor: received(raw) authenticationRequest from rrc.
####registrationRequest/authenticationRequest####
Sequence 25 step 1: registrationRequest / authenticationRequest
Log executor: sending authenticationResponse.
Reading from ue
Log executor: received(raw) securityModeCommand from rrc.
####authenticationResponse/securityModeCommand####
Sequence 25 step 2: authenticationResponse / securityModeCommand
Log executor: sending securityModeReject.
Reading from ue
Timeout occured for securityModeReject
Sequence 25 step 3: securityModeReject / null_action
Log executor: sending registrationRequest.
Reading from ue
Log executor: received(raw) authenticationRequest from rrc.
####registrationRequest/authenticationRequest####
Sequence 25 step 4: registrationRequest / authenticationRequest
Log executor: sending authenticationResponse.
Reading from ue
Log executor: received(raw) securityModeCommand from rrc.
####authenticationResponse/securityModeCommand####
Sequence 25 step 5: authenticationResponse / securityModeCommand
Log executor: sending registrationRequest.
Reading from ue
Log executor: received(raw) authenticationRequest from rrc.
####registrationRequest/authenticationRequest####
Sequence 25 step 6: registrationRequest / authenticationRequest
Log executor: sending authenticationResponse.
Reading from ue
Log executor: received(raw) securityModeCommand from rrc.
####authenticationResponse/securityModeCommand####
Sequence 25 step 7: authenticationResponse / securityModeCommand
Log executor: sending deregistrationRequest.
Reading from ue
Timeout occured for deregistrationRequest
Sequence 25 step 8: deregistrationRequest / null_action
Log executor: sending registrationRequest.
Reading from ue
Log executor: received(raw) identityRequest from rrc.
####registrationRequestGUTI/identityRequest####
Sequence 25 step 9: registrationRequestGUTI / identityRequest
Log executor: sending registrationRequest.
Reading from ue
Log executor: received(raw) authenticationRequest from rrc.
####registrationRequest/authenticationRequest####
Sequence 25 step 10: registrationRequest / authenticationRequest
Log executor: sending authenticationResponse.
Reading from ue
Log executor: received(raw) securityModeCommand from rrc.
####authenticationResponse/securityModeCommand####
Sequence 25 step 11: authenticationResponse / securityModeCommand
Log executor: sending securityModeReject.
Reading from ue
Timeout occured for securityModeReject
Sequence 25 step 12: securityModeReject / null_action
Log executor: sending registrationRequest.
Reading from ue
Log executor: received(raw) authenticationRequest from rrc.
####registrationRequest/authenticationRequest####
Sequence 25 step 13: registrationRequest / authenticationRequest
Log executor: sending authenticationResponse.
Reading from ue
Log executor: received(raw) securityModeCommand from rrc.
####authenticationResponse/securityModeCommand####
Sequence 25 step 14: authenticationResponse / securityModeCommand
Log executor: sending registrationRequest.
Reading from ue
Log executor: received(raw) authenticationRequest from rrc.
####registrationRequest/authenticationRequest####
Sequence 25 step 15: registrationRequest / authenticationRequest
Log executor: sending authenticationResponse.
Reading from ue
Log executor: received(raw) securityModeCommand from rrc.
####authenticationResponse/securityModeCommand####
Sequence 25 step 16: authenticationResponse / securityModeCommand
Log executor: sending deregistrationRequest.
Reading from ue
Timeout occured for deregistrationRequest
Sequence 25 step 17: deregistrationRequest / null_action
Log executor: sending registrationRequest.
Reading from ue
Log executor: received(raw) identityRequest from rrc.
####registrationRequestGUTI/identityRequest####
Sequence 25 step 18: registrationRequestGUTI / identityRequest
Log executor: sending registrationRequest.
Reading from ue
Log executor: received(raw) authenticationRequest from rrc.
####registrationRequest/authenticationRequest####
Sequence 25 step 19: registrationRequest / authenticationRequest
Log executor: sending authenticationResponse.
Reading from ue
Log executor: received(raw) securityModeCommand from rrc.
####authenticationResponse/securityModeCommand####
Sequence 25 step 20: authenticationResponse / securityModeCommand
Log executor: sending securityModeReject.
Reading from ue
Timeout occured for securityModeReject
Sequence 25 step 21: securityModeReject / null_action
Log executor: sending registrationRequest.
Reading from ue
Log executor: received(raw) authenticationRequest from rrc.
####registrationRequest/authenticationRequest####
Sequence 25 step 22: registrationRequest / authenticationRequest
Log executor: sending authenticationResponse.
Reading from ue
Log executor: received(raw) securityModeCommand from rrc.
####authenticationResponse/securityModeCommand####
Sequence 25 step 23: authenticationResponse / securityModeCommand
Log executor: sending registrationRequest.
Reading from ue
Log executor: received(raw) authenticationRequest from rrc.
####registrationRequest/authenticationRequest####
Sequence 25 step 24: registrationRequest / authenticationRequest
Log executor: sending authenticationResponse.
Reading from ue
Log executor: received(raw) securityModeCommand from rrc.
####authenticationResponse/securityModeCommand####
Sequence 25 step 25: authenticationResponse / securityModeCommand
Log executor: sending deregistrationRequest.
Reading from ue
Timeout occured for deregistrationRequest
Sequence 25 step 26: deregistrationRequest / null_action
Log executor: sending registrationRequest.
Reading from ue
Log executor: received(raw) identityRequest from rrc.
####registrationRequestGUTI/identityRequest####
Sequence 25 step 27: registrationRequestGUTI / identityRequest
Log executor: sending registrationRequest.
Reading from ue
Log executor: received(raw) authenticationRequest from rrc.
####registrationRequest/authenticationRequest####
Sequence 25 step 28: registrationRequest / authenticationRequest
Log executor: sending authenticationResponse.
Reading from ue
Log executor: received(raw) securityModeCommand from rrc.
####authenticationResponse/securityModeCommand####
Sequence 25 step 29: authenticationResponse / securityModeCommand
Log executor: sending securityModeReject.
Reading from ue
Timeout occured for securityModeReject
Sequence 25 step 30: securityModeReject / null_action
Log executor: sending registrationRequest.
Reading from ue
Log executor: received(raw) authenticationRequest from rrc.
####registrationRequest/authenticationRequest####
Sequence 25 step 31: registrationRequest / authenticationRequest
Log executor: sending authenticationResponse.
Reading from ue
Log executor: received(raw) securityModeCommand from rrc.
####authenticationResponse/securityModeCommand####
Sequence 25 step 32: authenticationResponse / securityModeCommand
Log executor: sending registrationRequest.
Reading from ue
Log executor: received(raw) authenticationRequest from rrc.
####registrationRequest/authenticationRequest####
Sequence 25 step 33: registrationRequest / authenticationRequest
Log executor: sending authenticationResponse.
Reading from ue
Log executor: received(raw) securityModeCommand from rrc.
####authenticationResponse/securityModeCommand####
Sequence 25 step 34: authenticationResponse / securityModeCommand
Log executor: sending deregistrationRequest.
Reading from ue
Timeout occured for deregistrationRequest
Sequence 25 step 35: deregistrationRequest / null_action
Log executor: sending registrationRequest.
Reading from ue
Log executor: received(raw) identityRequest from rrc.
####registrationRequestGUTI/identityRequest####
Sequence 25 step 36: registrationRequestGUTI / identityRequest
Log executor: sending registrationRequest.
Reading from ue
Log executor: received(raw) authenticationRequest from rrc.
####registrationRequest/authenticationRequest####
Sequence 25 step 37: registrationRequest / authenticationRequest
Log executor: sending authenticationResponse.
Reading from ue
Log executor: received(raw) securityModeCommand from rrc.
####authenticationResponse/securityModeCommand####
Sequence 25 step 38: authenticationResponse / securityModeCommand
Log executor: sending securityModeReject.
Reading from ue
Timeout occured for securityModeReject
Sequence 25 step 39: securityModeReject / null_action
Log executor: sending registrationRequest.
Reading from ue
Log executor: received(raw) authenticationRequest from rrc.
####registrationRequest/authenticationRequest####
Sequence 25 step 40: registrationRequest / authenticationRequest
Log executor: sending authenticationResponse.
Reading from ue
Log executor: received(raw) securityModeCommand from rrc.
####authenticationResponse/securityModeCommand####
Sequence 25 step 41: authenticationResponse / securityModeCommand
Log executor: sending registrationRequest.
Reading from ue
Log executor: received(raw) authenticationRequest from rrc.
####registrationRequest/authenticationRequest####
Sequence 25 step 42: registrationRequest / authenticationRequest
Log executor: sending authenticationResponse.
Reading from ue
Log executor: received(raw) securityModeCommand from rrc.
####authenticationResponse/securityModeCommand####
Sequence 25 step 43: authenticationResponse / securityModeCommand
Log executor: sending deregistrationRequest.
Reading from ue
Timeout occured for deregistrationRequest
Sequence 25 step 44: deregistrationRequest / null_action
Log executor: sending registrationRequest.
Reading from ue
Log executor: received(raw) identityRequest from rrc.
####registrationRequestGUTI/identityRequest####
Sequence 25 step 45: registrationRequestGUTI / identityRequest
Log executor: sending registrationRequest.
Reading from ue
Log executor: received(raw) authenticationRequest from rrc.
####registrationRequest/authenticationRequest####
Sequence 25 step 46: registrationRequest / authenticationRequest
Log executor: sending authenticationResponse.
Reading from ue
Log executor: received(raw) securityModeCommand from rrc.
####authenticationResponse/securityModeCommand####
Sequence 25 step 47: authenticationResponse / securityModeCommand
Log executor: sending securityModeReject.
Reading from ue
Timeout occured for securityModeReject
Sequence 25 step 48: securityModeReject / null_action
Log executor: sending registrationRequest.
Reading from ue
Log executor: received(raw) authenticationRequest from rrc.
####registrationRequest/authenticationRequest####
Sequence 25 step 49: registrationRequest / authenticationRequest
Log executor: sending authenticationResponse.
Reading from ue
Log executor: received(raw) securityModeCommand from rrc.
####authenticationResponse/securityModeCommand####
Sequence 25 step 50: authenticationResponse / securityModeCommand
Log executor: sending registrationRequest.
Reading from ue
Log executor: received(raw) authenticationRequest from rrc.
####registrationRequest/authenticationRequest####
Sequence 25 step 51: registrationRequest / authenticationRequest
Log executor: sending authenticationResponse.
Reading from ue
Log executor: received(raw) securityModeCommand from rrc.
####authenticationResponse/securityModeCommand####
Sequence 25 step 52: authenticationResponse / securityModeCommand
Log executor: sending deregistrationRequest.
Reading from ue
Timeout occured for deregistrationRequest
Sequence 25 step 53: deregistrationRequest / null_action
Log executor: sending registrationRequest.
Reading from ue
Log executor: received(raw) identityRequest from rrc.
####registrationRequestGUTI/identityRequest####
Sequence 25 step 54: registrationRequestGUTI / identityRequest
Log executor: sending registrationRequest.
Reading from ue
Log executor: received(raw) authenticationRequest from rrc.
####registrationRequest/authenticationRequest####
Sequence 25 step 55: registrationRequest / authenticationRequest
Log executor: sending authenticationResponse.
Reading from ue
Log executor: received(raw) securityModeCommand from rrc.
####authenticationResponse/securityModeCommand####
Sequence 25 step 56: authenticationResponse / securityModeCommand
Log executor: sending securityModeReject.
Reading from ue
Timeout occured for securityModeReject
Sequence 25 step 57: securityModeReject / null_action
Log executor: sending registrationRequest.
Reading from ue
Log executor: received(raw) authenticationRequest from rrc.
####registrationRequest/authenticationRequest####
Sequence 25 step 58: registrationRequest / authenticationRequest
Log executor: sending authenticationResponse.
Reading from ue
Log executor: received(raw) securityModeCommand from rrc.
####authenticationResponse/securityModeCommand####
Sequence 25 step 59: authenticationResponse / securityModeCommand
Log executor: sending registrationRequest.
Reading from ue
Log executor: received(raw) authenticationRequest from rrc.
####registrationRequest/authenticationRequest####
Sequence 25 step 60: registrationRequest / authenticationRequest
Log executor: sending authenticationResponse.
Reading from ue
Log executor: received(raw) securityModeCommand from rrc.
####authenticationResponse/securityModeCommand####
Sequence 25 step 61: authenticationResponse / securityModeCommand
Log executor: sending deregistrationRequest.
Reading from ue
Timeout occured for deregistrationRequest
Sequence 25 step 62: deregistrationRequest / null_action
Log executor: sending registrationRequest.
Reading from ue
Log executor: received(raw) identityRequest from rrc.
####registrationRequestGUTI/identityRequest####
Sequence 25 step 63: registrationRequestGUTI / identityRequest
Log executor: sending registrationRequest.
Reading from ue
Log executor: received(raw) authenticationRequest from rrc.
####registrationRequest/authenticationRequest####
Sequence 25 step 64: registrationRequest / authenticationRequest
Log executor: sending authenticationResponse.
Reading from ue
Log executor: received(raw) securityModeCommand from rrc.
####authenticationResponse/securityModeCommand####
Sequence 25 step 65: authenticationResponse / securityModeCommand
Log executor: sending securityModeReject.
Reading from ue
Timeout occured for securityModeReject
Sequence 25 step 66: securityModeReject / null_action
Log executor: sending registrationRequest.
Reading from ue
Log executor: received(raw) authenticationRequest from rrc.
####registrationRequest/authenticationRequest####
Sequence 25 step 67: registrationRequest / authenticationRequest
Log executor: sending authenticationResponse.
Reading from ue
Log executor: received(raw) securityModeCommand from rrc.
####authenticationResponse/securityModeCommand####
Sequence 25 step 68: authenticationResponse / securityModeCommand
Log executor: sending registrationRequest.
Reading from ue
Log executor: received(raw) authenticationRequest from rrc.
####registrationRequest/authenticationRequest####
Sequence 25 step 69: registrationRequest / authenticationRequest
Log executor: sending authenticationResponse.
Reading from ue
Log executor: received(raw) securityModeCommand from rrc.
####authenticationResponse/securityModeCommand####
Sequence 25 step 70: authenticationResponse / securityModeCommand
Log executor: sending deregistrationRequest.
Reading from ue
Timeout occured for deregistrationRequest
Sequence 25 step 71: deregistrationRequest / null_action
Log executor: sending registrationRequest.
Reading from ue
Log executor: received(raw) identityRequest from rrc.
####registrationRequestGUTI/identityRequest####
Sequence 25 step 72: registrationRequestGUTI / identityRequest
Log executor: sending registrationRequest.
Reading from ue
Log executor: received(raw) authenticationRequest from rrc.
####registrationRequest/authenticationRequest####
Sequence 25 step 73: registrationRequest / authenticationRequest
Log executor: sending authenticationResponse.
Reading from ue
Log executor: received(raw) securityModeCommand from rrc.
####authenticationResponse/securityModeCommand####
Sequence 25 step 74: authenticationResponse / securityModeCommand
Log executor: sending securityModeReject.
Reading from ue
Timeout occured for securityModeReject
Sequence 25 step 75: securityModeReject / null_action
Log executor: sending registrationRequest.
Reading from ue
Log executor: received(raw) authenticationRequest from rrc.
####registrationRequest/authenticationRequest####
Sequence 25 step 76: registrationRequest / authenticationRequest
Log executor: sending authenticationResponse.
Reading from ue
Log executor: received(raw) securityModeCommand from rrc.
####authenticationResponse/securityModeCommand####
Sequence 25 step 77: authenticationResponse / securityModeCommand
Log executor: sending registrationRequest.
Reading from ue
Log executor: received(raw) authenticationRequest from rrc.
####registrationRequest/authenticationRequest####
Sequence 25 step 78: registrationRequest / authenticationRequest
Log executor: sending authenticationResponse.
Reading from ue
Log executor: received(raw) securityModeCommand from rrc.
####authenticationResponse/securityModeCommand####
Sequence 25 step 79: authenticationResponse / securityModeCommand
Log executor: sending deregistrationRequest.
Reading from ue
Timeout occured for deregistrationRequest
Sequence 25 step 80: deregistrationRequest / null_action
Log executor: sending registrationRequest.
Reading from ue
Log executor: received(raw) identityRequest from rrc.
####registrationRequestGUTI/identityRequest####
Sequence 25 step 81: registrationRequestGUTI / identityRequest
Log executor: sending registrationRequest.
Reading from ue
Log executor: received(raw) authenticationRequest from rrc.
####registrationRequest/authenticationRequest####
Sequence 25 step 82: registrationRequest / authenticationRequest
Log executor: sending authenticationResponse.
Reading from ue
Log executor: received(raw) securityModeCommand from rrc.
####authenticationResponse/securityModeCommand####
Sequence 25 step 83: authenticationResponse / securityModeCommand
Log executor: sending securityModeReject.
Reading from ue
Timeout occured for securityModeReject
Sequence 25 step 84: securityModeReject / null_action
Log executor: sending registrationRequest.
Reading from ue
Log executor: received(raw) authenticationRequest from rrc.
####registrationRequest/authenticationRequest####
Sequence 25 step 85: registrationRequest / authenticationRequest
Log executor: sending authenticationResponse.
Reading from ue
Log executor: received(raw) securityModeCommand from rrc.
####authenticationResponse/securityModeCommand####
Sequence 25 step 86: authenticationResponse / securityModeCommand
Log executor: sending registrationRequest.
Reading from ue
Log executor: received(raw) authenticationRequest from rrc.
####registrationRequest/authenticationRequest####
Sequence 25 step 87: registrationRequest / authenticationRequest
Log executor: sending authenticationResponse.
Reading from ue
Log executor: received(raw) securityModeCommand from rrc.
####authenticationResponse/securityModeCommand####
Sequence 25 step 88: authenticationResponse / securityModeCommand
Log executor: sending deregistrationRequest.
Reading from ue
Timeout occured for deregistrationRequest
Sequence 25 step 89: deregistrationRequest / null_action
Log executor: sending registrationRequest.
Reading from ue
Log executor: received(raw) identityRequest from rrc.
####registrationRequestGUTI/identityRequest####
Sequence 25 step 90: registrationRequestGUTI / identityRequest
Log executor: sending registrationRequest.
Reading from ue
Log executor: received(raw) authenticationRequest from rrc.
####registrationRequest/authenticationRequest####
Sequence 25 step 91: registrationRequest / authenticationRequest
=== Sequence 25 done ===
Stopping nr-ue: 13050
nr-ue stopped.
Stopping nr-gnb: 13032
nr-gnb stopped.
Stopping Open5GS test-core: 12953
[core][ERROR] Open5GS launcher finished with status 134
Open5GS stopped and session log writes were flushed.
=== Sequence 26 start ===
Nodes: 
Inputs: registrationRequest authenticationResponse securityModeReject registrationRequest authenticationResponse registrationRequest authenticationResponse deregistrationRequest registrationRequestGUTI identityResponse authenticationResponse securityModeReject registrationRequest authenticationResponse registrationRequest authenticationResponse deregistrationRequest registrationRequestGUTI identityResponse authenticationResponse securityModeReject registrationRequest authenticationResponse registrationRequest authenticationResponse deregistrationRequest registrationRequestGUTI identityResponse authenticationResponse securityModeReject registrationRequest authenticationResponse registrationRequest authenticationResponse deregistrationRequest registrationRequestGUTI identityResponse authenticationResponse securityModeReject registrationRequest authenticationResponse registrationRequest authenticationResponse deregistrationRequest registrationRequestGUTI identityResponse authenticationResponse securityModeReject registrationRequest authenticationResponse registrationRequest authenticationResponse deregistrationRequest registrationRequestGUTI identityResponse authenticationResponse securityModeReject registrationRequest authenticationResponse registrationRequest authenticationResponse deregistrationRequest registrationRequestGUTI identityResponse authenticationResponse securityModeReject registrationRequest authenticationResponse registrationRequest authenticationResponse deregistrationRequest registrationRequestGUTI identityResponse authenticationResponse securityModeReject registrationRequest authenticationResponse registrationRequest authenticationResponse deregistrationRequest registrationRequestGUTI identityResponse authenticationResponse securityModeReject registrationRequest authenticationResponse registrationRequest authenticationResponse deregistrationRequest registrationRequestGUTI identityResponse
Wire inputs: registrationRequest authenticationResponse securityModeReject registrationRequest authenticationResponse registrationRequest authenticationResponse deregistrationRequest registrationRequestGUTI identityResponse authenticationResponse securityModeReject registrationRequest authenticationResponse registrationRequest authenticationResponse deregistrationRequest registrationRequestGUTI identityResponse authenticationResponse securityModeReject registrationRequest authenticationResponse registrationRequest authenticationResponse deregistrationRequest registrationRequestGUTI identityResponse authenticationResponse securityModeReject registrationRequest authenticationResponse registrationRequest authenticationResponse deregistrationRequest registrationRequestGUTI identityResponse authenticationResponse securityModeReject registrationRequest authenticationResponse registrationRequest authenticationResponse deregistrationRequest registrationRequestGUTI identityResponse authenticationResponse securityModeReject registrationRequest authenticationResponse registrationRequest authenticationResponse deregistrationRequest registrationRequestGUTI identityResponse authenticationResponse securityModeReject registrationRequest authenticationResponse registrationRequest authenticationResponse deregistrationRequest registrationRequestGUTI identityResponse authenticationResponse securityModeReject registrationRequest authenticationResponse registrationRequest authenticationResponse deregistrationRequest registrationRequestGUTI identityResponse authenticationResponse securityModeReject registrationRequest authenticationResponse registrationRequest authenticationResponse deregistrationRequest registrationRequestGUTI identityResponse authenticationResponse securityModeReject registrationRequest authenticationResponse registrationRequest authenticationResponse deregistrationRequest registrationRequestGUTI identityResponse
Selected UERANSIM profile: open5gs (UERANSIM-gnb-999-70-1)
Starting Core & gNodeB & UE
nr-gnb is not running.
nr-ue is not running.
No Open5GS test-core process is running from: /home/dzdysl/CoreCrisis/test_open5gs/open5gs
Open5GS stopped and session log writes were flushed.
RUNTIME_CONTRACT WARNING: Runtime file hash mismatch: scripts/start_core.sh expected=840ef0af6893870090daf095a53f3435122accb71b4f23b3e1575d92e6284658 actual=031fbab111baca97e1d910d8038ff4b07084fba888eafcce0d3173acc84f2d9c
Could not persist runtime warning: /home/dzdysl/CoreCrisis/test_open5gs/runs/20260804T034905Z-2b7f2823/raw/open5gs/core-session-054
[core][INFO] Launching Open5GS from: /home/dzdysl/CoreCrisis/test_open5gs/open5gs
[core][INFO] Configuration: /home/dzdysl/CoreCrisis/test_open5gs/core.properties
[core][INFO] Core log: /home/dzdysl/CoreCrisis/test_open5gs/runs/20260804T034905Z-2b7f2823/raw/open5gs/core-session-054/core.log
[core][ERROR] Open5GS launcher finished with status 134
Finished starting up Core & gNodeB
Connecting to ue..
Timeout occurred for UE(Done)
Stopping nr-gnb: 13318
nr-gnb stopped.
Stopping nr-ue: 13335
nr-ue stopped.
No Open5GS test-core process is running from: /home/dzdysl/CoreCrisis/test_open5gs/open5gs
Open5GS stopped and session log writes were flushed.
RUNTIME_CONTRACT WARNING: Runtime file hash mismatch: scripts/start_core.sh expected=840ef0af6893870090daf095a53f3435122accb71b4f23b3e1575d92e6284658 actual=031fbab111baca97e1d910d8038ff4b07084fba888eafcce0d3173acc84f2d9c
Could not persist runtime warning: /home/dzdysl/CoreCrisis/test_open5gs/runs/20260804T034905Z-2b7f2823/raw/open5gs/core-session-055
[core][INFO] Launching Open5GS from: /home/dzdysl/CoreCrisis/test_open5gs/open5gs
[core][INFO] Configuration: /home/dzdysl/CoreCrisis/test_open5gs/core.properties
[core][INFO] Core log: /home/dzdysl/CoreCrisis/test_open5gs/runs/20260804T034905Z-2b7f2823/raw/open5gs/core-session-055/core.log
Connecting to ue..
Received = DONE
Connected with UE.
Sent Hello.
Received = Hi
Connected to ue.
Done with initializing the connection with UE, gNodeB, and Core.
Log executor: sending registrationRequest.
Reading from ue
Log executor: received(raw) authenticationRequest from rrc.
####registrationRequest/authenticationRequest####
Sequence 26 step 1: registrationRequest / authenticationRequest
Log executor: sending authenticationResponse.
Reading from ue
Log executor: received(raw) securityModeCommand from rrc.
####authenticationResponse/securityModeCommand####
Sequence 26 step 2: authenticationResponse / securityModeCommand
Log executor: sending securityModeReject.
Reading from ue
Timeout occured for securityModeReject
Sequence 26 step 3: securityModeReject / null_action
Log executor: sending registrationRequest.
Reading from ue
Log executor: received(raw) authenticationRequest from rrc.
####registrationRequest/authenticationRequest####
Sequence 26 step 4: registrationRequest / authenticationRequest
Log executor: sending authenticationResponse.
Reading from ue
Log executor: received(raw) securityModeCommand from rrc.
####authenticationResponse/securityModeCommand####
Sequence 26 step 5: authenticationResponse / securityModeCommand
Log executor: sending registrationRequest.
Reading from ue
Log executor: received(raw) authenticationRequest from rrc.
####registrationRequest/authenticationRequest####
Sequence 26 step 6: registrationRequest / authenticationRequest
Log executor: sending authenticationResponse.
Reading from ue
Log executor: received(raw) securityModeCommand from rrc.
####authenticationResponse/securityModeCommand####
Sequence 26 step 7: authenticationResponse / securityModeCommand
Log executor: sending deregistrationRequest.
Reading from ue
Timeout occured for deregistrationRequest
Sequence 26 step 8: deregistrationRequest / null_action
Log executor: sending registrationRequest.
Reading from ue
Log executor: received(raw) identityRequest from rrc.
####registrationRequestGUTI/identityRequest####
Sequence 26 step 9: registrationRequestGUTI / identityRequest
Log executor: sending identityResponse.
Reading from ue
Log executor: received(raw) authenticationRequest from rrc.
####identityResponse/authenticationRequest####
Sequence 26 step 10: identityResponse / authenticationRequest
Log executor: sending authenticationResponse.
Reading from ue
Log executor: received(raw) securityModeCommand from rrc.
####authenticationResponse/securityModeCommand####
Sequence 26 step 11: authenticationResponse / securityModeCommand
Log executor: sending securityModeReject.
Reading from ue
Timeout occured for securityModeReject
Sequence 26 step 12: securityModeReject / null_action
Log executor: sending registrationRequest.
Reading from ue
Log executor: received(raw) authenticationRequest from rrc.
####registrationRequest/authenticationRequest####
Sequence 26 step 13: registrationRequest / authenticationRequest
Log executor: sending authenticationResponse.
Reading from ue
Log executor: received(raw) securityModeCommand from rrc.
####authenticationResponse/securityModeCommand####
Sequence 26 step 14: authenticationResponse / securityModeCommand
Log executor: sending registrationRequest.
Reading from ue
Log executor: received(raw) authenticationRequest from rrc.
####registrationRequest/authenticationRequest####
Sequence 26 step 15: registrationRequest / authenticationRequest
Log executor: sending authenticationResponse.
Reading from ue
Log executor: received(raw) securityModeCommand from rrc.
####authenticationResponse/securityModeCommand####
Sequence 26 step 16: authenticationResponse / securityModeCommand
Log executor: sending deregistrationRequest.
Reading from ue
Timeout occured for deregistrationRequest
Sequence 26 step 17: deregistrationRequest / null_action
Log executor: sending registrationRequest.
Reading from ue
Log executor: received(raw) identityRequest from rrc.
####registrationRequestGUTI/identityRequest####
Sequence 26 step 18: registrationRequestGUTI / identityRequest
Log executor: sending identityResponse.
Reading from ue
Log executor: received(raw) authenticationRequest from rrc.
####identityResponse/authenticationRequest####
Sequence 26 step 19: identityResponse / authenticationRequest
Log executor: sending authenticationResponse.
Reading from ue
Log executor: received(raw) securityModeCommand from rrc.
####authenticationResponse/securityModeCommand####
Sequence 26 step 20: authenticationResponse / securityModeCommand
Log executor: sending securityModeReject.
Reading from ue
Timeout occured for securityModeReject
Sequence 26 step 21: securityModeReject / null_action
Log executor: sending registrationRequest.
Reading from ue
Log executor: received(raw) authenticationRequest from rrc.
####registrationRequest/authenticationRequest####
Sequence 26 step 22: registrationRequest / authenticationRequest
Log executor: sending authenticationResponse.
Reading from ue
Log executor: received(raw) securityModeCommand from rrc.
####authenticationResponse/securityModeCommand####
Sequence 26 step 23: authenticationResponse / securityModeCommand
Log executor: sending registrationRequest.
Reading from ue
Log executor: received(raw) authenticationRequest from rrc.
####registrationRequest/authenticationRequest####
Sequence 26 step 24: registrationRequest / authenticationRequest
Log executor: sending authenticationResponse.
Reading from ue
Log executor: received(raw) securityModeCommand from rrc.
####authenticationResponse/securityModeCommand####
Sequence 26 step 25: authenticationResponse / securityModeCommand
Log executor: sending deregistrationRequest.
Reading from ue
Timeout occured for deregistrationRequest
Sequence 26 step 26: deregistrationRequest / null_action
Log executor: sending registrationRequest.
Reading from ue
Log executor: received(raw) identityRequest from rrc.
####registrationRequestGUTI/identityRequest####
Sequence 26 step 27: registrationRequestGUTI / identityRequest
Log executor: sending identityResponse.
Reading from ue
Log executor: received(raw) authenticationRequest from rrc.
####identityResponse/authenticationRequest####
Sequence 26 step 28: identityResponse / authenticationRequest
Log executor: sending authenticationResponse.
Reading from ue
Log executor: received(raw) securityModeCommand from rrc.
####authenticationResponse/securityModeCommand####
Sequence 26 step 29: authenticationResponse / securityModeCommand
Log executor: sending securityModeReject.
Reading from ue
Timeout occured for securityModeReject
Sequence 26 step 30: securityModeReject / null_action
Log executor: sending registrationRequest.
Reading from ue
Log executor: received(raw) authenticationRequest from rrc.
####registrationRequest/authenticationRequest####
Sequence 26 step 31: registrationRequest / authenticationRequest
Log executor: sending authenticationResponse.
Reading from ue
Log executor: received(raw) securityModeCommand from rrc.
####authenticationResponse/securityModeCommand####
Sequence 26 step 32: authenticationResponse / securityModeCommand
Log executor: sending registrationRequest.
Reading from ue
Log executor: received(raw) authenticationRequest from rrc.
####registrationRequest/authenticationRequest####
Sequence 26 step 33: registrationRequest / authenticationRequest
Log executor: sending authenticationResponse.
Reading from ue
Log executor: received(raw) securityModeCommand from rrc.
####authenticationResponse/securityModeCommand####
Sequence 26 step 34: authenticationResponse / securityModeCommand
Log executor: sending deregistrationRequest.
Reading from ue
Timeout occured for deregistrationRequest
Sequence 26 step 35: deregistrationRequest / null_action
Log executor: sending registrationRequest.
Reading from ue
Log executor: received(raw) identityRequest from rrc.
####registrationRequestGUTI/identityRequest####
Sequence 26 step 36: registrationRequestGUTI / identityRequest
Log executor: sending identityResponse.
Reading from ue
Log executor: received(raw) authenticationRequest from rrc.
####identityResponse/authenticationRequest####
Sequence 26 step 37: identityResponse / authenticationRequest
Log executor: sending authenticationResponse.
Reading from ue
Log executor: received(raw) securityModeCommand from rrc.
####authenticationResponse/securityModeCommand####
Sequence 26 step 38: authenticationResponse / securityModeCommand
Log executor: sending securityModeReject.
Reading from ue
Timeout occured for securityModeReject
Sequence 26 step 39: securityModeReject / null_action
Log executor: sending registrationRequest.
Reading from ue
Log executor: received(raw) authenticationRequest from rrc.
####registrationRequest/authenticationRequest####
Sequence 26 step 40: registrationRequest / authenticationRequest
Log executor: sending authenticationResponse.
Reading from ue
Log executor: received(raw) securityModeCommand from rrc.
####authenticationResponse/securityModeCommand####
Sequence 26 step 41: authenticationResponse / securityModeCommand
Log executor: sending registrationRequest.
Reading from ue
Log executor: received(raw) authenticationRequest from rrc.
####registrationRequest/authenticationRequest####
Sequence 26 step 42: registrationRequest / authenticationRequest
Log executor: sending authenticationResponse.
Reading from ue
Log executor: received(raw) securityModeCommand from rrc.
####authenticationResponse/securityModeCommand####
Sequence 26 step 43: authenticationResponse / securityModeCommand
Log executor: sending deregistrationRequest.
Reading from ue
Timeout occured for deregistrationRequest
Sequence 26 step 44: deregistrationRequest / null_action
Log executor: sending registrationRequest.
Reading from ue
Log executor: received(raw) identityRequest from rrc.
####registrationRequestGUTI/identityRequest####
Sequence 26 step 45: registrationRequestGUTI / identityRequest
Log executor: sending identityResponse.
Reading from ue
Log executor: received(raw) authenticationRequest from rrc.
####identityResponse/authenticationRequest####
Sequence 26 step 46: identityResponse / authenticationRequest
Log executor: sending authenticationResponse.
Reading from ue
Log executor: received(raw) securityModeCommand from rrc.
####authenticationResponse/securityModeCommand####
Sequence 26 step 47: authenticationResponse / securityModeCommand
Log executor: sending securityModeReject.
Reading from ue
Timeout occured for securityModeReject
Sequence 26 step 48: securityModeReject / null_action
Log executor: sending registrationRequest.
Reading from ue
Log executor: received(raw) authenticationRequest from rrc.
####registrationRequest/authenticationRequest####
Sequence 26 step 49: registrationRequest / authenticationRequest
Log executor: sending authenticationResponse.
Reading from ue
Log executor: received(raw) securityModeCommand from rrc.
####authenticationResponse/securityModeCommand####
Sequence 26 step 50: authenticationResponse / securityModeCommand
Log executor: sending registrationRequest.
Reading from ue
Log executor: received(raw) authenticationRequest from rrc.
####registrationRequest/authenticationRequest####
Sequence 26 step 51: registrationRequest / authenticationRequest
Log executor: sending authenticationResponse.
Reading from ue
Log executor: received(raw) securityModeCommand from rrc.
####authenticationResponse/securityModeCommand####
Sequence 26 step 52: authenticationResponse / securityModeCommand
Log executor: sending deregistrationRequest.
Reading from ue
Timeout occured for deregistrationRequest
Sequence 26 step 53: deregistrationRequest / null_action
Log executor: sending registrationRequest.
Reading from ue
Log executor: received(raw) identityRequest from rrc.
####registrationRequestGUTI/identityRequest####
Sequence 26 step 54: registrationRequestGUTI / identityRequest
Log executor: sending identityResponse.
Reading from ue
Log executor: received(raw) authenticationRequest from rrc.
####identityResponse/authenticationRequest####
Sequence 26 step 55: identityResponse / authenticationRequest
Log executor: sending authenticationResponse.
Reading from ue
Log executor: received(raw) securityModeCommand from rrc.
####authenticationResponse/securityModeCommand####
Sequence 26 step 56: authenticationResponse / securityModeCommand
Log executor: sending securityModeReject.
Reading from ue
Timeout occured for securityModeReject
Sequence 26 step 57: securityModeReject / null_action
Log executor: sending registrationRequest.
Reading from ue
Log executor: received(raw) authenticationRequest from rrc.
####registrationRequest/authenticationRequest####
Sequence 26 step 58: registrationRequest / authenticationRequest
Log executor: sending authenticationResponse.
Reading from ue
Log executor: received(raw) securityModeCommand from rrc.
####authenticationResponse/securityModeCommand####
Sequence 26 step 59: authenticationResponse / securityModeCommand
Log executor: sending registrationRequest.
Reading from ue
Log executor: received(raw) authenticationRequest from rrc.
####registrationRequest/authenticationRequest####
Sequence 26 step 60: registrationRequest / authenticationRequest
Log executor: sending authenticationResponse.
Reading from ue
Log executor: received(raw) securityModeCommand from rrc.
####authenticationResponse/securityModeCommand####
Sequence 26 step 61: authenticationResponse / securityModeCommand
Log executor: sending deregistrationRequest.
Reading from ue
Timeout occured for deregistrationRequest
Sequence 26 step 62: deregistrationRequest / null_action
Log executor: sending registrationRequest.
Reading from ue
Log executor: received(raw) identityRequest from rrc.
####registrationRequestGUTI/identityRequest####
Sequence 26 step 63: registrationRequestGUTI / identityRequest
Log executor: sending identityResponse.
Reading from ue
Log executor: received(raw) authenticationRequest from rrc.
####identityResponse/authenticationRequest####
Sequence 26 step 64: identityResponse / authenticationRequest
Log executor: sending authenticationResponse.
Reading from ue
Log executor: received(raw) securityModeCommand from rrc.
####authenticationResponse/securityModeCommand####
Sequence 26 step 65: authenticationResponse / securityModeCommand
Log executor: sending securityModeReject.
Reading from ue
Timeout occured for securityModeReject
Sequence 26 step 66: securityModeReject / null_action
Log executor: sending registrationRequest.
Reading from ue
Log executor: received(raw) authenticationRequest from rrc.
####registrationRequest/authenticationRequest####
Sequence 26 step 67: registrationRequest / authenticationRequest
Log executor: sending authenticationResponse.
Reading from ue
Log executor: received(raw) securityModeCommand from rrc.
####authenticationResponse/securityModeCommand####
Sequence 26 step 68: authenticationResponse / securityModeCommand
Log executor: sending registrationRequest.
Reading from ue
Log executor: received(raw) authenticationRequest from rrc.
####registrationRequest/authenticationRequest####
Sequence 26 step 69: registrationRequest / authenticationRequest
Log executor: sending authenticationResponse.
Reading from ue
Log executor: received(raw) securityModeCommand from rrc.
####authenticationResponse/securityModeCommand####
Sequence 26 step 70: authenticationResponse / securityModeCommand
Log executor: sending deregistrationRequest.
Reading from ue
Timeout occured for deregistrationRequest
Sequence 26 step 71: deregistrationRequest / null_action
Log executor: sending registrationRequest.
Reading from ue
Log executor: received(raw) identityRequest from rrc.
####registrationRequestGUTI/identityRequest####
Sequence 26 step 72: registrationRequestGUTI / identityRequest
Log executor: sending identityResponse.
Reading from ue
Log executor: received(raw) authenticationRequest from rrc.
####identityResponse/authenticationRequest####
Sequence 26 step 73: identityResponse / authenticationRequest
Log executor: sending authenticationResponse.
Reading from ue
Log executor: received(raw) securityModeCommand from rrc.
####authenticationResponse/securityModeCommand####
Sequence 26 step 74: authenticationResponse / securityModeCommand
Log executor: sending securityModeReject.
Reading from ue
Timeout occured for securityModeReject
Sequence 26 step 75: securityModeReject / null_action
Log executor: sending registrationRequest.
Reading from ue
Log executor: received(raw) authenticationRequest from rrc.
####registrationRequest/authenticationRequest####
Sequence 26 step 76: registrationRequest / authenticationRequest
Log executor: sending authenticationResponse.
Reading from ue
Log executor: received(raw) securityModeCommand from rrc.
####authenticationResponse/securityModeCommand####
Sequence 26 step 77: authenticationResponse / securityModeCommand
Log executor: sending registrationRequest.
Reading from ue
Log executor: received(raw) authenticationRequest from rrc.
####registrationRequest/authenticationRequest####
Sequence 26 step 78: registrationRequest / authenticationRequest
Log executor: sending authenticationResponse.
Reading from ue
Log executor: received(raw) securityModeCommand from rrc.
####authenticationResponse/securityModeCommand####
Sequence 26 step 79: authenticationResponse / securityModeCommand
Log executor: sending deregistrationRequest.
Reading from ue
Timeout occured for deregistrationRequest
Sequence 26 step 80: deregistrationRequest / null_action
Log executor: sending registrationRequest.
Reading from ue
Log executor: received(raw) identityRequest from rrc.
####registrationRequestGUTI/identityRequest####
Sequence 26 step 81: registrationRequestGUTI / identityRequest
Log executor: sending identityResponse.
Reading from ue
Log executor: received(raw) authenticationRequest from rrc.
####identityResponse/authenticationRequest####
Sequence 26 step 82: identityResponse / authenticationRequest
Log executor: sending authenticationResponse.
Reading from ue
Log executor: received(raw) securityModeCommand from rrc.
####authenticationResponse/securityModeCommand####
Sequence 26 step 83: authenticationResponse / securityModeCommand
Log executor: sending securityModeReject.
Reading from ue
Timeout occured for securityModeReject
Sequence 26 step 84: securityModeReject / null_action
Log executor: sending registrationRequest.
Reading from ue
Log executor: received(raw) authenticationRequest from rrc.
####registrationRequest/authenticationRequest####
Sequence 26 step 85: registrationRequest / authenticationRequest
Log executor: sending authenticationResponse.
Reading from ue
Log executor: received(raw) securityModeCommand from rrc.
####authenticationResponse/securityModeCommand####
Sequence 26 step 86: authenticationResponse / securityModeCommand
Log executor: sending registrationRequest.
Reading from ue
Log executor: received(raw) authenticationRequest from rrc.
####registrationRequest/authenticationRequest####
Sequence 26 step 87: registrationRequest / authenticationRequest
Log executor: sending authenticationResponse.
Reading from ue
Log executor: received(raw) securityModeCommand from rrc.
####authenticationResponse/securityModeCommand####
Sequence 26 step 88: authenticationResponse / securityModeCommand
Log executor: sending deregistrationRequest.
Reading from ue
Timeout occured for deregistrationRequest
Sequence 26 step 89: deregistrationRequest / null_action
Log executor: sending registrationRequest.
Reading from ue
Log executor: received(raw) identityRequest from rrc.
####registrationRequestGUTI/identityRequest####
Sequence 26 step 90: registrationRequestGUTI / identityRequest
Log executor: sending identityResponse.
Reading from ue
Log executor: received(raw) authenticationRequest from rrc.
####identityResponse/authenticationRequest####
Sequence 26 step 91: identityResponse / authenticationRequest
=== Sequence 26 done ===
Stopping nr-ue: 13514
nr-ue stopped.
Stopping nr-gnb: 13496
nr-gnb stopped.
Stopping Open5GS test-core: 13417
[core][ERROR] Open5GS launcher finished with status 134
Open5GS stopped and session log writes were flushed.
=== Sequence 27 start ===
Nodes: 
Inputs: registrationRequest authenticationResponse securityModeReject registrationRequest authenticationResponse registrationRequestGUTI authenticationResponse deregistrationRequest registrationRequestGUTI registrationRequest authenticationResponse securityModeReject registrationRequest authenticationResponse registrationRequestGUTI authenticationResponse deregistrationRequest registrationRequestGUTI registrationRequest authenticationResponse securityModeReject registrationRequest authenticationResponse registrationRequestGUTI authenticationResponse deregistrationRequest registrationRequestGUTI registrationRequest authenticationResponse securityModeReject registrationRequest authenticationResponse registrationRequestGUTI authenticationResponse deregistrationRequest registrationRequestGUTI registrationRequest authenticationResponse securityModeReject registrationRequest authenticationResponse registrationRequestGUTI authenticationResponse deregistrationRequest registrationRequestGUTI registrationRequest authenticationResponse securityModeReject registrationRequest authenticationResponse registrationRequestGUTI authenticationResponse deregistrationRequest registrationRequestGUTI registrationRequest authenticationResponse securityModeReject registrationRequest authenticationResponse registrationRequestGUTI authenticationResponse deregistrationRequest registrationRequestGUTI registrationRequest authenticationResponse securityModeReject registrationRequest authenticationResponse registrationRequestGUTI authenticationResponse deregistrationRequest registrationRequestGUTI registrationRequest authenticationResponse securityModeReject registrationRequest authenticationResponse registrationRequestGUTI authenticationResponse deregistrationRequest registrationRequestGUTI registrationRequest authenticationResponse securityModeReject registrationRequest authenticationResponse registrationRequestGUTI authenticationResponse deregistrationRequest registrationRequestGUTI registrationRequest
Wire inputs: registrationRequest authenticationResponse securityModeReject registrationRequest authenticationResponse registrationRequestGUTI authenticationResponse deregistrationRequest registrationRequestGUTI registrationRequest authenticationResponse securityModeReject registrationRequest authenticationResponse registrationRequestGUTI authenticationResponse deregistrationRequest registrationRequestGUTI registrationRequest authenticationResponse securityModeReject registrationRequest authenticationResponse registrationRequestGUTI authenticationResponse deregistrationRequest registrationRequestGUTI registrationRequest authenticationResponse securityModeReject registrationRequest authenticationResponse registrationRequestGUTI authenticationResponse deregistrationRequest registrationRequestGUTI registrationRequest authenticationResponse securityModeReject registrationRequest authenticationResponse registrationRequestGUTI authenticationResponse deregistrationRequest registrationRequestGUTI registrationRequest authenticationResponse securityModeReject registrationRequest authenticationResponse registrationRequestGUTI authenticationResponse deregistrationRequest registrationRequestGUTI registrationRequest authenticationResponse securityModeReject registrationRequest authenticationResponse registrationRequestGUTI authenticationResponse deregistrationRequest registrationRequestGUTI registrationRequest authenticationResponse securityModeReject registrationRequest authenticationResponse registrationRequestGUTI authenticationResponse deregistrationRequest registrationRequestGUTI registrationRequest authenticationResponse securityModeReject registrationRequest authenticationResponse registrationRequestGUTI authenticationResponse deregistrationRequest registrationRequestGUTI registrationRequest authenticationResponse securityModeReject registrationRequest authenticationResponse registrationRequestGUTI authenticationResponse deregistrationRequest registrationRequestGUTI registrationRequest
Selected UERANSIM profile: open5gs (UERANSIM-gnb-999-70-1)
Starting Core & gNodeB & UE
nr-gnb is not running.
nr-ue is not running.
No Open5GS test-core process is running from: /home/dzdysl/CoreCrisis/test_open5gs/open5gs
Open5GS stopped and session log writes were flushed.
RUNTIME_CONTRACT WARNING: Runtime file hash mismatch: scripts/start_core.sh expected=840ef0af6893870090daf095a53f3435122accb71b4f23b3e1575d92e6284658 actual=031fbab111baca97e1d910d8038ff4b07084fba888eafcce0d3173acc84f2d9c
Could not persist runtime warning: /home/dzdysl/CoreCrisis/test_open5gs/runs/20260804T034905Z-2b7f2823/raw/open5gs/core-session-056
[core][INFO] Launching Open5GS from: /home/dzdysl/CoreCrisis/test_open5gs/open5gs
[core][INFO] Configuration: /home/dzdysl/CoreCrisis/test_open5gs/core.properties
[core][INFO] Core log: /home/dzdysl/CoreCrisis/test_open5gs/runs/20260804T034905Z-2b7f2823/raw/open5gs/core-session-056/core.log
[core][ERROR] Open5GS launcher finished with status 134
Finished starting up Core & gNodeB
Connecting to ue..
Timeout occurred for UE(Done)
Stopping nr-gnb: 13784
nr-gnb stopped.
Stopping nr-ue: 13801
nr-ue stopped.
No Open5GS test-core process is running from: /home/dzdysl/CoreCrisis/test_open5gs/open5gs
Open5GS stopped and session log writes were flushed.
RUNTIME_CONTRACT WARNING: Runtime file hash mismatch: scripts/start_core.sh expected=840ef0af6893870090daf095a53f3435122accb71b4f23b3e1575d92e6284658 actual=031fbab111baca97e1d910d8038ff4b07084fba888eafcce0d3173acc84f2d9c
Could not persist runtime warning: /home/dzdysl/CoreCrisis/test_open5gs/runs/20260804T034905Z-2b7f2823/raw/open5gs/core-session-057
[core][INFO] Launching Open5GS from: /home/dzdysl/CoreCrisis/test_open5gs/open5gs
[core][INFO] Configuration: /home/dzdysl/CoreCrisis/test_open5gs/core.properties
[core][INFO] Core log: /home/dzdysl/CoreCrisis/test_open5gs/runs/20260804T034905Z-2b7f2823/raw/open5gs/core-session-057/core.log
Connecting to ue..
Received = DONE
Connected with UE.
Sent Hello.
Received = Hi
Connected to ue.
Done with initializing the connection with UE, gNodeB, and Core.
Log executor: sending registrationRequest.
Reading from ue
Log executor: received(raw) authenticationRequest from rrc.
####registrationRequest/authenticationRequest####
Sequence 27 step 1: registrationRequest / authenticationRequest
Log executor: sending authenticationResponse.
Reading from ue
Log executor: received(raw) securityModeCommand from rrc.
####authenticationResponse/securityModeCommand####
Sequence 27 step 2: authenticationResponse / securityModeCommand
Log executor: sending securityModeReject.
Reading from ue
Timeout occured for securityModeReject
Sequence 27 step 3: securityModeReject / null_action
Log executor: sending registrationRequest.
Reading from ue
Log executor: received(raw) authenticationRequest from rrc.
####registrationRequest/authenticationRequest####
Sequence 27 step 4: registrationRequest / authenticationRequest
Log executor: sending authenticationResponse.
Reading from ue
Log executor: received(raw) securityModeCommand from rrc.
####authenticationResponse/securityModeCommand####
Sequence 27 step 5: authenticationResponse / securityModeCommand
Log executor: sending registrationRequest.
Reading from ue
Log executor: received(raw) authenticationRequest from rrc.
####registrationRequestGUTI/authenticationRequest####
Sequence 27 step 6: registrationRequestGUTI / authenticationRequest
Log executor: sending authenticationResponse.
Reading from ue
Log executor: received(raw) securityModeCommand from rrc.
####authenticationResponse/securityModeCommand####
Sequence 27 step 7: authenticationResponse / securityModeCommand
Log executor: sending deregistrationRequest.
Reading from ue
Timeout occured for deregistrationRequest
Sequence 27 step 8: deregistrationRequest / null_action
Log executor: sending registrationRequest.
Reading from ue
Log executor: received(raw) identityRequest from rrc.
####registrationRequestGUTI/identityRequest####
Sequence 27 step 9: registrationRequestGUTI / identityRequest
Log executor: sending registrationRequest.
Reading from ue
Log executor: received(raw) authenticationRequest from rrc.
####registrationRequest/authenticationRequest####
Sequence 27 step 10: registrationRequest / authenticationRequest
Log executor: sending authenticationResponse.
Reading from ue
Log executor: received(raw) securityModeCommand from rrc.
####authenticationResponse/securityModeCommand####
Sequence 27 step 11: authenticationResponse / securityModeCommand
Log executor: sending securityModeReject.
Reading from ue
Timeout occured for securityModeReject
Sequence 27 step 12: securityModeReject / null_action
Log executor: sending registrationRequest.
Reading from ue
Log executor: received(raw) authenticationRequest from rrc.
####registrationRequest/authenticationRequest####
Sequence 27 step 13: registrationRequest / authenticationRequest
Log executor: sending authenticationResponse.
Reading from ue
Log executor: received(raw) securityModeCommand from rrc.
####authenticationResponse/securityModeCommand####
Sequence 27 step 14: authenticationResponse / securityModeCommand
Log executor: sending registrationRequest.
Reading from ue
Log executor: received(raw) authenticationRequest from rrc.
####registrationRequestGUTI/authenticationRequest####
Sequence 27 step 15: registrationRequestGUTI / authenticationRequest
Log executor: sending authenticationResponse.
Reading from ue
Log executor: received(raw) securityModeCommand from rrc.
####authenticationResponse/securityModeCommand####
Sequence 27 step 16: authenticationResponse / securityModeCommand
Log executor: sending deregistrationRequest.
Reading from ue
Timeout occured for deregistrationRequest
Sequence 27 step 17: deregistrationRequest / null_action
Log executor: sending registrationRequest.
Reading from ue
Log executor: received(raw) identityRequest from rrc.
####registrationRequestGUTI/identityRequest####
Sequence 27 step 18: registrationRequestGUTI / identityRequest
Log executor: sending registrationRequest.
Reading from ue
Log executor: received(raw) authenticationRequest from rrc.
####registrationRequest/authenticationRequest####
Sequence 27 step 19: registrationRequest / authenticationRequest
Log executor: sending authenticationResponse.
Reading from ue
Log executor: received(raw) securityModeCommand from rrc.
####authenticationResponse/securityModeCommand####
Sequence 27 step 20: authenticationResponse / securityModeCommand
Log executor: sending securityModeReject.
Reading from ue
Timeout occured for securityModeReject
Sequence 27 step 21: securityModeReject / null_action
Log executor: sending registrationRequest.
Reading from ue
Log executor: received(raw) authenticationRequest from rrc.
####registrationRequest/authenticationRequest####
Sequence 27 step 22: registrationRequest / authenticationRequest
Log executor: sending authenticationResponse.
Reading from ue
Log executor: received(raw) securityModeCommand from rrc.
####authenticationResponse/securityModeCommand####
Sequence 27 step 23: authenticationResponse / securityModeCommand
Log executor: sending registrationRequest.
Reading from ue
Log executor: received(raw) authenticationRequest from rrc.
####registrationRequestGUTI/authenticationRequest####
Sequence 27 step 24: registrationRequestGUTI / authenticationRequest
Log executor: sending authenticationResponse.
Reading from ue
Log executor: received(raw) securityModeCommand from rrc.
####authenticationResponse/securityModeCommand####
Sequence 27 step 25: authenticationResponse / securityModeCommand
Log executor: sending deregistrationRequest.
Reading from ue
Timeout occured for deregistrationRequest
Sequence 27 step 26: deregistrationRequest / null_action
Log executor: sending registrationRequest.
Reading from ue
Log executor: received(raw) identityRequest from rrc.
####registrationRequestGUTI/identityRequest####
Sequence 27 step 27: registrationRequestGUTI / identityRequest
Log executor: sending registrationRequest.
Reading from ue
Log executor: received(raw) authenticationRequest from rrc.
####registrationRequest/authenticationRequest####
Sequence 27 step 28: registrationRequest / authenticationRequest
Log executor: sending authenticationResponse.
Reading from ue
Log executor: received(raw) securityModeCommand from rrc.
####authenticationResponse/securityModeCommand####
Sequence 27 step 29: authenticationResponse / securityModeCommand
Log executor: sending securityModeReject.
Reading from ue
Timeout occured for securityModeReject
Sequence 27 step 30: securityModeReject / null_action
Log executor: sending registrationRequest.
Reading from ue
Log executor: received(raw) authenticationRequest from rrc.
####registrationRequest/authenticationRequest####
Sequence 27 step 31: registrationRequest / authenticationRequest
Log executor: sending authenticationResponse.
Reading from ue
Log executor: received(raw) securityModeCommand from rrc.
####authenticationResponse/securityModeCommand####
Sequence 27 step 32: authenticationResponse / securityModeCommand
Log executor: sending registrationRequest.
Reading from ue
Log executor: received(raw) authenticationRequest from rrc.
####registrationRequestGUTI/authenticationRequest####
Sequence 27 step 33: registrationRequestGUTI / authenticationRequest
Log executor: sending authenticationResponse.
Reading from ue
Log executor: received(raw) securityModeCommand from rrc.
####authenticationResponse/securityModeCommand####
Sequence 27 step 34: authenticationResponse / securityModeCommand
Log executor: sending deregistrationRequest.
Reading from ue
Timeout occured for deregistrationRequest
Sequence 27 step 35: deregistrationRequest / null_action
Log executor: sending registrationRequest.
Reading from ue
Log executor: received(raw) identityRequest from rrc.
####registrationRequestGUTI/identityRequest####
Sequence 27 step 36: registrationRequestGUTI / identityRequest
Log executor: sending registrationRequest.
Reading from ue
Log executor: received(raw) authenticationRequest from rrc.
####registrationRequest/authenticationRequest####
Sequence 27 step 37: registrationRequest / authenticationRequest
Log executor: sending authenticationResponse.
Reading from ue
Log executor: received(raw) securityModeCommand from rrc.
####authenticationResponse/securityModeCommand####
Sequence 27 step 38: authenticationResponse / securityModeCommand
Log executor: sending securityModeReject.
Reading from ue
Timeout occured for securityModeReject
Sequence 27 step 39: securityModeReject / null_action
Log executor: sending registrationRequest.
Reading from ue
Log executor: received(raw) authenticationRequest from rrc.
####registrationRequest/authenticationRequest####
Sequence 27 step 40: registrationRequest / authenticationRequest
Log executor: sending authenticationResponse.
Reading from ue
Log executor: received(raw) securityModeCommand from rrc.
####authenticationResponse/securityModeCommand####
Sequence 27 step 41: authenticationResponse / securityModeCommand
Log executor: sending registrationRequest.
Reading from ue
Log executor: received(raw) authenticationRequest from rrc.
####registrationRequestGUTI/authenticationRequest####
Sequence 27 step 42: registrationRequestGUTI / authenticationRequest
Log executor: sending authenticationResponse.
Reading from ue
Log executor: received(raw) securityModeCommand from rrc.
####authenticationResponse/securityModeCommand####
Sequence 27 step 43: authenticationResponse / securityModeCommand
Log executor: sending deregistrationRequest.
Reading from ue
Timeout occured for deregistrationRequest
Sequence 27 step 44: deregistrationRequest / null_action
Log executor: sending registrationRequest.
Reading from ue
Log executor: received(raw) identityRequest from rrc.
####registrationRequestGUTI/identityRequest####
Sequence 27 step 45: registrationRequestGUTI / identityRequest
Log executor: sending registrationRequest.
Reading from ue
Log executor: received(raw) authenticationRequest from rrc.
####registrationRequest/authenticationRequest####
Sequence 27 step 46: registrationRequest / authenticationRequest
Log executor: sending authenticationResponse.
Reading from ue
Log executor: received(raw) securityModeCommand from rrc.
####authenticationResponse/securityModeCommand####
Sequence 27 step 47: authenticationResponse / securityModeCommand
Log executor: sending securityModeReject.
Reading from ue
Timeout occured for securityModeReject
Sequence 27 step 48: securityModeReject / null_action
Log executor: sending registrationRequest.
Reading from ue
Log executor: received(raw) authenticationRequest from rrc.
####registrationRequest/authenticationRequest####
Sequence 27 step 49: registrationRequest / authenticationRequest
Log executor: sending authenticationResponse.
Reading from ue
Log executor: received(raw) securityModeCommand from rrc.
####authenticationResponse/securityModeCommand####
Sequence 27 step 50: authenticationResponse / securityModeCommand
Log executor: sending registrationRequest.
Reading from ue
Log executor: received(raw) authenticationRequest from rrc.
####registrationRequestGUTI/authenticationRequest####
Sequence 27 step 51: registrationRequestGUTI / authenticationRequest
Log executor: sending authenticationResponse.
Reading from ue
Log executor: received(raw) securityModeCommand from rrc.
####authenticationResponse/securityModeCommand####
Sequence 27 step 52: authenticationResponse / securityModeCommand
Log executor: sending deregistrationRequest.
Reading from ue
Timeout occured for deregistrationRequest
Sequence 27 step 53: deregistrationRequest / null_action
Log executor: sending registrationRequest.
Reading from ue
Log executor: received(raw) identityRequest from rrc.
####registrationRequestGUTI/identityRequest####
Sequence 27 step 54: registrationRequestGUTI / identityRequest
Log executor: sending registrationRequest.
Reading from ue
Log executor: received(raw) authenticationRequest from rrc.
####registrationRequest/authenticationRequest####
Sequence 27 step 55: registrationRequest / authenticationRequest
Log executor: sending authenticationResponse.
Reading from ue
Log executor: received(raw) securityModeCommand from rrc.
####authenticationResponse/securityModeCommand####
Sequence 27 step 56: authenticationResponse / securityModeCommand
Log executor: sending securityModeReject.
Reading from ue
Timeout occured for securityModeReject
Sequence 27 step 57: securityModeReject / null_action
Log executor: sending registrationRequest.
Reading from ue
Log executor: received(raw) authenticationRequest from rrc.
####registrationRequest/authenticationRequest####
Sequence 27 step 58: registrationRequest / authenticationRequest
Log executor: sending authenticationResponse.
Reading from ue
Log executor: received(raw) securityModeCommand from rrc.
####authenticationResponse/securityModeCommand####
Sequence 27 step 59: authenticationResponse / securityModeCommand
Log executor: sending registrationRequest.
Reading from ue
Log executor: received(raw) authenticationRequest from rrc.
####registrationRequestGUTI/authenticationRequest####
Sequence 27 step 60: registrationRequestGUTI / authenticationRequest
Log executor: sending authenticationResponse.
Reading from ue
Log executor: received(raw) securityModeCommand from rrc.
####authenticationResponse/securityModeCommand####
Sequence 27 step 61: authenticationResponse / securityModeCommand
Log executor: sending deregistrationRequest.
Reading from ue
Timeout occured for deregistrationRequest
Sequence 27 step 62: deregistrationRequest / null_action
Log executor: sending registrationRequest.
Reading from ue
Log executor: received(raw) identityRequest from rrc.
####registrationRequestGUTI/identityRequest####
Sequence 27 step 63: registrationRequestGUTI / identityRequest
Log executor: sending registrationRequest.
Reading from ue
Log executor: received(raw) authenticationRequest from rrc.
####registrationRequest/authenticationRequest####
Sequence 27 step 64: registrationRequest / authenticationRequest
Log executor: sending authenticationResponse.
Reading from ue
Log executor: received(raw) securityModeCommand from rrc.
####authenticationResponse/securityModeCommand####
Sequence 27 step 65: authenticationResponse / securityModeCommand
Log executor: sending securityModeReject.
Reading from ue
Timeout occured for securityModeReject
Sequence 27 step 66: securityModeReject / null_action
Log executor: sending registrationRequest.
Reading from ue
Log executor: received(raw) authenticationRequest from rrc.
####registrationRequest/authenticationRequest####
Sequence 27 step 67: registrationRequest / authenticationRequest
Log executor: sending authenticationResponse.
Reading from ue
Log executor: received(raw) securityModeCommand from rrc.
####authenticationResponse/securityModeCommand####
Sequence 27 step 68: authenticationResponse / securityModeCommand
Log executor: sending registrationRequest.
Reading from ue
Log executor: received(raw) authenticationRequest from rrc.
####registrationRequestGUTI/authenticationRequest####
Sequence 27 step 69: registrationRequestGUTI / authenticationRequest
Log executor: sending authenticationResponse.
Reading from ue
Log executor: received(raw) securityModeCommand from rrc.
####authenticationResponse/securityModeCommand####
Sequence 27 step 70: authenticationResponse / securityModeCommand
Log executor: sending deregistrationRequest.
Reading from ue
Timeout occured for deregistrationRequest
Sequence 27 step 71: deregistrationRequest / null_action
Log executor: sending registrationRequest.
Reading from ue
Log executor: received(raw) identityRequest from rrc.
####registrationRequestGUTI/identityRequest####
Sequence 27 step 72: registrationRequestGUTI / identityRequest
Log executor: sending registrationRequest.
Reading from ue
Log executor: received(raw) authenticationRequest from rrc.
####registrationRequest/authenticationRequest####
Sequence 27 step 73: registrationRequest / authenticationRequest
Log executor: sending authenticationResponse.
Reading from ue
Log executor: received(raw) securityModeCommand from rrc.
####authenticationResponse/securityModeCommand####
Sequence 27 step 74: authenticationResponse / securityModeCommand
Log executor: sending securityModeReject.
Reading from ue
Timeout occured for securityModeReject
Sequence 27 step 75: securityModeReject / null_action
Log executor: sending registrationRequest.
Reading from ue
Log executor: received(raw) authenticationRequest from rrc.
####registrationRequest/authenticationRequest####
Sequence 27 step 76: registrationRequest / authenticationRequest
Log executor: sending authenticationResponse.
Reading from ue
Log executor: received(raw) securityModeCommand from rrc.
####authenticationResponse/securityModeCommand####
Sequence 27 step 77: authenticationResponse / securityModeCommand
Log executor: sending registrationRequest.
Reading from ue
Log executor: received(raw) authenticationRequest from rrc.
####registrationRequestGUTI/authenticationRequest####
Sequence 27 step 78: registrationRequestGUTI / authenticationRequest
Log executor: sending authenticationResponse.
Reading from ue
Log executor: received(raw) securityModeCommand from rrc.
####authenticationResponse/securityModeCommand####
Sequence 27 step 79: authenticationResponse / securityModeCommand
Log executor: sending deregistrationRequest.
Reading from ue
Timeout occured for deregistrationRequest
Sequence 27 step 80: deregistrationRequest / null_action
Log executor: sending registrationRequest.
Reading from ue
Log executor: received(raw) identityRequest from rrc.
####registrationRequestGUTI/identityRequest####
Sequence 27 step 81: registrationRequestGUTI / identityRequest
Log executor: sending registrationRequest.
Reading from ue
Log executor: received(raw) authenticationRequest from rrc.
####registrationRequest/authenticationRequest####
Sequence 27 step 82: registrationRequest / authenticationRequest
Log executor: sending authenticationResponse.
Reading from ue
Log executor: received(raw) securityModeCommand from rrc.
####authenticationResponse/securityModeCommand####
Sequence 27 step 83: authenticationResponse / securityModeCommand
Log executor: sending securityModeReject.
Reading from ue
Timeout occured for securityModeReject
Sequence 27 step 84: securityModeReject / null_action
Log executor: sending registrationRequest.
Reading from ue
Log executor: received(raw) authenticationRequest from rrc.
####registrationRequest/authenticationRequest####
Sequence 27 step 85: registrationRequest / authenticationRequest
Log executor: sending authenticationResponse.
Reading from ue
Log executor: received(raw) securityModeCommand from rrc.
####authenticationResponse/securityModeCommand####
Sequence 27 step 86: authenticationResponse / securityModeCommand
Log executor: sending registrationRequest.
Reading from ue
Log executor: received(raw) authenticationRequest from rrc.
####registrationRequestGUTI/authenticationRequest####
Sequence 27 step 87: registrationRequestGUTI / authenticationRequest
Log executor: sending authenticationResponse.
Reading from ue
Log executor: received(raw) securityModeCommand from rrc.
####authenticationResponse/securityModeCommand####
Sequence 27 step 88: authenticationResponse / securityModeCommand
Log executor: sending deregistrationRequest.
Reading from ue
Timeout occured for deregistrationRequest
Sequence 27 step 89: deregistrationRequest / null_action
Log executor: sending registrationRequest.
Reading from ue
Log executor: received(raw) identityRequest from rrc.
####registrationRequestGUTI/identityRequest####
Sequence 27 step 90: registrationRequestGUTI / identityRequest
Log executor: sending registrationRequest.
Reading from ue
Log executor: received(raw) authenticationRequest from rrc.
####registrationRequest/authenticationRequest####
Sequence 27 step 91: registrationRequest / authenticationRequest
=== Sequence 27 done ===
Stopping nr-ue: 13981
nr-ue stopped.
Stopping nr-gnb: 13963
nr-gnb stopped.
Stopping Open5GS test-core: 13884
[core][ERROR] Open5GS launcher finished with status 134
Open5GS stopped and session log writes were flushed.
=== Sequence 28 start ===
Nodes: 
Inputs: registrationRequest authenticationResponse securityModeReject registrationRequest authenticationResponse registrationRequestGUTI authenticationResponse deregistrationRequest registrationRequestGUTI identityResponse authenticationResponse securityModeReject registrationRequest authenticationResponse registrationRequestGUTI authenticationResponse deregistrationRequest registrationRequestGUTI identityResponse authenticationResponse securityModeReject registrationRequest authenticationResponse registrationRequestGUTI authenticationResponse deregistrationRequest registrationRequestGUTI identityResponse authenticationResponse securityModeReject registrationRequest authenticationResponse registrationRequestGUTI authenticationResponse deregistrationRequest registrationRequestGUTI identityResponse authenticationResponse securityModeReject registrationRequest authenticationResponse registrationRequestGUTI authenticationResponse deregistrationRequest registrationRequestGUTI identityResponse authenticationResponse securityModeReject registrationRequest authenticationResponse registrationRequestGUTI authenticationResponse deregistrationRequest registrationRequestGUTI identityResponse authenticationResponse securityModeReject registrationRequest authenticationResponse registrationRequestGUTI authenticationResponse deregistrationRequest registrationRequestGUTI identityResponse authenticationResponse securityModeReject registrationRequest authenticationResponse registrationRequestGUTI authenticationResponse deregistrationRequest registrationRequestGUTI identityResponse authenticationResponse securityModeReject registrationRequest authenticationResponse registrationRequestGUTI authenticationResponse deregistrationRequest registrationRequestGUTI identityResponse authenticationResponse securityModeReject registrationRequest authenticationResponse registrationRequestGUTI authenticationResponse deregistrationRequest registrationRequestGUTI identityResponse
Wire inputs: registrationRequest authenticationResponse securityModeReject registrationRequest authenticationResponse registrationRequestGUTI authenticationResponse deregistrationRequest registrationRequestGUTI identityResponse authenticationResponse securityModeReject registrationRequest authenticationResponse registrationRequestGUTI authenticationResponse deregistrationRequest registrationRequestGUTI identityResponse authenticationResponse securityModeReject registrationRequest authenticationResponse registrationRequestGUTI authenticationResponse deregistrationRequest registrationRequestGUTI identityResponse authenticationResponse securityModeReject registrationRequest authenticationResponse registrationRequestGUTI authenticationResponse deregistrationRequest registrationRequestGUTI identityResponse authenticationResponse securityModeReject registrationRequest authenticationResponse registrationRequestGUTI authenticationResponse deregistrationRequest registrationRequestGUTI identityResponse authenticationResponse securityModeReject registrationRequest authenticationResponse registrationRequestGUTI authenticationResponse deregistrationRequest registrationRequestGUTI identityResponse authenticationResponse securityModeReject registrationRequest authenticationResponse registrationRequestGUTI authenticationResponse deregistrationRequest registrationRequestGUTI identityResponse authenticationResponse securityModeReject registrationRequest authenticationResponse registrationRequestGUTI authenticationResponse deregistrationRequest registrationRequestGUTI identityResponse authenticationResponse securityModeReject registrationRequest authenticationResponse registrationRequestGUTI authenticationResponse deregistrationRequest registrationRequestGUTI identityResponse authenticationResponse securityModeReject registrationRequest authenticationResponse registrationRequestGUTI authenticationResponse deregistrationRequest registrationRequestGUTI identityResponse
Selected UERANSIM profile: open5gs (UERANSIM-gnb-999-70-1)
Starting Core & gNodeB & UE
nr-gnb is not running.
nr-ue is not running.
No Open5GS test-core process is running from: /home/dzdysl/CoreCrisis/test_open5gs/open5gs
Open5GS stopped and session log writes were flushed.
RUNTIME_CONTRACT WARNING: Runtime file hash mismatch: scripts/start_core.sh expected=840ef0af6893870090daf095a53f3435122accb71b4f23b3e1575d92e6284658 actual=031fbab111baca97e1d910d8038ff4b07084fba888eafcce0d3173acc84f2d9c
Could not persist runtime warning: /home/dzdysl/CoreCrisis/test_open5gs/runs/20260804T034905Z-2b7f2823/raw/open5gs/core-session-058
[core][INFO] Launching Open5GS from: /home/dzdysl/CoreCrisis/test_open5gs/open5gs
[core][INFO] Configuration: /home/dzdysl/CoreCrisis/test_open5gs/core.properties
[core][INFO] Core log: /home/dzdysl/CoreCrisis/test_open5gs/runs/20260804T034905Z-2b7f2823/raw/open5gs/core-session-058/core.log
[core][ERROR] Open5GS launcher finished with status 134
Finished starting up Core & gNodeB
Connecting to ue..
Timeout occurred for UE(Done)
Stopping nr-gnb: 14249
nr-gnb stopped.
Stopping nr-ue: 14266
nr-ue stopped.
No Open5GS test-core process is running from: /home/dzdysl/CoreCrisis/test_open5gs/open5gs
Open5GS stopped and session log writes were flushed.
RUNTIME_CONTRACT WARNING: Runtime file hash mismatch: scripts/start_core.sh expected=840ef0af6893870090daf095a53f3435122accb71b4f23b3e1575d92e6284658 actual=031fbab111baca97e1d910d8038ff4b07084fba888eafcce0d3173acc84f2d9c
Could not persist runtime warning: /home/dzdysl/CoreCrisis/test_open5gs/runs/20260804T034905Z-2b7f2823/raw/open5gs/core-session-059
[core][INFO] Launching Open5GS from: /home/dzdysl/CoreCrisis/test_open5gs/open5gs
[core][INFO] Configuration: /home/dzdysl/CoreCrisis/test_open5gs/core.properties
[core][INFO] Core log: /home/dzdysl/CoreCrisis/test_open5gs/runs/20260804T034905Z-2b7f2823/raw/open5gs/core-session-059/core.log
Connecting to ue..
Received = DONE
Connected with UE.
Sent Hello.
Received = Hi
Connected to ue.
Done with initializing the connection with UE, gNodeB, and Core.
Log executor: sending registrationRequest.
Reading from ue
Log executor: received(raw) authenticationRequest from rrc.
####registrationRequest/authenticationRequest####
Sequence 28 step 1: registrationRequest / authenticationRequest
Log executor: sending authenticationResponse.
Reading from ue
Log executor: received(raw) securityModeCommand from rrc.
####authenticationResponse/securityModeCommand####
Sequence 28 step 2: authenticationResponse / securityModeCommand
Log executor: sending securityModeReject.
Reading from ue
Timeout occured for securityModeReject
Sequence 28 step 3: securityModeReject / null_action
Log executor: sending registrationRequest.
Reading from ue
Log executor: received(raw) authenticationRequest from rrc.
####registrationRequest/authenticationRequest####
Sequence 28 step 4: registrationRequest / authenticationRequest
Log executor: sending authenticationResponse.
Reading from ue
Log executor: received(raw) securityModeCommand from rrc.
####authenticationResponse/securityModeCommand####
Sequence 28 step 5: authenticationResponse / securityModeCommand
Log executor: sending registrationRequest.
Reading from ue
Log executor: received(raw) authenticationRequest from rrc.
####registrationRequestGUTI/authenticationRequest####
Sequence 28 step 6: registrationRequestGUTI / authenticationRequest
Log executor: sending authenticationResponse.
Reading from ue
Log executor: received(raw) securityModeCommand from rrc.
####authenticationResponse/securityModeCommand####
Sequence 28 step 7: authenticationResponse / securityModeCommand
Log executor: sending deregistrationRequest.
Reading from ue
Timeout occured for deregistrationRequest
Sequence 28 step 8: deregistrationRequest / null_action
Log executor: sending registrationRequest.
Reading from ue
Log executor: received(raw) identityRequest from rrc.
####registrationRequestGUTI/identityRequest####
Sequence 28 step 9: registrationRequestGUTI / identityRequest
Log executor: sending identityResponse.
Reading from ue
Log executor: received(raw) authenticationRequest from rrc.
####identityResponse/authenticationRequest####
Sequence 28 step 10: identityResponse / authenticationRequest
Log executor: sending authenticationResponse.
Reading from ue
Log executor: received(raw) securityModeCommand from rrc.
####authenticationResponse/securityModeCommand####
Sequence 28 step 11: authenticationResponse / securityModeCommand
Log executor: sending securityModeReject.
Reading from ue
Timeout occured for securityModeReject
Sequence 28 step 12: securityModeReject / null_action
Log executor: sending registrationRequest.
Reading from ue
Log executor: received(raw) authenticationRequest from rrc.
####registrationRequest/authenticationRequest####
Sequence 28 step 13: registrationRequest / authenticationRequest
Log executor: sending authenticationResponse.
Reading from ue
Log executor: received(raw) securityModeCommand from rrc.
####authenticationResponse/securityModeCommand####
Sequence 28 step 14: authenticationResponse / securityModeCommand
Log executor: sending registrationRequest.
Reading from ue
Log executor: received(raw) authenticationRequest from rrc.
####registrationRequestGUTI/authenticationRequest####
Sequence 28 step 15: registrationRequestGUTI / authenticationRequest
Log executor: sending authenticationResponse.
Reading from ue
Log executor: received(raw) securityModeCommand from rrc.
####authenticationResponse/securityModeCommand####
Sequence 28 step 16: authenticationResponse / securityModeCommand
Log executor: sending deregistrationRequest.
Reading from ue
Timeout occured for deregistrationRequest
Sequence 28 step 17: deregistrationRequest / null_action
Log executor: sending registrationRequest.
Reading from ue
Log executor: received(raw) identityRequest from rrc.
####registrationRequestGUTI/identityRequest####
Sequence 28 step 18: registrationRequestGUTI / identityRequest
Log executor: sending identityResponse.
Reading from ue
Log executor: received(raw) authenticationRequest from rrc.
####identityResponse/authenticationRequest####
Sequence 28 step 19: identityResponse / authenticationRequest
Log executor: sending authenticationResponse.
Reading from ue
Log executor: received(raw) securityModeCommand from rrc.
####authenticationResponse/securityModeCommand####
Sequence 28 step 20: authenticationResponse / securityModeCommand
Log executor: sending securityModeReject.
Reading from ue
Timeout occured for securityModeReject
Sequence 28 step 21: securityModeReject / null_action
Log executor: sending registrationRequest.
Reading from ue
Log executor: received(raw) authenticationRequest from rrc.
####registrationRequest/authenticationRequest####
Sequence 28 step 22: registrationRequest / authenticationRequest
Log executor: sending authenticationResponse.
Reading from ue
Log executor: received(raw) securityModeCommand from rrc.
####authenticationResponse/securityModeCommand####
Sequence 28 step 23: authenticationResponse / securityModeCommand
Log executor: sending registrationRequest.
Reading from ue
Log executor: received(raw) authenticationRequest from rrc.
####registrationRequestGUTI/authenticationRequest####
Sequence 28 step 24: registrationRequestGUTI / authenticationRequest
Log executor: sending authenticationResponse.
Reading from ue
Log executor: received(raw) securityModeCommand from rrc.
####authenticationResponse/securityModeCommand####
Sequence 28 step 25: authenticationResponse / securityModeCommand
Log executor: sending deregistrationRequest.
Reading from ue
Timeout occured for deregistrationRequest
Sequence 28 step 26: deregistrationRequest / null_action
Log executor: sending registrationRequest.
Reading from ue
Log executor: received(raw) identityRequest from rrc.
####registrationRequestGUTI/identityRequest####
Sequence 28 step 27: registrationRequestGUTI / identityRequest
Log executor: sending identityResponse.
Reading from ue
Log executor: received(raw) authenticationRequest from rrc.
####identityResponse/authenticationRequest####
Sequence 28 step 28: identityResponse / authenticationRequest
Log executor: sending authenticationResponse.
Reading from ue
Log executor: received(raw) securityModeCommand from rrc.
####authenticationResponse/securityModeCommand####
Sequence 28 step 29: authenticationResponse / securityModeCommand
Log executor: sending securityModeReject.
Reading from ue
Timeout occured for securityModeReject
Sequence 28 step 30: securityModeReject / null_action
Log executor: sending registrationRequest.
Reading from ue
Log executor: received(raw) authenticationRequest from rrc.
####registrationRequest/authenticationRequest####
Sequence 28 step 31: registrationRequest / authenticationRequest
Log executor: sending authenticationResponse.
Reading from ue
Log executor: received(raw) securityModeCommand from rrc.
####authenticationResponse/securityModeCommand####
Sequence 28 step 32: authenticationResponse / securityModeCommand
Log executor: sending registrationRequest.
Reading from ue
Log executor: received(raw) authenticationRequest from rrc.
####registrationRequestGUTI/authenticationRequest####
Sequence 28 step 33: registrationRequestGUTI / authenticationRequest
Log executor: sending authenticationResponse.
Reading from ue
Log executor: received(raw) securityModeCommand from rrc.
####authenticationResponse/securityModeCommand####
Sequence 28 step 34: authenticationResponse / securityModeCommand
Log executor: sending deregistrationRequest.
Reading from ue
Timeout occured for deregistrationRequest
Sequence 28 step 35: deregistrationRequest / null_action
Log executor: sending registrationRequest.
Reading from ue
Log executor: received(raw) identityRequest from rrc.
####registrationRequestGUTI/identityRequest####
Sequence 28 step 36: registrationRequestGUTI / identityRequest
Log executor: sending identityResponse.
Reading from ue
Log executor: received(raw) authenticationRequest from rrc.
####identityResponse/authenticationRequest####
Sequence 28 step 37: identityResponse / authenticationRequest
Log executor: sending authenticationResponse.
Reading from ue
Log executor: received(raw) securityModeCommand from rrc.
####authenticationResponse/securityModeCommand####
Sequence 28 step 38: authenticationResponse / securityModeCommand
Log executor: sending securityModeReject.
Reading from ue
Timeout occured for securityModeReject
Sequence 28 step 39: securityModeReject / null_action
Log executor: sending registrationRequest.
Reading from ue
Log executor: received(raw) authenticationRequest from rrc.
####registrationRequest/authenticationRequest####
Sequence 28 step 40: registrationRequest / authenticationRequest
Log executor: sending authenticationResponse.
Reading from ue
Log executor: received(raw) securityModeCommand from rrc.
####authenticationResponse/securityModeCommand####
Sequence 28 step 41: authenticationResponse / securityModeCommand
Log executor: sending registrationRequest.
Reading from ue
Log executor: received(raw) authenticationRequest from rrc.
####registrationRequestGUTI/authenticationRequest####
Sequence 28 step 42: registrationRequestGUTI / authenticationRequest
Log executor: sending authenticationResponse.
Reading from ue
Log executor: received(raw) securityModeCommand from rrc.
####authenticationResponse/securityModeCommand####
Sequence 28 step 43: authenticationResponse / securityModeCommand
Log executor: sending deregistrationRequest.
Reading from ue
Timeout occured for deregistrationRequest
Sequence 28 step 44: deregistrationRequest / null_action
Log executor: sending registrationRequest.
Reading from ue
Log executor: received(raw) identityRequest from rrc.
####registrationRequestGUTI/identityRequest####
Sequence 28 step 45: registrationRequestGUTI / identityRequest
Log executor: sending identityResponse.
Reading from ue
Log executor: received(raw) authenticationRequest from rrc.
####identityResponse/authenticationRequest####
Sequence 28 step 46: identityResponse / authenticationRequest
Log executor: sending authenticationResponse.
Reading from ue
Log executor: received(raw) securityModeCommand from rrc.
####authenticationResponse/securityModeCommand####
Sequence 28 step 47: authenticationResponse / securityModeCommand
Log executor: sending securityModeReject.
Reading from ue
Timeout occured for securityModeReject
Sequence 28 step 48: securityModeReject / null_action
Log executor: sending registrationRequest.
Reading from ue
Log executor: received(raw) authenticationRequest from rrc.
####registrationRequest/authenticationRequest####
Sequence 28 step 49: registrationRequest / authenticationRequest
Log executor: sending authenticationResponse.
Reading from ue
Log executor: received(raw) securityModeCommand from rrc.
####authenticationResponse/securityModeCommand####
Sequence 28 step 50: authenticationResponse / securityModeCommand
Log executor: sending registrationRequest.
Reading from ue
Log executor: received(raw) authenticationRequest from rrc.
####registrationRequestGUTI/authenticationRequest####
Sequence 28 step 51: registrationRequestGUTI / authenticationRequest
Log executor: sending authenticationResponse.
Reading from ue
Log executor: received(raw) securityModeCommand from rrc.
####authenticationResponse/securityModeCommand####
Sequence 28 step 52: authenticationResponse / securityModeCommand
Log executor: sending deregistrationRequest.
Reading from ue
Timeout occured for deregistrationRequest
Sequence 28 step 53: deregistrationRequest / null_action
Log executor: sending registrationRequest.
Reading from ue
Log executor: received(raw) identityRequest from rrc.
####registrationRequestGUTI/identityRequest####
Sequence 28 step 54: registrationRequestGUTI / identityRequest
Log executor: sending identityResponse.
Reading from ue
Log executor: received(raw) authenticationRequest from rrc.
####identityResponse/authenticationRequest####
Sequence 28 step 55: identityResponse / authenticationRequest
Log executor: sending authenticationResponse.
Reading from ue
Log executor: received(raw) securityModeCommand from rrc.
####authenticationResponse/securityModeCommand####
Sequence 28 step 56: authenticationResponse / securityModeCommand
Log executor: sending securityModeReject.
Reading from ue
Timeout occured for securityModeReject
Sequence 28 step 57: securityModeReject / null_action
Log executor: sending registrationRequest.
Reading from ue
Log executor: received(raw) authenticationRequest from rrc.
####registrationRequest/authenticationRequest####
Sequence 28 step 58: registrationRequest / authenticationRequest
Log executor: sending authenticationResponse.
Reading from ue
Log executor: received(raw) securityModeCommand from rrc.
####authenticationResponse/securityModeCommand####
Sequence 28 step 59: authenticationResponse / securityModeCommand
Log executor: sending registrationRequest.
Reading from ue
Log executor: received(raw) authenticationRequest from rrc.
####registrationRequestGUTI/authenticationRequest####
Sequence 28 step 60: registrationRequestGUTI / authenticationRequest
Log executor: sending authenticationResponse.
Reading from ue
Log executor: received(raw) securityModeCommand from rrc.
####authenticationResponse/securityModeCommand####
Sequence 28 step 61: authenticationResponse / securityModeCommand
Log executor: sending deregistrationRequest.
Reading from ue
Timeout occured for deregistrationRequest
Sequence 28 step 62: deregistrationRequest / null_action
Log executor: sending registrationRequest.
Reading from ue
Log executor: received(raw) identityRequest from rrc.
####registrationRequestGUTI/identityRequest####
Sequence 28 step 63: registrationRequestGUTI / identityRequest
Log executor: sending identityResponse.
Reading from ue
Log executor: received(raw) authenticationRequest from rrc.
####identityResponse/authenticationRequest####
Sequence 28 step 64: identityResponse / authenticationRequest
Log executor: sending authenticationResponse.
Reading from ue
Log executor: received(raw) securityModeCommand from rrc.
####authenticationResponse/securityModeCommand####
Sequence 28 step 65: authenticationResponse / securityModeCommand
Log executor: sending securityModeReject.
Reading from ue
Timeout occured for securityModeReject
Sequence 28 step 66: securityModeReject / null_action
Log executor: sending registrationRequest.
Reading from ue
Log executor: received(raw) authenticationRequest from rrc.
####registrationRequest/authenticationRequest####
Sequence 28 step 67: registrationRequest / authenticationRequest
Log executor: sending authenticationResponse.
Reading from ue
Log executor: received(raw) securityModeCommand from rrc.
####authenticationResponse/securityModeCommand####
Sequence 28 step 68: authenticationResponse / securityModeCommand
Log executor: sending registrationRequest.
Reading from ue
Log executor: received(raw) authenticationRequest from rrc.
####registrationRequestGUTI/authenticationRequest####
Sequence 28 step 69: registrationRequestGUTI / authenticationRequest
Log executor: sending authenticationResponse.
Reading from ue
Log executor: received(raw) securityModeCommand from rrc.
####authenticationResponse/securityModeCommand####
Sequence 28 step 70: authenticationResponse / securityModeCommand
Log executor: sending deregistrationRequest.
Reading from ue
Timeout occured for deregistrationRequest
Sequence 28 step 71: deregistrationRequest / null_action
Log executor: sending registrationRequest.
Reading from ue
Log executor: received(raw) identityRequest from rrc.
####registrationRequestGUTI/identityRequest####
Sequence 28 step 72: registrationRequestGUTI / identityRequest
Log executor: sending identityResponse.
Reading from ue
Log executor: received(raw) authenticationRequest from rrc.
####identityResponse/authenticationRequest####
Sequence 28 step 73: identityResponse / authenticationRequest
Log executor: sending authenticationResponse.
Reading from ue
Log executor: received(raw) securityModeCommand from rrc.
####authenticationResponse/securityModeCommand####
Sequence 28 step 74: authenticationResponse / securityModeCommand
Log executor: sending securityModeReject.
Reading from ue
Timeout occured for securityModeReject
Sequence 28 step 75: securityModeReject / null_action
Log executor: sending registrationRequest.
Reading from ue
Log executor: received(raw) authenticationRequest from rrc.
####registrationRequest/authenticationRequest####
Sequence 28 step 76: registrationRequest / authenticationRequest
Log executor: sending authenticationResponse.
Reading from ue
Log executor: received(raw) securityModeCommand from rrc.
####authenticationResponse/securityModeCommand####
Sequence 28 step 77: authenticationResponse / securityModeCommand
Log executor: sending registrationRequest.
Reading from ue
Log executor: received(raw) authenticationRequest from rrc.
####registrationRequestGUTI/authenticationRequest####
Sequence 28 step 78: registrationRequestGUTI / authenticationRequest
Log executor: sending authenticationResponse.
Reading from ue
Log executor: received(raw) securityModeCommand from rrc.
####authenticationResponse/securityModeCommand####
Sequence 28 step 79: authenticationResponse / securityModeCommand
Log executor: sending deregistrationRequest.
Reading from ue
Timeout occured for deregistrationRequest
Sequence 28 step 80: deregistrationRequest / null_action
Log executor: sending registrationRequest.
Reading from ue
Log executor: received(raw) identityRequest from rrc.
####registrationRequestGUTI/identityRequest####
Sequence 28 step 81: registrationRequestGUTI / identityRequest
Log executor: sending identityResponse.
Reading from ue
Log executor: received(raw) authenticationRequest from rrc.
####identityResponse/authenticationRequest####
Sequence 28 step 82: identityResponse / authenticationRequest
Log executor: sending authenticationResponse.
Reading from ue
Log executor: received(raw) securityModeCommand from rrc.
####authenticationResponse/securityModeCommand####
Sequence 28 step 83: authenticationResponse / securityModeCommand
Log executor: sending securityModeReject.
Reading from ue
Timeout occured for securityModeReject
Sequence 28 step 84: securityModeReject / null_action
Log executor: sending registrationRequest.
Reading from ue
Log executor: received(raw) authenticationRequest from rrc.
####registrationRequest/authenticationRequest####
Sequence 28 step 85: registrationRequest / authenticationRequest
Log executor: sending authenticationResponse.
Reading from ue
Log executor: received(raw) securityModeCommand from rrc.
####authenticationResponse/securityModeCommand####
Sequence 28 step 86: authenticationResponse / securityModeCommand
Log executor: sending registrationRequest.
Reading from ue
Log executor: received(raw) authenticationRequest from rrc.
####registrationRequestGUTI/authenticationRequest####
Sequence 28 step 87: registrationRequestGUTI / authenticationRequest
Log executor: sending authenticationResponse.
Reading from ue
Log executor: received(raw) securityModeCommand from rrc.
####authenticationResponse/securityModeCommand####
Sequence 28 step 88: authenticationResponse / securityModeCommand
Log executor: sending deregistrationRequest.
Reading from ue
Timeout occured for deregistrationRequest
Sequence 28 step 89: deregistrationRequest / null_action
Log executor: sending registrationRequest.
Reading from ue
Log executor: received(raw) identityRequest from rrc.
####registrationRequestGUTI/identityRequest####
Sequence 28 step 90: registrationRequestGUTI / identityRequest
Log executor: sending identityResponse.
Reading from ue
Log executor: received(raw) authenticationRequest from rrc.
####identityResponse/authenticationRequest####
Sequence 28 step 91: identityResponse / authenticationRequest
=== Sequence 28 done ===
Stopping nr-ue: 14449
nr-ue stopped.
Stopping nr-gnb: 14431
nr-gnb stopped.
Stopping Open5GS test-core: 14349
[core][ERROR] Open5GS launcher finished with status 134
Open5GS stopped and session log writes were flushed.
=== Sequence 29 start ===
Nodes: 
Inputs: registrationRequest authenticationResponse securityModeReject registrationRequest authenticationResponse deregistrationRequest registrationRequest authenticationResponse securityModeReject registrationRequest authenticationResponse securityModeReject registrationRequest authenticationResponse deregistrationRequest registrationRequest authenticationResponse securityModeReject registrationRequest authenticationResponse securityModeReject registrationRequest authenticationResponse deregistrationRequest registrationRequest authenticationResponse securityModeReject registrationRequest authenticationResponse securityModeReject registrationRequest authenticationResponse deregistrationRequest registrationRequest authenticationResponse securityModeReject registrationRequest authenticationResponse securityModeReject registrationRequest authenticationResponse deregistrationRequest registrationRequest authenticationResponse securityModeReject registrationRequest authenticationResponse securityModeReject registrationRequest authenticationResponse deregistrationRequest registrationRequest authenticationResponse securityModeReject registrationRequest authenticationResponse securityModeReject registrationRequest authenticationResponse deregistrationRequest registrationRequest authenticationResponse securityModeReject registrationRequest authenticationResponse securityModeReject registrationRequest authenticationResponse deregistrationRequest registrationRequest authenticationResponse securityModeReject registrationRequest authenticationResponse securityModeReject registrationRequest authenticationResponse deregistrationRequest registrationRequest authenticationResponse securityModeReject registrationRequest authenticationResponse securityModeReject registrationRequest authenticationResponse deregistrationRequest registrationRequest authenticationResponse securityModeReject registrationRequest
Wire inputs: registrationRequest authenticationResponse securityModeReject registrationRequest authenticationResponse deregistrationRequest registrationRequest authenticationResponse securityModeReject registrationRequest authenticationResponse securityModeReject registrationRequest authenticationResponse deregistrationRequest registrationRequest authenticationResponse securityModeReject registrationRequest authenticationResponse securityModeReject registrationRequest authenticationResponse deregistrationRequest registrationRequest authenticationResponse securityModeReject registrationRequest authenticationResponse securityModeReject registrationRequest authenticationResponse deregistrationRequest registrationRequest authenticationResponse securityModeReject registrationRequest authenticationResponse securityModeReject registrationRequest authenticationResponse deregistrationRequest registrationRequest authenticationResponse securityModeReject registrationRequest authenticationResponse securityModeReject registrationRequest authenticationResponse deregistrationRequest registrationRequest authenticationResponse securityModeReject registrationRequest authenticationResponse securityModeReject registrationRequest authenticationResponse deregistrationRequest registrationRequest authenticationResponse securityModeReject registrationRequest authenticationResponse securityModeReject registrationRequest authenticationResponse deregistrationRequest registrationRequest authenticationResponse securityModeReject registrationRequest authenticationResponse securityModeReject registrationRequest authenticationResponse deregistrationRequest registrationRequest authenticationResponse securityModeReject registrationRequest authenticationResponse securityModeReject registrationRequest authenticationResponse deregistrationRequest registrationRequest authenticationResponse securityModeReject registrationRequest
Selected UERANSIM profile: open5gs (UERANSIM-gnb-999-70-1)
Starting Core & gNodeB & UE
nr-gnb is not running.
nr-ue is not running.
No Open5GS test-core process is running from: /home/dzdysl/CoreCrisis/test_open5gs/open5gs
Open5GS stopped and session log writes were flushed.
RUNTIME_CONTRACT WARNING: Runtime file hash mismatch: scripts/start_core.sh expected=840ef0af6893870090daf095a53f3435122accb71b4f23b3e1575d92e6284658 actual=031fbab111baca97e1d910d8038ff4b07084fba888eafcce0d3173acc84f2d9c
Could not persist runtime warning: /home/dzdysl/CoreCrisis/test_open5gs/runs/20260804T034905Z-2b7f2823/raw/open5gs/core-session-060
[core][INFO] Launching Open5GS from: /home/dzdysl/CoreCrisis/test_open5gs/open5gs
[core][INFO] Configuration: /home/dzdysl/CoreCrisis/test_open5gs/core.properties
[core][INFO] Core log: /home/dzdysl/CoreCrisis/test_open5gs/runs/20260804T034905Z-2b7f2823/raw/open5gs/core-session-060/core.log
[core][ERROR] Open5GS launcher finished with status 134
Finished starting up Core & gNodeB
Connecting to ue..
Timeout occurred for UE(Done)
Stopping nr-gnb: 14718
nr-gnb stopped.
Stopping nr-ue: 14735
nr-ue stopped.
No Open5GS test-core process is running from: /home/dzdysl/CoreCrisis/test_open5gs/open5gs
Open5GS stopped and session log writes were flushed.
RUNTIME_CONTRACT WARNING: Runtime file hash mismatch: scripts/start_core.sh expected=840ef0af6893870090daf095a53f3435122accb71b4f23b3e1575d92e6284658 actual=031fbab111baca97e1d910d8038ff4b07084fba888eafcce0d3173acc84f2d9c
Could not persist runtime warning: /home/dzdysl/CoreCrisis/test_open5gs/runs/20260804T034905Z-2b7f2823/raw/open5gs/core-session-061
[core][INFO] Launching Open5GS from: /home/dzdysl/CoreCrisis/test_open5gs/open5gs
[core][INFO] Configuration: /home/dzdysl/CoreCrisis/test_open5gs/core.properties
[core][INFO] Core log: /home/dzdysl/CoreCrisis/test_open5gs/runs/20260804T034905Z-2b7f2823/raw/open5gs/core-session-061/core.log
Connecting to ue..
Received = DONE
Connected with UE.
Sent Hello.
Received = Hi
Connected to ue.
Done with initializing the connection with UE, gNodeB, and Core.
Log executor: sending registrationRequest.
Reading from ue
Log executor: received(raw) authenticationRequest from rrc.
####registrationRequest/authenticationRequest####
Sequence 29 step 1: registrationRequest / authenticationRequest
Log executor: sending authenticationResponse.
Reading from ue
Log executor: received(raw) securityModeCommand from rrc.
####authenticationResponse/securityModeCommand####
Sequence 29 step 2: authenticationResponse / securityModeCommand
Log executor: sending securityModeReject.
Reading from ue
Timeout occured for securityModeReject
Sequence 29 step 3: securityModeReject / null_action
Log executor: sending registrationRequest.
Reading from ue
Log executor: received(raw) authenticationRequest from rrc.
####registrationRequest/authenticationRequest####
Sequence 29 step 4: registrationRequest / authenticationRequest
Log executor: sending authenticationResponse.
Reading from ue
Log executor: received(raw) securityModeCommand from rrc.
####authenticationResponse/securityModeCommand####
Sequence 29 step 5: authenticationResponse / securityModeCommand
Log executor: sending deregistrationRequest.
Reading from ue
Timeout occured for deregistrationRequest
Sequence 29 step 6: deregistrationRequest / null_action
Log executor: sending registrationRequest.
Reading from ue
Log executor: received(raw) authenticationRequest from rrc.
####registrationRequest/authenticationRequest####
Sequence 29 step 7: registrationRequest / authenticationRequest
Log executor: sending authenticationResponse.
Reading from ue
Log executor: received(raw) securityModeCommand from rrc.
####authenticationResponse/securityModeCommand####
Sequence 29 step 8: authenticationResponse / securityModeCommand
Log executor: sending securityModeReject.
Reading from ue
Timeout occured for securityModeReject
Sequence 29 step 9: securityModeReject / null_action
Log executor: sending registrationRequest.
Reading from ue
Log executor: received(raw) authenticationRequest from rrc.
####registrationRequest/authenticationRequest####
Sequence 29 step 10: registrationRequest / authenticationRequest
Log executor: sending authenticationResponse.
Reading from ue
Log executor: received(raw) securityModeCommand from rrc.
####authenticationResponse/securityModeCommand####
Sequence 29 step 11: authenticationResponse / securityModeCommand
Log executor: sending securityModeReject.
Reading from ue
Timeout occured for securityModeReject
Sequence 29 step 12: securityModeReject / null_action
Log executor: sending registrationRequest.
Reading from ue
Log executor: received(raw) authenticationRequest from rrc.
####registrationRequest/authenticationRequest####
Sequence 29 step 13: registrationRequest / authenticationRequest
Log executor: sending authenticationResponse.
Reading from ue
Log executor: received(raw) securityModeCommand from rrc.
####authenticationResponse/securityModeCommand####
Sequence 29 step 14: authenticationResponse / securityModeCommand
Log executor: sending deregistrationRequest.
Reading from ue
Timeout occured for deregistrationRequest
Sequence 29 step 15: deregistrationRequest / null_action
Log executor: sending registrationRequest.
Reading from ue
Log executor: received(raw) authenticationRequest from rrc.
####registrationRequest/authenticationRequest####
Sequence 29 step 16: registrationRequest / authenticationRequest
Log executor: sending authenticationResponse.
Reading from ue
Log executor: received(raw) securityModeCommand from rrc.
####authenticationResponse/securityModeCommand####
Sequence 29 step 17: authenticationResponse / securityModeCommand
Log executor: sending securityModeReject.
Reading from ue
Timeout occured for securityModeReject
Sequence 29 step 18: securityModeReject / null_action
Log executor: sending registrationRequest.
Reading from ue
Log executor: received(raw) authenticationRequest from rrc.
####registrationRequest/authenticationRequest####
Sequence 29 step 19: registrationRequest / authenticationRequest
Log executor: sending authenticationResponse.
Reading from ue
Log executor: received(raw) securityModeCommand from rrc.
####authenticationResponse/securityModeCommand####
Sequence 29 step 20: authenticationResponse / securityModeCommand
Log executor: sending securityModeReject.
Reading from ue
Timeout occured for securityModeReject
Sequence 29 step 21: securityModeReject / null_action
Log executor: sending registrationRequest.
Reading from ue
Log executor: received(raw) authenticationRequest from rrc.
####registrationRequest/authenticationRequest####
Sequence 29 step 22: registrationRequest / authenticationRequest
Log executor: sending authenticationResponse.
Reading from ue
Log executor: received(raw) securityModeCommand from rrc.
####authenticationResponse/securityModeCommand####
Sequence 29 step 23: authenticationResponse / securityModeCommand
Log executor: sending deregistrationRequest.
Reading from ue
Timeout occured for deregistrationRequest
Sequence 29 step 24: deregistrationRequest / null_action
Log executor: sending registrationRequest.
Reading from ue
Log executor: received(raw) authenticationRequest from rrc.
####registrationRequest/authenticationRequest####
Sequence 29 step 25: registrationRequest / authenticationRequest
Log executor: sending authenticationResponse.
Reading from ue
Log executor: received(raw) securityModeCommand from rrc.
####authenticationResponse/securityModeCommand####
Sequence 29 step 26: authenticationResponse / securityModeCommand
Log executor: sending securityModeReject.
Reading from ue
Timeout occured for securityModeReject
Sequence 29 step 27: securityModeReject / null_action
Log executor: sending registrationRequest.
Reading from ue
Log executor: received(raw) authenticationRequest from rrc.
####registrationRequest/authenticationRequest####
Sequence 29 step 28: registrationRequest / authenticationRequest
Log executor: sending authenticationResponse.
Reading from ue
Log executor: received(raw) securityModeCommand from rrc.
####authenticationResponse/securityModeCommand####
Sequence 29 step 29: authenticationResponse / securityModeCommand
Log executor: sending securityModeReject.
Reading from ue
Timeout occured for securityModeReject
Sequence 29 step 30: securityModeReject / null_action
Log executor: sending registrationRequest.
Reading from ue
Log executor: received(raw) authenticationRequest from rrc.
####registrationRequest/authenticationRequest####
Sequence 29 step 31: registrationRequest / authenticationRequest
Log executor: sending authenticationResponse.
Reading from ue
Log executor: received(raw) securityModeCommand from rrc.
####authenticationResponse/securityModeCommand####
Sequence 29 step 32: authenticationResponse / securityModeCommand
Log executor: sending deregistrationRequest.
Reading from ue
Timeout occured for deregistrationRequest
Sequence 29 step 33: deregistrationRequest / null_action
Log executor: sending registrationRequest.
Reading from ue
Log executor: received(raw) authenticationRequest from rrc.
####registrationRequest/authenticationRequest####
Sequence 29 step 34: registrationRequest / authenticationRequest
Log executor: sending authenticationResponse.
Reading from ue
Log executor: received(raw) securityModeCommand from rrc.
####authenticationResponse/securityModeCommand####
Sequence 29 step 35: authenticationResponse / securityModeCommand
Log executor: sending securityModeReject.
Reading from ue
Timeout occured for securityModeReject
Sequence 29 step 36: securityModeReject / null_action
Log executor: sending registrationRequest.
Reading from ue
Log executor: received(raw) authenticationRequest from rrc.
####registrationRequest/authenticationRequest####
Sequence 29 step 37: registrationRequest / authenticationRequest
Log executor: sending authenticationResponse.
Reading from ue
Log executor: received(raw) securityModeCommand from rrc.
####authenticationResponse/securityModeCommand####
Sequence 29 step 38: authenticationResponse / securityModeCommand
Log executor: sending securityModeReject.
Reading from ue
Timeout occured for securityModeReject
Sequence 29 step 39: securityModeReject / null_action
Log executor: sending registrationRequest.
Reading from ue
Log executor: received(raw) authenticationRequest from rrc.
####registrationRequest/authenticationRequest####
Sequence 29 step 40: registrationRequest / authenticationRequest
Log executor: sending authenticationResponse.
Reading from ue
Log executor: received(raw) securityModeCommand from rrc.
####authenticationResponse/securityModeCommand####
Sequence 29 step 41: authenticationResponse / securityModeCommand
Log executor: sending deregistrationRequest.
Reading from ue
Timeout occured for deregistrationRequest
Sequence 29 step 42: deregistrationRequest / null_action
Log executor: sending registrationRequest.
Reading from ue
Log executor: received(raw) authenticationRequest from rrc.
####registrationRequest/authenticationRequest####
Sequence 29 step 43: registrationRequest / authenticationRequest
Log executor: sending authenticationResponse.
Reading from ue
Log executor: received(raw) securityModeCommand from rrc.
####authenticationResponse/securityModeCommand####
Sequence 29 step 44: authenticationResponse / securityModeCommand
Log executor: sending securityModeReject.
Reading from ue
Timeout occured for securityModeReject
Sequence 29 step 45: securityModeReject / null_action
Log executor: sending registrationRequest.
Reading from ue
Log executor: received(raw) authenticationRequest from rrc.
####registrationRequest/authenticationRequest####
Sequence 29 step 46: registrationRequest / authenticationRequest
Log executor: sending authenticationResponse.
Reading from ue
Log executor: received(raw) securityModeCommand from rrc.
####authenticationResponse/securityModeCommand####
Sequence 29 step 47: authenticationResponse / securityModeCommand
Log executor: sending securityModeReject.
Reading from ue
Timeout occured for securityModeReject
Sequence 29 step 48: securityModeReject / null_action
Log executor: sending registrationRequest.
Reading from ue
Log executor: received(raw) authenticationRequest from rrc.
####registrationRequest/authenticationRequest####
Sequence 29 step 49: registrationRequest / authenticationRequest
Log executor: sending authenticationResponse.
Reading from ue
Log executor: received(raw) securityModeCommand from rrc.
####authenticationResponse/securityModeCommand####
Sequence 29 step 50: authenticationResponse / securityModeCommand
Log executor: sending deregistrationRequest.
Reading from ue
Timeout occured for deregistrationRequest
Sequence 29 step 51: deregistrationRequest / null_action
Log executor: sending registrationRequest.
Reading from ue
Log executor: received(raw) authenticationRequest from rrc.
####registrationRequest/authenticationRequest####
Sequence 29 step 52: registrationRequest / authenticationRequest
Log executor: sending authenticationResponse.
Reading from ue
Log executor: received(raw) securityModeCommand from rrc.
####authenticationResponse/securityModeCommand####
Sequence 29 step 53: authenticationResponse / securityModeCommand
Log executor: sending securityModeReject.
Reading from ue
Timeout occured for securityModeReject
Sequence 29 step 54: securityModeReject / null_action
Log executor: sending registrationRequest.
Reading from ue
Log executor: received(raw) authenticationRequest from rrc.
####registrationRequest/authenticationRequest####
Sequence 29 step 55: registrationRequest / authenticationRequest
Log executor: sending authenticationResponse.
Reading from ue
Log executor: received(raw) securityModeCommand from rrc.
####authenticationResponse/securityModeCommand####
Sequence 29 step 56: authenticationResponse / securityModeCommand
Log executor: sending securityModeReject.
Reading from ue
Timeout occured for securityModeReject
Sequence 29 step 57: securityModeReject / null_action
Log executor: sending registrationRequest.
Reading from ue
Log executor: received(raw) authenticationRequest from rrc.
####registrationRequest/authenticationRequest####
Sequence 29 step 58: registrationRequest / authenticationRequest
Log executor: sending authenticationResponse.
Reading from ue
Log executor: received(raw) securityModeCommand from rrc.
####authenticationResponse/securityModeCommand####
Sequence 29 step 59: authenticationResponse / securityModeCommand
Log executor: sending deregistrationRequest.
Reading from ue
Timeout occured for deregistrationRequest
Sequence 29 step 60: deregistrationRequest / null_action
Log executor: sending registrationRequest.
Reading from ue
Log executor: received(raw) authenticationRequest from rrc.
####registrationRequest/authenticationRequest####
Sequence 29 step 61: registrationRequest / authenticationRequest
Log executor: sending authenticationResponse.
Reading from ue
Log executor: received(raw) securityModeCommand from rrc.
####authenticationResponse/securityModeCommand####
Sequence 29 step 62: authenticationResponse / securityModeCommand
Log executor: sending securityModeReject.
Reading from ue
Timeout occured for securityModeReject
Sequence 29 step 63: securityModeReject / null_action
Log executor: sending registrationRequest.
Reading from ue
Log executor: received(raw) authenticationRequest from rrc.
####registrationRequest/authenticationRequest####
Sequence 29 step 64: registrationRequest / authenticationRequest
Log executor: sending authenticationResponse.
Reading from ue
Log executor: received(raw) securityModeCommand from rrc.
####authenticationResponse/securityModeCommand####
Sequence 29 step 65: authenticationResponse / securityModeCommand
Log executor: sending securityModeReject.
Reading from ue
Timeout occured for securityModeReject
Sequence 29 step 66: securityModeReject / null_action
Log executor: sending registrationRequest.
Reading from ue
Log executor: received(raw) authenticationRequest from rrc.
####registrationRequest/authenticationRequest####
Sequence 29 step 67: registrationRequest / authenticationRequest
Log executor: sending authenticationResponse.
Reading from ue
Log executor: received(raw) securityModeCommand from rrc.
####authenticationResponse/securityModeCommand####
Sequence 29 step 68: authenticationResponse / securityModeCommand
Log executor: sending deregistrationRequest.
Reading from ue
Timeout occured for deregistrationRequest
Sequence 29 step 69: deregistrationRequest / null_action
Log executor: sending registrationRequest.
Reading from ue
Log executor: received(raw) authenticationRequest from rrc.
####registrationRequest/authenticationRequest####
Sequence 29 step 70: registrationRequest / authenticationRequest
Log executor: sending authenticationResponse.
Reading from ue
Log executor: received(raw) securityModeCommand from rrc.
####authenticationResponse/securityModeCommand####
Sequence 29 step 71: authenticationResponse / securityModeCommand
Log executor: sending securityModeReject.
Reading from ue
Timeout occured for securityModeReject
Sequence 29 step 72: securityModeReject / null_action
Log executor: sending registrationRequest.
Reading from ue
Log executor: received(raw) authenticationRequest from rrc.
####registrationRequest/authenticationRequest####
Sequence 29 step 73: registrationRequest / authenticationRequest
Log executor: sending authenticationResponse.
Reading from ue
Log executor: received(raw) securityModeCommand from rrc.
####authenticationResponse/securityModeCommand####
Sequence 29 step 74: authenticationResponse / securityModeCommand
Log executor: sending securityModeReject.
Reading from ue
Timeout occured for securityModeReject
Sequence 29 step 75: securityModeReject / null_action
Log executor: sending registrationRequest.
Reading from ue
Log executor: received(raw) authenticationRequest from rrc.
####registrationRequest/authenticationRequest####
Sequence 29 step 76: registrationRequest / authenticationRequest
Log executor: sending authenticationResponse.
Reading from ue
Log executor: received(raw) securityModeCommand from rrc.
####authenticationResponse/securityModeCommand####
Sequence 29 step 77: authenticationResponse / securityModeCommand
Log executor: sending deregistrationRequest.
Reading from ue
Timeout occured for deregistrationRequest
Sequence 29 step 78: deregistrationRequest / null_action
Log executor: sending registrationRequest.
Reading from ue
Log executor: received(raw) authenticationRequest from rrc.
####registrationRequest/authenticationRequest####
Sequence 29 step 79: registrationRequest / authenticationRequest
Log executor: sending authenticationResponse.
Reading from ue
Log executor: received(raw) securityModeCommand from rrc.
####authenticationResponse/securityModeCommand####
Sequence 29 step 80: authenticationResponse / securityModeCommand
Log executor: sending securityModeReject.
Reading from ue
Timeout occured for securityModeReject
Sequence 29 step 81: securityModeReject / null_action
Log executor: sending registrationRequest.
Reading from ue
Log executor: received(raw) authenticationRequest from rrc.
####registrationRequest/authenticationRequest####
Sequence 29 step 82: registrationRequest / authenticationRequest
Log executor: sending authenticationResponse.
Reading from ue
Log executor: received(raw) securityModeCommand from rrc.
####authenticationResponse/securityModeCommand####
Sequence 29 step 83: authenticationResponse / securityModeCommand
Log executor: sending securityModeReject.
Reading from ue
Timeout occured for securityModeReject
Sequence 29 step 84: securityModeReject / null_action
Log executor: sending registrationRequest.
Reading from ue
Log executor: received(raw) authenticationRequest from rrc.
####registrationRequest/authenticationRequest####
Sequence 29 step 85: registrationRequest / authenticationRequest
Log executor: sending authenticationResponse.
Reading from ue
Log executor: received(raw) securityModeCommand from rrc.
####authenticationResponse/securityModeCommand####
Sequence 29 step 86: authenticationResponse / securityModeCommand
Log executor: sending deregistrationRequest.
Reading from ue
Timeout occured for deregistrationRequest
Sequence 29 step 87: deregistrationRequest / null_action
Log executor: sending registrationRequest.
Reading from ue
Log executor: received(raw) authenticationRequest from rrc.
####registrationRequest/authenticationRequest####
Sequence 29 step 88: registrationRequest / authenticationRequest
Log executor: sending authenticationResponse.
Reading from ue
Log executor: received(raw) securityModeCommand from rrc.
####authenticationResponse/securityModeCommand####
Sequence 29 step 89: authenticationResponse / securityModeCommand
Log executor: sending securityModeReject.
Reading from ue
Timeout occured for securityModeReject
Sequence 29 step 90: securityModeReject / null_action
Log executor: sending registrationRequest.
Reading from ue
Log executor: received(raw) authenticationRequest from rrc.
####registrationRequest/authenticationRequest####
Sequence 29 step 91: registrationRequest / authenticationRequest
=== Sequence 29 done ===
Stopping nr-ue: 14917
nr-ue stopped.
Stopping nr-gnb: 14899
nr-gnb stopped.
Stopping Open5GS test-core: 14818
[core][ERROR] Open5GS launcher finished with status 134
Open5GS stopped and session log writes were flushed.
=== Sequence 30 start ===
Nodes: 
Inputs: registrationRequest authenticationResponse securityModeReject registrationRequest authenticationResponse registrationRequest deregistrationRequest registrationRequestGUTI deregistrationRequest registrationRequest deregistrationRequest registrationRequestGUTI deregistrationRequest registrationRequest deregistrationRequest registrationRequestGUTI deregistrationRequest registrationRequest deregistrationRequest registrationRequestGUTI deregistrationRequest registrationRequest deregistrationRequest registrationRequestGUTI deregistrationRequest registrationRequest deregistrationRequest registrationRequestGUTI deregistrationRequest registrationRequest deregistrationRequest registrationRequestGUTI deregistrationRequest registrationRequest deregistrationRequest registrationRequestGUTI deregistrationRequest registrationRequest deregistrationRequest registrationRequestGUTI deregistrationRequest registrationRequest deregistrationRequest registrationRequestGUTI deregistrationRequest registrationRequest
Wire inputs: registrationRequest authenticationResponse securityModeReject registrationRequest authenticationResponse registrationRequest deregistrationRequest registrationRequestGUTI deregistrationRequest registrationRequest deregistrationRequest registrationRequestGUTI deregistrationRequest registrationRequest deregistrationRequest registrationRequestGUTI deregistrationRequest registrationRequest deregistrationRequest registrationRequestGUTI deregistrationRequest registrationRequest deregistrationRequest registrationRequestGUTI deregistrationRequest registrationRequest deregistrationRequest registrationRequestGUTI deregistrationRequest registrationRequest deregistrationRequest registrationRequestGUTI deregistrationRequest registrationRequest deregistrationRequest registrationRequestGUTI deregistrationRequest registrationRequest deregistrationRequest registrationRequestGUTI deregistrationRequest registrationRequest deregistrationRequest registrationRequestGUTI deregistrationRequest registrationRequest
Selected UERANSIM profile: open5gs (UERANSIM-gnb-999-70-1)
Starting Core & gNodeB & UE
nr-gnb is not running.
nr-ue is not running.
No Open5GS test-core process is running from: /home/dzdysl/CoreCrisis/test_open5gs/open5gs
Open5GS stopped and session log writes were flushed.
RUNTIME_CONTRACT WARNING: Runtime file hash mismatch: scripts/start_core.sh expected=840ef0af6893870090daf095a53f3435122accb71b4f23b3e1575d92e6284658 actual=031fbab111baca97e1d910d8038ff4b07084fba888eafcce0d3173acc84f2d9c
Could not persist runtime warning: /home/dzdysl/CoreCrisis/test_open5gs/runs/20260804T034905Z-2b7f2823/raw/open5gs/core-session-062
[core][INFO] Launching Open5GS from: /home/dzdysl/CoreCrisis/test_open5gs/open5gs
[core][INFO] Configuration: /home/dzdysl/CoreCrisis/test_open5gs/core.properties
[core][INFO] Core log: /home/dzdysl/CoreCrisis/test_open5gs/runs/20260804T034905Z-2b7f2823/raw/open5gs/core-session-062/core.log
[core][ERROR] Open5GS launcher finished with status 134
Finished starting up Core & gNodeB
Connecting to ue..
Timeout occurred for UE(Done)
Stopping nr-gnb: 15185
nr-gnb stopped.
Stopping nr-ue: 15202
nr-ue stopped.
No Open5GS test-core process is running from: /home/dzdysl/CoreCrisis/test_open5gs/open5gs
Open5GS stopped and session log writes were flushed.
RUNTIME_CONTRACT WARNING: Runtime file hash mismatch: scripts/start_core.sh expected=840ef0af6893870090daf095a53f3435122accb71b4f23b3e1575d92e6284658 actual=031fbab111baca97e1d910d8038ff4b07084fba888eafcce0d3173acc84f2d9c
Could not persist runtime warning: /home/dzdysl/CoreCrisis/test_open5gs/runs/20260804T034905Z-2b7f2823/raw/open5gs/core-session-063
[core][INFO] Launching Open5GS from: /home/dzdysl/CoreCrisis/test_open5gs/open5gs
[core][INFO] Configuration: /home/dzdysl/CoreCrisis/test_open5gs/core.properties
[core][INFO] Core log: /home/dzdysl/CoreCrisis/test_open5gs/runs/20260804T034905Z-2b7f2823/raw/open5gs/core-session-063/core.log
Connecting to ue..
Received = DONE
Connected with UE.
Sent Hello.
Received = Hi
Connected to ue.
Done with initializing the connection with UE, gNodeB, and Core.
Log executor: sending registrationRequest.
Reading from ue
Log executor: received(raw) authenticationRequest from rrc.
####registrationRequest/authenticationRequest####
Sequence 30 step 1: registrationRequest / authenticationRequest
Log executor: sending authenticationResponse.
Reading from ue
Log executor: received(raw) securityModeCommand from rrc.
####authenticationResponse/securityModeCommand####
Sequence 30 step 2: authenticationResponse / securityModeCommand
Log executor: sending securityModeReject.
Reading from ue
Timeout occured for securityModeReject
Sequence 30 step 3: securityModeReject / null_action
Log executor: sending registrationRequest.
Reading from ue
Log executor: received(raw) authenticationRequest from rrc.
####registrationRequest/authenticationRequest####
Sequence 30 step 4: registrationRequest / authenticationRequest
Log executor: sending authenticationResponse.
Reading from ue
Log executor: received(raw) securityModeCommand from rrc.
####authenticationResponse/securityModeCommand####
Sequence 30 step 5: authenticationResponse / securityModeCommand
Log executor: sending registrationRequest.
Reading from ue
Log executor: received(raw) authenticationRequest from rrc.
####registrationRequest/authenticationRequest####
Sequence 30 step 6: registrationRequest / authenticationRequest
Log executor: sending deregistrationRequest.
Reading from ue
Timeout occured for deregistrationRequest
Sequence 30 step 7: deregistrationRequest / null_action
Log executor: sending registrationRequest.
Reading from ue
Log executor: received(raw) identityRequest from rrc.
####registrationRequestGUTI/identityRequest####
Sequence 30 step 8: registrationRequestGUTI / identityRequest
Log executor: sending deregistrationRequest.
Reading from ue
Timeout occured for deregistrationRequest
Sequence 30 step 9: deregistrationRequest / null_action
Log executor: sending registrationRequest.
Reading from ue
Log executor: received(raw) authenticationRequest from rrc.
####registrationRequest/authenticationRequest####
Sequence 30 step 10: registrationRequest / authenticationRequest
Log executor: sending deregistrationRequest.
Reading from ue
Timeout occured for deregistrationRequest
Sequence 30 step 11: deregistrationRequest / null_action
Log executor: sending registrationRequest.
Reading from ue
Log executor: received(raw) identityRequest from rrc.
####registrationRequestGUTI/identityRequest####
Sequence 30 step 12: registrationRequestGUTI / identityRequest
Log executor: sending deregistrationRequest.
Reading from ue
Timeout occured for deregistrationRequest
Sequence 30 step 13: deregistrationRequest / null_action
Log executor: sending registrationRequest.
Reading from ue
Log executor: received(raw) authenticationRequest from rrc.
####registrationRequest/authenticationRequest####
Sequence 30 step 14: registrationRequest / authenticationRequest
Log executor: sending deregistrationRequest.
Reading from ue
Timeout occured for deregistrationRequest
Sequence 30 step 15: deregistrationRequest / null_action
Log executor: sending registrationRequest.
Reading from ue
Log executor: received(raw) identityRequest from rrc.
####registrationRequestGUTI/identityRequest####
Sequence 30 step 16: registrationRequestGUTI / identityRequest
Log executor: sending deregistrationRequest.
Reading from ue
Timeout occured for deregistrationRequest
Sequence 30 step 17: deregistrationRequest / null_action
Log executor: sending registrationRequest.
Reading from ue
Log executor: received(raw) authenticationRequest from rrc.
####registrationRequest/authenticationRequest####
Sequence 30 step 18: registrationRequest / authenticationRequest
Log executor: sending deregistrationRequest.
Reading from ue
Timeout occured for deregistrationRequest
Sequence 30 step 19: deregistrationRequest / null_action
Log executor: sending registrationRequest.
Reading from ue
Log executor: received(raw) identityRequest from rrc.
####registrationRequestGUTI/identityRequest####
Sequence 30 step 20: registrationRequestGUTI / identityRequest
Log executor: sending deregistrationRequest.
Reading from ue
Timeout occured for deregistrationRequest
Sequence 30 step 21: deregistrationRequest / null_action
Log executor: sending registrationRequest.
Reading from ue
Log executor: received(raw) authenticationRequest from rrc.
####registrationRequest/authenticationRequest####
Sequence 30 step 22: registrationRequest / authenticationRequest
Log executor: sending deregistrationRequest.
Reading from ue
Timeout occured for deregistrationRequest
Sequence 30 step 23: deregistrationRequest / null_action
Log executor: sending registrationRequest.
Reading from ue
Log executor: received(raw) identityRequest from rrc.
####registrationRequestGUTI/identityRequest####
Sequence 30 step 24: registrationRequestGUTI / identityRequest
Log executor: sending deregistrationRequest.
Reading from ue
Timeout occured for deregistrationRequest
Sequence 30 step 25: deregistrationRequest / null_action
Log executor: sending registrationRequest.
Reading from ue
Log executor: received(raw) authenticationRequest from rrc.
####registrationRequest/authenticationRequest####
Sequence 30 step 26: registrationRequest / authenticationRequest
Log executor: sending deregistrationRequest.
Reading from ue
Timeout occured for deregistrationRequest
Sequence 30 step 27: deregistrationRequest / null_action
Log executor: sending registrationRequest.
Reading from ue
Log executor: received(raw) identityRequest from rrc.
####registrationRequestGUTI/identityRequest####
Sequence 30 step 28: registrationRequestGUTI / identityRequest
Log executor: sending deregistrationRequest.
Reading from ue
Timeout occured for deregistrationRequest
Sequence 30 step 29: deregistrationRequest / null_action
Log executor: sending registrationRequest.
Reading from ue
Log executor: received(raw) authenticationRequest from rrc.
####registrationRequest/authenticationRequest####
Sequence 30 step 30: registrationRequest / authenticationRequest
Log executor: sending deregistrationRequest.
Reading from ue
Timeout occured for deregistrationRequest
Sequence 30 step 31: deregistrationRequest / null_action
Log executor: sending registrationRequest.
Reading from ue
Log executor: received(raw) identityRequest from rrc.
####registrationRequestGUTI/identityRequest####
Sequence 30 step 32: registrationRequestGUTI / identityRequest
Log executor: sending deregistrationRequest.
Reading from ue
Timeout occured for deregistrationRequest
Sequence 30 step 33: deregistrationRequest / null_action
Log executor: sending registrationRequest.
Reading from ue
Log executor: received(raw) authenticationRequest from rrc.
####registrationRequest/authenticationRequest####
Sequence 30 step 34: registrationRequest / authenticationRequest
Log executor: sending deregistrationRequest.
Reading from ue
Timeout occured for deregistrationRequest
Sequence 30 step 35: deregistrationRequest / null_action
Log executor: sending registrationRequest.
Reading from ue
Log executor: received(raw) identityRequest from rrc.
####registrationRequestGUTI/identityRequest####
Sequence 30 step 36: registrationRequestGUTI / identityRequest
Log executor: sending deregistrationRequest.
Reading from ue
Timeout occured for deregistrationRequest
Sequence 30 step 37: deregistrationRequest / null_action
Log executor: sending registrationRequest.
Reading from ue
Log executor: received(raw) authenticationRequest from rrc.
####registrationRequest/authenticationRequest####
Sequence 30 step 38: registrationRequest / authenticationRequest
Log executor: sending deregistrationRequest.
Reading from ue
Timeout occured for deregistrationRequest
Sequence 30 step 39: deregistrationRequest / null_action
Log executor: sending registrationRequest.
Reading from ue
Log executor: received(raw) identityRequest from rrc.
####registrationRequestGUTI/identityRequest####
Sequence 30 step 40: registrationRequestGUTI / identityRequest
Log executor: sending deregistrationRequest.
Reading from ue
Timeout occured for deregistrationRequest
Sequence 30 step 41: deregistrationRequest / null_action
Log executor: sending registrationRequest.
Reading from ue
Log executor: received(raw) authenticationRequest from rrc.
####registrationRequest/authenticationRequest####
Sequence 30 step 42: registrationRequest / authenticationRequest
Log executor: sending deregistrationRequest.
Reading from ue
Timeout occured for deregistrationRequest
Sequence 30 step 43: deregistrationRequest / null_action
Log executor: sending registrationRequest.
Reading from ue
Log executor: received(raw) identityRequest from rrc.
####registrationRequestGUTI/identityRequest####
Sequence 30 step 44: registrationRequestGUTI / identityRequest
Log executor: sending deregistrationRequest.
Reading from ue
Timeout occured for deregistrationRequest
Sequence 30 step 45: deregistrationRequest / null_action
Log executor: sending registrationRequest.
Reading from ue
Log executor: received(raw) authenticationRequest from rrc.
####registrationRequest/authenticationRequest####
Sequence 30 step 46: registrationRequest / authenticationRequest
=== Sequence 30 done ===
Stopping nr-ue: 15381
nr-ue stopped.
Stopping nr-gnb: 15363
nr-gnb stopped.
Stopping Open5GS test-core: 15284
[core][ERROR] Open5GS launcher finished with status 134
Open5GS stopped and session log writes were flushed.
=== Sequence 31 start ===
Nodes: 
Inputs: registrationRequest authenticationResponse securityModeComplete registrationComplete registrationRequestGUTI registrationRequestGUTI authenticationResponse securityModeComplete registrationComplete registrationRequestGUTI registrationRequestGUTI authenticationResponse securityModeComplete registrationComplete registrationRequestGUTI registrationRequestGUTI authenticationResponse securityModeComplete registrationComplete registrationRequestGUTI registrationRequestGUTI authenticationResponse securityModeComplete registrationComplete registrationRequestGUTI registrationRequestGUTI authenticationResponse securityModeComplete registrationComplete registrationRequestGUTI registrationRequestGUTI authenticationResponse securityModeComplete registrationComplete registrationRequestGUTI registrationRequestGUTI authenticationResponse securityModeComplete registrationComplete registrationRequestGUTI registrationRequestGUTI authenticationResponse securityModeComplete registrationComplete registrationRequestGUTI registrationRequestGUTI authenticationResponse securityModeComplete registrationComplete registrationRequestGUTI registrationRequestGUTI
Wire inputs: registrationRequest authenticationResponse securityModeComplete registrationComplete registrationRequestGUTI registrationRequestGUTI authenticationResponse securityModeComplete registrationComplete registrationRequestGUTI registrationRequestGUTI authenticationResponse securityModeComplete registrationComplete registrationRequestGUTI registrationRequestGUTI authenticationResponse securityModeComplete registrationComplete registrationRequestGUTI registrationRequestGUTI authenticationResponse securityModeComplete registrationComplete registrationRequestGUTI registrationRequestGUTI authenticationResponse securityModeComplete registrationComplete registrationRequestGUTI registrationRequestGUTI authenticationResponse securityModeComplete registrationComplete registrationRequestGUTI registrationRequestGUTI authenticationResponse securityModeComplete registrationComplete registrationRequestGUTI registrationRequestGUTI authenticationResponse securityModeComplete registrationComplete registrationRequestGUTI registrationRequestGUTI authenticationResponse securityModeComplete registrationComplete registrationRequestGUTI registrationRequestGUTI
Selected UERANSIM profile: open5gs (UERANSIM-gnb-999-70-1)
Starting Core & gNodeB & UE
nr-gnb is not running.
nr-ue is not running.
No Open5GS test-core process is running from: /home/dzdysl/CoreCrisis/test_open5gs/open5gs
Open5GS stopped and session log writes were flushed.
RUNTIME_CONTRACT WARNING: Runtime file hash mismatch: scripts/start_core.sh expected=840ef0af6893870090daf095a53f3435122accb71b4f23b3e1575d92e6284658 actual=031fbab111baca97e1d910d8038ff4b07084fba888eafcce0d3173acc84f2d9c
Could not persist runtime warning: /home/dzdysl/CoreCrisis/test_open5gs/runs/20260804T034905Z-2b7f2823/raw/open5gs/core-session-064
[core][INFO] Launching Open5GS from: /home/dzdysl/CoreCrisis/test_open5gs/open5gs
[core][INFO] Configuration: /home/dzdysl/CoreCrisis/test_open5gs/core.properties
[core][INFO] Core log: /home/dzdysl/CoreCrisis/test_open5gs/runs/20260804T034905Z-2b7f2823/raw/open5gs/core-session-064/core.log
[core][ERROR] Open5GS launcher finished with status 134
Finished starting up Core & gNodeB
Connecting to ue..
Timeout occurred for UE(Done)
Stopping nr-gnb: 15603
nr-gnb stopped.
Stopping nr-ue: 15620
nr-ue stopped.
No Open5GS test-core process is running from: /home/dzdysl/CoreCrisis/test_open5gs/open5gs
Open5GS stopped and session log writes were flushed.
RUNTIME_CONTRACT WARNING: Runtime file hash mismatch: scripts/start_core.sh expected=840ef0af6893870090daf095a53f3435122accb71b4f23b3e1575d92e6284658 actual=031fbab111baca97e1d910d8038ff4b07084fba888eafcce0d3173acc84f2d9c
Could not persist runtime warning: /home/dzdysl/CoreCrisis/test_open5gs/runs/20260804T034905Z-2b7f2823/raw/open5gs/core-session-065
[core][INFO] Launching Open5GS from: /home/dzdysl/CoreCrisis/test_open5gs/open5gs
[core][INFO] Configuration: /home/dzdysl/CoreCrisis/test_open5gs/core.properties
[core][INFO] Core log: /home/dzdysl/CoreCrisis/test_open5gs/runs/20260804T034905Z-2b7f2823/raw/open5gs/core-session-065/core.log
Connecting to ue..
Received = DONE
Connected with UE.
Sent Hello.
Received = Hi
Connected to ue.
Done with initializing the connection with UE, gNodeB, and Core.
Log executor: sending registrationRequest.
Reading from ue
Log executor: received(raw) authenticationRequest from rrc.
####registrationRequest/authenticationRequest####
Sequence 31 step 1: registrationRequest / authenticationRequest
Log executor: sending authenticationResponse.
Reading from ue
Log executor: received(raw) securityModeCommand from rrc.
####authenticationResponse/securityModeCommand####
Sequence 31 step 2: authenticationResponse / securityModeCommand
Log executor: sending securityModeComplete.
Reading from ue
Log executor: received(raw) registrationAccept from rrc.
####securityModeComplete/registrationAccept####
Sequence 31 step 3: securityModeComplete / registrationAccept
Log executor: sending registrationComplete.
Reading from ue
Log executor: received(raw) configurationUpdateCommand from rrc.
####registrationComplete/configurationUpdateCommand####
Sequence 31 step 4: registrationComplete / configurationUpdateCommand
Log executor: sending registrationRequest.
Reading from ue
Log executor: received(raw) registrationAccept from rrc.
####registrationRequestGUTI/registrationAccept####
Sequence 31 step 5: registrationRequestGUTI / registrationAccept
Log executor: sending registrationRequest.
Reading from ue
Log executor: received(raw) authenticationRequest from rrc.
####registrationRequestGUTI/authenticationRequest####
Sequence 31 step 6: registrationRequestGUTI / authenticationRequest
Log executor: sending authenticationResponse.
Reading from ue
Log executor: received(raw) securityModeCommand from rrc.
####authenticationResponse/securityModeCommand####
Sequence 31 step 7: authenticationResponse / securityModeCommand
Log executor: sending securityModeComplete.
Reading from ue
Log executor: received(raw) registrationAccept from rrc.
####securityModeComplete/registrationAccept####
Sequence 31 step 8: securityModeComplete / registrationAccept
Log executor: sending registrationComplete.
Reading from ue
Log executor: received(raw) configurationUpdateCommand from rrc.
####registrationComplete/configurationUpdateCommand####
Sequence 31 step 9: registrationComplete / configurationUpdateCommand
Log executor: sending registrationRequest.
Reading from ue
Log executor: received(raw) registrationAccept from rrc.
####registrationRequestGUTI/registrationAccept####
Sequence 31 step 10: registrationRequestGUTI / registrationAccept
Log executor: sending registrationRequest.
Reading from ue
Log executor: received(raw) authenticationRequest from rrc.
####registrationRequestGUTI/authenticationRequest####
Sequence 31 step 11: registrationRequestGUTI / authenticationRequest
Log executor: sending authenticationResponse.
Reading from ue
Log executor: received(raw) securityModeCommand from rrc.
####authenticationResponse/securityModeCommand####
Sequence 31 step 12: authenticationResponse / securityModeCommand
Log executor: sending securityModeComplete.
Reading from ue
Log executor: received(raw) registrationAccept from rrc.
####securityModeComplete/registrationAccept####
Sequence 31 step 13: securityModeComplete / registrationAccept
Log executor: sending registrationComplete.
Reading from ue
Log executor: received(raw) configurationUpdateCommand from rrc.
####registrationComplete/configurationUpdateCommand####
Sequence 31 step 14: registrationComplete / configurationUpdateCommand
Log executor: sending registrationRequest.
Reading from ue
Log executor: received(raw) registrationAccept from rrc.
####registrationRequestGUTI/registrationAccept####
Sequence 31 step 15: registrationRequestGUTI / registrationAccept
Log executor: sending registrationRequest.
Reading from ue
Log executor: received(raw) authenticationRequest from rrc.
####registrationRequestGUTI/authenticationRequest####
Sequence 31 step 16: registrationRequestGUTI / authenticationRequest
Log executor: sending authenticationResponse.
Reading from ue
Log executor: received(raw) securityModeCommand from rrc.
####authenticationResponse/securityModeCommand####
Sequence 31 step 17: authenticationResponse / securityModeCommand
Log executor: sending securityModeComplete.
Reading from ue
Log executor: received(raw) registrationAccept from rrc.
####securityModeComplete/registrationAccept####
Sequence 31 step 18: securityModeComplete / registrationAccept
Log executor: sending registrationComplete.
Reading from ue
Log executor: received(raw) configurationUpdateCommand from rrc.
####registrationComplete/configurationUpdateCommand####
Sequence 31 step 19: registrationComplete / configurationUpdateCommand
Log executor: sending registrationRequest.
Reading from ue
Log executor: received(raw) registrationAccept from rrc.
####registrationRequestGUTI/registrationAccept####
Sequence 31 step 20: registrationRequestGUTI / registrationAccept
Log executor: sending registrationRequest.
Reading from ue
Log executor: received(raw) authenticationRequest from rrc.
####registrationRequestGUTI/authenticationRequest####
Sequence 31 step 21: registrationRequestGUTI / authenticationRequest
Log executor: sending authenticationResponse.
Reading from ue
Log executor: received(raw) securityModeCommand from rrc.
####authenticationResponse/securityModeCommand####
Sequence 31 step 22: authenticationResponse / securityModeCommand
Log executor: sending securityModeComplete.
Reading from ue
Log executor: received(raw) registrationAccept from rrc.
####securityModeComplete/registrationAccept####
Sequence 31 step 23: securityModeComplete / registrationAccept
Log executor: sending registrationComplete.
Reading from ue
Log executor: received(raw) configurationUpdateCommand from rrc.
####registrationComplete/configurationUpdateCommand####
Sequence 31 step 24: registrationComplete / configurationUpdateCommand
Log executor: sending registrationRequest.
Reading from ue
Log executor: received(raw) registrationAccept from rrc.
####registrationRequestGUTI/registrationAccept####
Sequence 31 step 25: registrationRequestGUTI / registrationAccept
Log executor: sending registrationRequest.
Reading from ue
Log executor: received(raw) authenticationRequest from rrc.
####registrationRequestGUTI/authenticationRequest####
Sequence 31 step 26: registrationRequestGUTI / authenticationRequest
Log executor: sending authenticationResponse.
Reading from ue
Log executor: received(raw) securityModeCommand from rrc.
####authenticationResponse/securityModeCommand####
Sequence 31 step 27: authenticationResponse / securityModeCommand
Log executor: sending securityModeComplete.
Reading from ue
Log executor: received(raw) registrationAccept from rrc.
####securityModeComplete/registrationAccept####
Sequence 31 step 28: securityModeComplete / registrationAccept
Log executor: sending registrationComplete.
Reading from ue
Log executor: received(raw) configurationUpdateCommand from rrc.
####registrationComplete/configurationUpdateCommand####
Sequence 31 step 29: registrationComplete / configurationUpdateCommand
Log executor: sending registrationRequest.
Reading from ue
Log executor: received(raw) registrationAccept from rrc.
####registrationRequestGUTI/registrationAccept####
Sequence 31 step 30: registrationRequestGUTI / registrationAccept
Log executor: sending registrationRequest.
Reading from ue
Log executor: received(raw) authenticationRequest from rrc.
####registrationRequestGUTI/authenticationRequest####
Sequence 31 step 31: registrationRequestGUTI / authenticationRequest
Log executor: sending authenticationResponse.
Reading from ue
Log executor: received(raw) securityModeCommand from rrc.
####authenticationResponse/securityModeCommand####
Sequence 31 step 32: authenticationResponse / securityModeCommand
Log executor: sending securityModeComplete.
Reading from ue
Log executor: received(raw) registrationAccept from rrc.
####securityModeComplete/registrationAccept####
Sequence 31 step 33: securityModeComplete / registrationAccept
Log executor: sending registrationComplete.
Reading from ue
Log executor: received(raw) configurationUpdateCommand from rrc.
####registrationComplete/configurationUpdateCommand####
Sequence 31 step 34: registrationComplete / configurationUpdateCommand
Log executor: sending registrationRequest.
Reading from ue
Log executor: received(raw) registrationAccept from rrc.
####registrationRequestGUTI/registrationAccept####
Sequence 31 step 35: registrationRequestGUTI / registrationAccept
Log executor: sending registrationRequest.
Reading from ue
Log executor: received(raw) authenticationRequest from rrc.
####registrationRequestGUTI/authenticationRequest####
Sequence 31 step 36: registrationRequestGUTI / authenticationRequest
Log executor: sending authenticationResponse.
Reading from ue
Log executor: received(raw) securityModeCommand from rrc.
####authenticationResponse/securityModeCommand####
Sequence 31 step 37: authenticationResponse / securityModeCommand
Log executor: sending securityModeComplete.
Reading from ue
Log executor: received(raw) registrationAccept from rrc.
####securityModeComplete/registrationAccept####
Sequence 31 step 38: securityModeComplete / registrationAccept
Log executor: sending registrationComplete.
Reading from ue
Log executor: received(raw) configurationUpdateCommand from rrc.
####registrationComplete/configurationUpdateCommand####
Sequence 31 step 39: registrationComplete / configurationUpdateCommand
Log executor: sending registrationRequest.
Reading from ue
Log executor: received(raw) registrationAccept from rrc.
####registrationRequestGUTI/registrationAccept####
Sequence 31 step 40: registrationRequestGUTI / registrationAccept
Log executor: sending registrationRequest.
Reading from ue
Log executor: received(raw) authenticationRequest from rrc.
####registrationRequestGUTI/authenticationRequest####
Sequence 31 step 41: registrationRequestGUTI / authenticationRequest
Log executor: sending authenticationResponse.
Reading from ue
Log executor: received(raw) securityModeCommand from rrc.
####authenticationResponse/securityModeCommand####
Sequence 31 step 42: authenticationResponse / securityModeCommand
Log executor: sending securityModeComplete.
Reading from ue
Log executor: received(raw) registrationAccept from rrc.
####securityModeComplete/registrationAccept####
Sequence 31 step 43: securityModeComplete / registrationAccept
Log executor: sending registrationComplete.
Reading from ue
Log executor: received(raw) configurationUpdateCommand from rrc.
####registrationComplete/configurationUpdateCommand####
Sequence 31 step 44: registrationComplete / configurationUpdateCommand
Log executor: sending registrationRequest.
Reading from ue
Log executor: received(raw) registrationAccept from rrc.
####registrationRequestGUTI/registrationAccept####
Sequence 31 step 45: registrationRequestGUTI / registrationAccept
Log executor: sending registrationRequest.
Reading from ue
Log executor: received(raw) authenticationRequest from rrc.
####registrationRequestGUTI/authenticationRequest####
Sequence 31 step 46: registrationRequestGUTI / authenticationRequest
Log executor: sending authenticationResponse.
Reading from ue
Log executor: received(raw) securityModeCommand from rrc.
####authenticationResponse/securityModeCommand####
Sequence 31 step 47: authenticationResponse / securityModeCommand
Log executor: sending securityModeComplete.
Reading from ue
Log executor: received(raw) registrationAccept from rrc.
####securityModeComplete/registrationAccept####
Sequence 31 step 48: securityModeComplete / registrationAccept
Log executor: sending registrationComplete.
Reading from ue
Log executor: received(raw) configurationUpdateCommand from rrc.
####registrationComplete/configurationUpdateCommand####
Sequence 31 step 49: registrationComplete / configurationUpdateCommand
Log executor: sending registrationRequest.
Reading from ue
Log executor: received(raw) registrationAccept from rrc.
####registrationRequestGUTI/registrationAccept####
Sequence 31 step 50: registrationRequestGUTI / registrationAccept
Log executor: sending registrationRequest.
Reading from ue
Log executor: received(raw) authenticationRequest from rrc.
####registrationRequestGUTI/authenticationRequest####
Sequence 31 step 51: registrationRequestGUTI / authenticationRequest
=== Sequence 31 done ===
Stopping nr-ue: 15802
nr-ue stopped.
Stopping nr-gnb: 15784
nr-gnb stopped.
Stopping Open5GS test-core: 15703
[core][ERROR] Open5GS launcher finished with status 134
Open5GS stopped and session log writes were flushed.
=== Sequence 32 start ===
Nodes: 
Inputs: registrationRequest registrationRequest registrationRequest registrationRequest registrationRequest registrationRequest registrationRequest registrationRequest registrationRequest registrationRequest registrationRequest
Wire inputs: registrationRequest registrationRequest registrationRequest registrationRequest registrationRequest registrationRequest registrationRequest registrationRequest registrationRequest registrationRequest registrationRequest
Selected UERANSIM profile: open5gs (UERANSIM-gnb-999-70-1)
Starting Core & gNodeB & UE
nr-gnb is not running.
nr-ue is not running.
No Open5GS test-core process is running from: /home/dzdysl/CoreCrisis/test_open5gs/open5gs
Open5GS stopped and session log writes were flushed.
RUNTIME_CONTRACT WARNING: Runtime file hash mismatch: scripts/start_core.sh expected=840ef0af6893870090daf095a53f3435122accb71b4f23b3e1575d92e6284658 actual=031fbab111baca97e1d910d8038ff4b07084fba888eafcce0d3173acc84f2d9c
Could not persist runtime warning: /home/dzdysl/CoreCrisis/test_open5gs/runs/20260804T034905Z-2b7f2823/raw/open5gs/core-session-066
[core][INFO] Launching Open5GS from: /home/dzdysl/CoreCrisis/test_open5gs/open5gs
[core][INFO] Configuration: /home/dzdysl/CoreCrisis/test_open5gs/core.properties
[core][INFO] Core log: /home/dzdysl/CoreCrisis/test_open5gs/runs/20260804T034905Z-2b7f2823/raw/open5gs/core-session-066/core.log
[core][ERROR] Open5GS launcher finished with status 134
Finished starting up Core & gNodeB
Connecting to ue..
Timeout occurred for UE(Done)
Stopping nr-gnb: 16031
nr-gnb stopped.
Stopping nr-ue: 16048
nr-ue stopped.
No Open5GS test-core process is running from: /home/dzdysl/CoreCrisis/test_open5gs/open5gs
Open5GS stopped and session log writes were flushed.
RUNTIME_CONTRACT WARNING: Runtime file hash mismatch: scripts/start_core.sh expected=840ef0af6893870090daf095a53f3435122accb71b4f23b3e1575d92e6284658 actual=031fbab111baca97e1d910d8038ff4b07084fba888eafcce0d3173acc84f2d9c
Could not persist runtime warning: /home/dzdysl/CoreCrisis/test_open5gs/runs/20260804T034905Z-2b7f2823/raw/open5gs/core-session-067
[core][INFO] Launching Open5GS from: /home/dzdysl/CoreCrisis/test_open5gs/open5gs
[core][INFO] Configuration: /home/dzdysl/CoreCrisis/test_open5gs/core.properties
[core][INFO] Core log: /home/dzdysl/CoreCrisis/test_open5gs/runs/20260804T034905Z-2b7f2823/raw/open5gs/core-session-067/core.log
Connecting to ue..
Received = DONE
Connected with UE.
Sent Hello.
Received = Hi
Connected to ue.
Done with initializing the connection with UE, gNodeB, and Core.
Log executor: sending registrationRequest.
Reading from ue
Log executor: received(raw) authenticationRequest from rrc.
####registrationRequest/authenticationRequest####
Sequence 32 step 1: registrationRequest / authenticationRequest
Log executor: sending registrationRequest.
Reading from ue
Log executor: received(raw) authenticationRequest from rrc.
####registrationRequest/authenticationRequest####
Sequence 32 step 2: registrationRequest / authenticationRequest
Log executor: sending registrationRequest.
Reading from ue
Log executor: received(raw) authenticationRequest from rrc.
####registrationRequest/authenticationRequest####
Sequence 32 step 3: registrationRequest / authenticationRequest
Log executor: sending registrationRequest.
Reading from ue
Log executor: received(raw) authenticationRequest from rrc.
####registrationRequest/authenticationRequest####
Sequence 32 step 4: registrationRequest / authenticationRequest
Log executor: sending registrationRequest.
Reading from ue
Log executor: received(raw) authenticationRequest from rrc.
####registrationRequest/authenticationRequest####
Sequence 32 step 5: registrationRequest / authenticationRequest
Log executor: sending registrationRequest.
Reading from ue
Log executor: received(raw) authenticationRequest from rrc.
####registrationRequest/authenticationRequest####
Sequence 32 step 6: registrationRequest / authenticationRequest
Log executor: sending registrationRequest.
Reading from ue
Log executor: received(raw) authenticationRequest from rrc.
####registrationRequest/authenticationRequest####
Sequence 32 step 7: registrationRequest / authenticationRequest
Log executor: sending registrationRequest.
Reading from ue
Log executor: received(raw) authenticationRequest from rrc.
####registrationRequest/authenticationRequest####
Sequence 32 step 8: registrationRequest / authenticationRequest
Log executor: sending registrationRequest.
Reading from ue
Log executor: received(raw) authenticationRequest from rrc.
####registrationRequest/authenticationRequest####
Sequence 32 step 9: registrationRequest / authenticationRequest
Log executor: sending registrationRequest.
Reading from ue
Log executor: received(raw) authenticationRequest from rrc.
####registrationRequest/authenticationRequest####
Sequence 32 step 10: registrationRequest / authenticationRequest
Log executor: sending registrationRequest.
Reading from ue
Log executor: received(raw) authenticationRequest from rrc.
####registrationRequest/authenticationRequest####
Sequence 32 step 11: registrationRequest / authenticationRequest
=== Sequence 32 done ===
Stopping nr-ue: 16228
nr-ue stopped.
Stopping nr-gnb: 16210
nr-gnb stopped.
Stopping Open5GS test-core: 16129
[core][ERROR] Open5GS launcher finished with status 134
Open5GS stopped and session log writes were flushed.
=== Sequence 33 start ===
Nodes: 
Inputs: registrationRequest registrationRequestGUTI registrationRequestGUTI registrationRequestGUTI registrationRequestGUTI registrationRequestGUTI registrationRequestGUTI registrationRequestGUTI registrationRequestGUTI registrationRequestGUTI registrationRequestGUTI
Wire inputs: registrationRequest registrationRequestGUTI registrationRequestGUTI registrationRequestGUTI registrationRequestGUTI registrationRequestGUTI registrationRequestGUTI registrationRequestGUTI registrationRequestGUTI registrationRequestGUTI registrationRequestGUTI
Selected UERANSIM profile: open5gs (UERANSIM-gnb-999-70-1)
Starting Core & gNodeB & UE
nr-gnb is not running.
nr-ue is not running.
No Open5GS test-core process is running from: /home/dzdysl/CoreCrisis/test_open5gs/open5gs
Open5GS stopped and session log writes were flushed.
RUNTIME_CONTRACT WARNING: Runtime file hash mismatch: scripts/start_core.sh expected=840ef0af6893870090daf095a53f3435122accb71b4f23b3e1575d92e6284658 actual=031fbab111baca97e1d910d8038ff4b07084fba888eafcce0d3173acc84f2d9c
Could not persist runtime warning: /home/dzdysl/CoreCrisis/test_open5gs/runs/20260804T034905Z-2b7f2823/raw/open5gs/core-session-068
[core][INFO] Launching Open5GS from: /home/dzdysl/CoreCrisis/test_open5gs/open5gs
[core][INFO] Configuration: /home/dzdysl/CoreCrisis/test_open5gs/core.properties
[core][INFO] Core log: /home/dzdysl/CoreCrisis/test_open5gs/runs/20260804T034905Z-2b7f2823/raw/open5gs/core-session-068/core.log
[core][ERROR] Open5GS launcher finished with status 134
Finished starting up Core & gNodeB
Connecting to ue..
Timeout occurred for UE(Done)
Stopping nr-gnb: 16414
nr-gnb stopped.
Stopping nr-ue: 16431
nr-ue stopped.
No Open5GS test-core process is running from: /home/dzdysl/CoreCrisis/test_open5gs/open5gs
Open5GS stopped and session log writes were flushed.
RUNTIME_CONTRACT WARNING: Runtime file hash mismatch: scripts/start_core.sh expected=840ef0af6893870090daf095a53f3435122accb71b4f23b3e1575d92e6284658 actual=031fbab111baca97e1d910d8038ff4b07084fba888eafcce0d3173acc84f2d9c
Could not persist runtime warning: /home/dzdysl/CoreCrisis/test_open5gs/runs/20260804T034905Z-2b7f2823/raw/open5gs/core-session-069
[core][INFO] Launching Open5GS from: /home/dzdysl/CoreCrisis/test_open5gs/open5gs
[core][INFO] Configuration: /home/dzdysl/CoreCrisis/test_open5gs/core.properties
[core][INFO] Core log: /home/dzdysl/CoreCrisis/test_open5gs/runs/20260804T034905Z-2b7f2823/raw/open5gs/core-session-069/core.log
Connecting to ue..
Received = DONE
Connected with UE.
Sent Hello.
Received = Hi
Connected to ue.
Done with initializing the connection with UE, gNodeB, and Core.
Log executor: sending registrationRequest.
Reading from ue
Log executor: received(raw) authenticationRequest from rrc.
####registrationRequest/authenticationRequest####
Sequence 33 step 1: registrationRequest / authenticationRequest
Log executor: sending registrationRequest.
Reading from ue
Log executor: received(raw) authenticationRequest from rrc.
####registrationRequestGUTI/authenticationRequest####
Sequence 33 step 2: registrationRequestGUTI / authenticationRequest
Log executor: sending registrationRequest.
Reading from ue
Log executor: received(raw) authenticationRequest from rrc.
####registrationRequestGUTI/authenticationRequest####
Sequence 33 step 3: registrationRequestGUTI / authenticationRequest
Log executor: sending registrationRequest.
Reading from ue
Log executor: received(raw) authenticationRequest from rrc.
####registrationRequestGUTI/authenticationRequest####
Sequence 33 step 4: registrationRequestGUTI / authenticationRequest
Log executor: sending registrationRequest.
Reading from ue
Log executor: received(raw) authenticationRequest from rrc.
####registrationRequestGUTI/authenticationRequest####
Sequence 33 step 5: registrationRequestGUTI / authenticationRequest
Log executor: sending registrationRequest.
Reading from ue
Log executor: received(raw) authenticationRequest from rrc.
####registrationRequestGUTI/authenticationRequest####
Sequence 33 step 6: registrationRequestGUTI / authenticationRequest
Log executor: sending registrationRequest.
Reading from ue
Log executor: received(raw) authenticationRequest from rrc.
####registrationRequestGUTI/authenticationRequest####
Sequence 33 step 7: registrationRequestGUTI / authenticationRequest
Log executor: sending registrationRequest.
Reading from ue
Log executor: received(raw) authenticationRequest from rrc.
####registrationRequestGUTI/authenticationRequest####
Sequence 33 step 8: registrationRequestGUTI / authenticationRequest
Log executor: sending registrationRequest.
Reading from ue
Log executor: received(raw) authenticationRequest from rrc.
####registrationRequestGUTI/authenticationRequest####
Sequence 33 step 9: registrationRequestGUTI / authenticationRequest
Log executor: sending registrationRequest.
Reading from ue
Log executor: received(raw) authenticationRequest from rrc.
####registrationRequestGUTI/authenticationRequest####
Sequence 33 step 10: registrationRequestGUTI / authenticationRequest
Log executor: sending registrationRequest.
Reading from ue
Log executor: received(raw) authenticationRequest from rrc.
####registrationRequestGUTI/authenticationRequest####
Sequence 33 step 11: registrationRequestGUTI / authenticationRequest
=== Sequence 33 done ===
Stopping nr-ue: 16614
nr-ue stopped.
Stopping nr-gnb: 16596
nr-gnb stopped.
Stopping Open5GS test-core: 16513
[core][ERROR] Open5GS launcher finished with status 134
Open5GS stopped and session log writes were flushed.
=== Sequence 34 start ===
Nodes: 
Inputs: registrationRequest authenticationResponse securityModeReject registrationRequest authenticationResponse registrationRequest registrationRequest registrationRequest registrationRequest registrationRequest registrationRequest registrationRequest registrationRequest registrationRequest registrationRequest registrationRequest
Wire inputs: registrationRequest authenticationResponse securityModeReject registrationRequest authenticationResponse registrationRequest registrationRequest registrationRequest registrationRequest registrationRequest registrationRequest registrationRequest registrationRequest registrationRequest registrationRequest registrationRequest
Selected UERANSIM profile: open5gs (UERANSIM-gnb-999-70-1)
Starting Core & gNodeB & UE
nr-gnb is not running.
nr-ue is not running.
No Open5GS test-core process is running from: /home/dzdysl/CoreCrisis/test_open5gs/open5gs
Open5GS stopped and session log writes were flushed.
RUNTIME_CONTRACT WARNING: Runtime file hash mismatch: scripts/start_core.sh expected=840ef0af6893870090daf095a53f3435122accb71b4f23b3e1575d92e6284658 actual=031fbab111baca97e1d910d8038ff4b07084fba888eafcce0d3173acc84f2d9c
Could not persist runtime warning: /home/dzdysl/CoreCrisis/test_open5gs/runs/20260804T034905Z-2b7f2823/raw/open5gs/core-session-070
[core][INFO] Launching Open5GS from: /home/dzdysl/CoreCrisis/test_open5gs/open5gs
[core][INFO] Configuration: /home/dzdysl/CoreCrisis/test_open5gs/core.properties
[core][INFO] Core log: /home/dzdysl/CoreCrisis/test_open5gs/runs/20260804T034905Z-2b7f2823/raw/open5gs/core-session-070/core.log
[core][ERROR] Open5GS launcher finished with status 134
Finished starting up Core & gNodeB
Connecting to ue..
Timeout occurred for UE(Done)
Stopping nr-gnb: 16799
nr-gnb stopped.
Stopping nr-ue: 16816
nr-ue stopped.
No Open5GS test-core process is running from: /home/dzdysl/CoreCrisis/test_open5gs/open5gs
Open5GS stopped and session log writes were flushed.
RUNTIME_CONTRACT WARNING: Runtime file hash mismatch: scripts/start_core.sh expected=840ef0af6893870090daf095a53f3435122accb71b4f23b3e1575d92e6284658 actual=031fbab111baca97e1d910d8038ff4b07084fba888eafcce0d3173acc84f2d9c
Could not persist runtime warning: /home/dzdysl/CoreCrisis/test_open5gs/runs/20260804T034905Z-2b7f2823/raw/open5gs/core-session-071
[core][INFO] Launching Open5GS from: /home/dzdysl/CoreCrisis/test_open5gs/open5gs
[core][INFO] Configuration: /home/dzdysl/CoreCrisis/test_open5gs/core.properties
[core][INFO] Core log: /home/dzdysl/CoreCrisis/test_open5gs/runs/20260804T034905Z-2b7f2823/raw/open5gs/core-session-071/core.log
Connecting to ue..
Received = DONE
Connected with UE.
Sent Hello.
Received = Hi
Connected to ue.
Done with initializing the connection with UE, gNodeB, and Core.
Log executor: sending registrationRequest.
Reading from ue
Log executor: received(raw) authenticationRequest from rrc.
####registrationRequest/authenticationRequest####
Sequence 34 step 1: registrationRequest / authenticationRequest
Log executor: sending authenticationResponse.
Reading from ue
Log executor: received(raw) securityModeCommand from rrc.
####authenticationResponse/securityModeCommand####
Sequence 34 step 2: authenticationResponse / securityModeCommand
Log executor: sending securityModeReject.
Reading from ue
Timeout occured for securityModeReject
Sequence 34 step 3: securityModeReject / null_action
Log executor: sending registrationRequest.
Reading from ue
Log executor: received(raw) authenticationRequest from rrc.
####registrationRequest/authenticationRequest####
Sequence 34 step 4: registrationRequest / authenticationRequest
Log executor: sending authenticationResponse.
Reading from ue
Log executor: received(raw) securityModeCommand from rrc.
####authenticationResponse/securityModeCommand####
Sequence 34 step 5: authenticationResponse / securityModeCommand
Log executor: sending registrationRequest.
Reading from ue
Log executor: received(raw) authenticationRequest from rrc.
####registrationRequest/authenticationRequest####
Sequence 34 step 6: registrationRequest / authenticationRequest
Log executor: sending registrationRequest.
Reading from ue
Log executor: received(raw) authenticationRequest from rrc.
####registrationRequest/authenticationRequest####
Sequence 34 step 7: registrationRequest / authenticationRequest
Log executor: sending registrationRequest.
Reading from ue
Log executor: received(raw) authenticationRequest from rrc.
####registrationRequest/authenticationRequest####
Sequence 34 step 8: registrationRequest / authenticationRequest
Log executor: sending registrationRequest.
Reading from ue
Log executor: received(raw) authenticationRequest from rrc.
####registrationRequest/authenticationRequest####
Sequence 34 step 9: registrationRequest / authenticationRequest
Log executor: sending registrationRequest.
Reading from ue
Log executor: received(raw) authenticationRequest from rrc.
####registrationRequest/authenticationRequest####
Sequence 34 step 10: registrationRequest / authenticationRequest
Log executor: sending registrationRequest.
Reading from ue
Log executor: received(raw) authenticationRequest from rrc.
####registrationRequest/authenticationRequest####
Sequence 34 step 11: registrationRequest / authenticationRequest
Log executor: sending registrationRequest.
Reading from ue
Log executor: received(raw) authenticationRequest from rrc.
####registrationRequest/authenticationRequest####
Sequence 34 step 12: registrationRequest / authenticationRequest
Log executor: sending registrationRequest.
Reading from ue
Log executor: received(raw) authenticationRequest from rrc.
####registrationRequest/authenticationRequest####
Sequence 34 step 13: registrationRequest / authenticationRequest
Log executor: sending registrationRequest.
Reading from ue
Log executor: received(raw) authenticationRequest from rrc.
####registrationRequest/authenticationRequest####
Sequence 34 step 14: registrationRequest / authenticationRequest
Log executor: sending registrationRequest.
Reading from ue
Log executor: received(raw) authenticationRequest from rrc.
####registrationRequest/authenticationRequest####
Sequence 34 step 15: registrationRequest / authenticationRequest
Log executor: sending registrationRequest.
Reading from ue
Log executor: received(raw) authenticationRequest from rrc.
####registrationRequest/authenticationRequest####
Sequence 34 step 16: registrationRequest / authenticationRequest
=== Sequence 34 done ===
Stopping nr-ue: 16997
nr-ue stopped.
Stopping nr-gnb: 16979
nr-gnb stopped.
Stopping Open5GS test-core: 16898
[core][ERROR] Open5GS launcher finished with status 134
Open5GS stopped and session log writes were flushed.
=== Sequence 35 start ===
Nodes: 
Inputs: registrationRequest authenticationResponse securityModeReject registrationRequest authenticationResponse registrationRequest registrationRequestGUTI registrationRequestGUTI registrationRequestGUTI registrationRequestGUTI registrationRequestGUTI registrationRequestGUTI registrationRequestGUTI registrationRequestGUTI registrationRequestGUTI registrationRequestGUTI
Wire inputs: registrationRequest authenticationResponse securityModeReject registrationRequest authenticationResponse registrationRequest registrationRequestGUTI registrationRequestGUTI registrationRequestGUTI registrationRequestGUTI registrationRequestGUTI registrationRequestGUTI registrationRequestGUTI registrationRequestGUTI registrationRequestGUTI registrationRequestGUTI
Selected UERANSIM profile: open5gs (UERANSIM-gnb-999-70-1)
Starting Core & gNodeB & UE
nr-gnb is not running.
nr-ue is not running.
No Open5GS test-core process is running from: /home/dzdysl/CoreCrisis/test_open5gs/open5gs
Open5GS stopped and session log writes were flushed.
RUNTIME_CONTRACT WARNING: Runtime file hash mismatch: scripts/start_core.sh expected=840ef0af6893870090daf095a53f3435122accb71b4f23b3e1575d92e6284658 actual=031fbab111baca97e1d910d8038ff4b07084fba888eafcce0d3173acc84f2d9c
Could not persist runtime warning: /home/dzdysl/CoreCrisis/test_open5gs/runs/20260804T034905Z-2b7f2823/raw/open5gs/core-session-072
[core][INFO] Launching Open5GS from: /home/dzdysl/CoreCrisis/test_open5gs/open5gs
[core][INFO] Configuration: /home/dzdysl/CoreCrisis/test_open5gs/core.properties
[core][INFO] Core log: /home/dzdysl/CoreCrisis/test_open5gs/runs/20260804T034905Z-2b7f2823/raw/open5gs/core-session-072/core.log
[core][ERROR] Open5GS launcher finished with status 134
Finished starting up Core & gNodeB
Connecting to ue..
Timeout occurred for UE(Done)
Stopping nr-gnb: 17187
nr-gnb stopped.
Stopping nr-ue: 17204
nr-ue stopped.
No Open5GS test-core process is running from: /home/dzdysl/CoreCrisis/test_open5gs/open5gs
Open5GS stopped and session log writes were flushed.
RUNTIME_CONTRACT WARNING: Runtime file hash mismatch: scripts/start_core.sh expected=840ef0af6893870090daf095a53f3435122accb71b4f23b3e1575d92e6284658 actual=031fbab111baca97e1d910d8038ff4b07084fba888eafcce0d3173acc84f2d9c
Could not persist runtime warning: /home/dzdysl/CoreCrisis/test_open5gs/runs/20260804T034905Z-2b7f2823/raw/open5gs/core-session-073
[core][INFO] Launching Open5GS from: /home/dzdysl/CoreCrisis/test_open5gs/open5gs
[core][INFO] Configuration: /home/dzdysl/CoreCrisis/test_open5gs/core.properties
[core][INFO] Core log: /home/dzdysl/CoreCrisis/test_open5gs/runs/20260804T034905Z-2b7f2823/raw/open5gs/core-session-073/core.log
[core][ERROR] Open5GS launcher finished with status 134
Connecting to ue..
Timeout occurred for UE(Done)
Stopping nr-gnb: 17310
nr-gnb stopped.
Stopping nr-ue: 17327
nr-ue stopped.
No Open5GS test-core process is running from: /home/dzdysl/CoreCrisis/test_open5gs/open5gs
Open5GS stopped and session log writes were flushed.
RUNTIME_CONTRACT WARNING: Runtime file hash mismatch: scripts/start_core.sh expected=840ef0af6893870090daf095a53f3435122accb71b4f23b3e1575d92e6284658 actual=031fbab111baca97e1d910d8038ff4b07084fba888eafcce0d3173acc84f2d9c
Could not persist runtime warning: /home/dzdysl/CoreCrisis/test_open5gs/runs/20260804T034905Z-2b7f2823/raw/open5gs/core-session-074
[core][INFO] Launching Open5GS from: /home/dzdysl/CoreCrisis/test_open5gs/open5gs
[core][INFO] Configuration: /home/dzdysl/CoreCrisis/test_open5gs/core.properties
[core][INFO] Core log: /home/dzdysl/CoreCrisis/test_open5gs/runs/20260804T034905Z-2b7f2823/raw/open5gs/core-session-074/core.log
Connecting to ue..
Received = DONE
Connected with UE.
Sent Hello.
Received = Hi
Connected to ue.
Done with initializing the connection with UE, gNodeB, and Core.
Log executor: sending registrationRequest.
Reading from ue
Log executor: received(raw) authenticationRequest from rrc.
####registrationRequest/authenticationRequest####
Sequence 35 step 1: registrationRequest / authenticationRequest
Log executor: sending authenticationResponse.
Reading from ue
Log executor: received(raw) securityModeCommand from rrc.
####authenticationResponse/securityModeCommand####
Sequence 35 step 2: authenticationResponse / securityModeCommand
Log executor: sending securityModeReject.
Reading from ue
Timeout occured for securityModeReject
Sequence 35 step 3: securityModeReject / null_action
Log executor: sending registrationRequest.
Reading from ue
Log executor: received(raw) authenticationRequest from rrc.
####registrationRequest/authenticationRequest####
Sequence 35 step 4: registrationRequest / authenticationRequest
Log executor: sending authenticationResponse.
Reading from ue
Log executor: received(raw) securityModeCommand from rrc.
####authenticationResponse/securityModeCommand####
Sequence 35 step 5: authenticationResponse / securityModeCommand
Log executor: sending registrationRequest.
Reading from ue
Log executor: received(raw) authenticationRequest from rrc.
####registrationRequest/authenticationRequest####
Sequence 35 step 6: registrationRequest / authenticationRequest
Log executor: sending registrationRequest.
Reading from ue
Log executor: received(raw) authenticationRequest from rrc.
####registrationRequestGUTI/authenticationRequest####
Sequence 35 step 7: registrationRequestGUTI / authenticationRequest
Log executor: sending registrationRequest.
Reading from ue
Log executor: received(raw) authenticationRequest from rrc.
####registrationRequestGUTI/authenticationRequest####
Sequence 35 step 8: registrationRequestGUTI / authenticationRequest
Log executor: sending registrationRequest.
Reading from ue
Log executor: received(raw) authenticationRequest from rrc.
####registrationRequestGUTI/authenticationRequest####
Sequence 35 step 9: registrationRequestGUTI / authenticationRequest
Log executor: sending registrationRequest.
Reading from ue
Log executor: received(raw) authenticationRequest from rrc.
####registrationRequestGUTI/authenticationRequest####
Sequence 35 step 10: registrationRequestGUTI / authenticationRequest
Log executor: sending registrationRequest.
Reading from ue
Log executor: received(raw) authenticationRequest from rrc.
####registrationRequestGUTI/authenticationRequest####
Sequence 35 step 11: registrationRequestGUTI / authenticationRequest
Log executor: sending registrationRequest.
Reading from ue
Log executor: received(raw) authenticationRequest from rrc.
####registrationRequestGUTI/authenticationRequest####
Sequence 35 step 12: registrationRequestGUTI / authenticationRequest
Log executor: sending registrationRequest.
Reading from ue
Log executor: received(raw) authenticationRequest from rrc.
####registrationRequestGUTI/authenticationRequest####
Sequence 35 step 13: registrationRequestGUTI / authenticationRequest
Log executor: sending registrationRequest.
Reading from ue
Log executor: received(raw) authenticationRequest from rrc.
####registrationRequestGUTI/authenticationRequest####
Sequence 35 step 14: registrationRequestGUTI / authenticationRequest
Log executor: sending registrationRequest.
Reading from ue
Log executor: received(raw) authenticationRequest from rrc.
####registrationRequestGUTI/authenticationRequest####
Sequence 35 step 15: registrationRequestGUTI / authenticationRequest
Log executor: sending registrationRequest.
Reading from ue
Log executor: received(raw) authenticationRequest from rrc.
####registrationRequestGUTI/authenticationRequest####
Sequence 35 step 16: registrationRequestGUTI / authenticationRequest
=== Sequence 35 done ===
Stopping nr-ue: 17504
nr-ue stopped.
Stopping nr-gnb: 17486
nr-gnb stopped.
Stopping Open5GS test-core: 17405
[core][ERROR] Open5GS launcher finished with status 134
Open5GS stopped and session log writes were flushed.
=== Sequence 36 start ===
Nodes: 
Inputs: registrationRequest authenticationResponse securityModeComplete registrationComplete deregistrationRequest registrationRequest registrationRequest registrationRequest registrationRequest registrationRequest registrationRequest registrationRequest registrationRequest registrationRequest registrationRequest registrationRequest
Wire inputs: registrationRequest authenticationResponse securityModeComplete registrationComplete deregistrationRequest registrationRequest registrationRequest registrationRequest registrationRequest registrationRequest registrationRequest registrationRequest registrationRequest registrationRequest registrationRequest registrationRequest
Selected UERANSIM profile: open5gs (UERANSIM-gnb-999-70-1)
Starting Core & gNodeB & UE
nr-gnb is not running.
nr-ue is not running.
No Open5GS test-core process is running from: /home/dzdysl/CoreCrisis/test_open5gs/open5gs
Open5GS stopped and session log writes were flushed.
RUNTIME_CONTRACT WARNING: Runtime file hash mismatch: scripts/start_core.sh expected=840ef0af6893870090daf095a53f3435122accb71b4f23b3e1575d92e6284658 actual=031fbab111baca97e1d910d8038ff4b07084fba888eafcce0d3173acc84f2d9c
Could not persist runtime warning: /home/dzdysl/CoreCrisis/test_open5gs/runs/20260804T034905Z-2b7f2823/raw/open5gs/core-session-075
[core][INFO] Launching Open5GS from: /home/dzdysl/CoreCrisis/test_open5gs/open5gs
[core][INFO] Configuration: /home/dzdysl/CoreCrisis/test_open5gs/core.properties
[core][INFO] Core log: /home/dzdysl/CoreCrisis/test_open5gs/runs/20260804T034905Z-2b7f2823/raw/open5gs/core-session-075/core.log
[core][ERROR] Open5GS launcher finished with status 134
Finished starting up Core & gNodeB
Connecting to ue..
Timeout occurred for UE(Done)
Stopping nr-gnb: 17693
nr-gnb stopped.
Stopping nr-ue: 17710
nr-ue stopped.
No Open5GS test-core process is running from: /home/dzdysl/CoreCrisis/test_open5gs/open5gs
Open5GS stopped and session log writes were flushed.
RUNTIME_CONTRACT WARNING: Runtime file hash mismatch: scripts/start_core.sh expected=840ef0af6893870090daf095a53f3435122accb71b4f23b3e1575d92e6284658 actual=031fbab111baca97e1d910d8038ff4b07084fba888eafcce0d3173acc84f2d9c
Could not persist runtime warning: /home/dzdysl/CoreCrisis/test_open5gs/runs/20260804T034905Z-2b7f2823/raw/open5gs/core-session-076
[core][INFO] Launching Open5GS from: /home/dzdysl/CoreCrisis/test_open5gs/open5gs
[core][INFO] Configuration: /home/dzdysl/CoreCrisis/test_open5gs/core.properties
[core][INFO] Core log: /home/dzdysl/CoreCrisis/test_open5gs/runs/20260804T034905Z-2b7f2823/raw/open5gs/core-session-076/core.log
[core][ERROR] Open5GS launcher finished with status 134
Connecting to ue..
Timeout occurred for UE(Done)
Stopping nr-gnb: 17817
nr-gnb stopped.
Stopping nr-ue: 17834
nr-ue stopped.
No Open5GS test-core process is running from: /home/dzdysl/CoreCrisis/test_open5gs/open5gs
Open5GS stopped and session log writes were flushed.
RUNTIME_CONTRACT WARNING: Runtime file hash mismatch: scripts/start_core.sh expected=840ef0af6893870090daf095a53f3435122accb71b4f23b3e1575d92e6284658 actual=031fbab111baca97e1d910d8038ff4b07084fba888eafcce0d3173acc84f2d9c
Could not persist runtime warning: /home/dzdysl/CoreCrisis/test_open5gs/runs/20260804T034905Z-2b7f2823/raw/open5gs/core-session-077
[core][INFO] Launching Open5GS from: /home/dzdysl/CoreCrisis/test_open5gs/open5gs
[core][INFO] Configuration: /home/dzdysl/CoreCrisis/test_open5gs/core.properties
[core][INFO] Core log: /home/dzdysl/CoreCrisis/test_open5gs/runs/20260804T034905Z-2b7f2823/raw/open5gs/core-session-077/core.log
Connecting to ue..
Received = DONE
Connected with UE.
Sent Hello.
Received = Hi
Connected to ue.
Done with initializing the connection with UE, gNodeB, and Core.
Log executor: sending registrationRequest.
Reading from ue
Log executor: received(raw) authenticationRequest from rrc.
####registrationRequest/authenticationRequest####
Sequence 36 step 1: registrationRequest / authenticationRequest
Log executor: sending authenticationResponse.
Reading from ue
Log executor: received(raw) securityModeCommand from rrc.
####authenticationResponse/securityModeCommand####
Sequence 36 step 2: authenticationResponse / securityModeCommand
Log executor: sending securityModeComplete.
Reading from ue
Log executor: received(raw) registrationAccept from rrc.
####securityModeComplete/registrationAccept####
Sequence 36 step 3: securityModeComplete / registrationAccept
Log executor: sending registrationComplete.
Reading from ue
Log executor: received(raw) configurationUpdateCommand from rrc.
####registrationComplete/configurationUpdateCommand####
Sequence 36 step 4: registrationComplete / configurationUpdateCommand
Log executor: sending deregistrationRequest.
Reading from ue
Timeout occured for deregistrationRequest
Sequence 36 step 5: deregistrationRequest / null_action
Log executor: sending registrationRequest.
Reading from ue
Log executor: received(raw) authenticationRequest from rrc.
####registrationRequest/authenticationRequest####
Sequence 36 step 6: registrationRequest / authenticationRequest
Log executor: sending registrationRequest.
Reading from ue
Log executor: received(raw) authenticationRequest from rrc.
####registrationRequest/authenticationRequest####
Sequence 36 step 7: registrationRequest / authenticationRequest
Log executor: sending registrationRequest.
Reading from ue
Log executor: received(raw) authenticationRequest from rrc.
####registrationRequest/authenticationRequest####
Sequence 36 step 8: registrationRequest / authenticationRequest
Log executor: sending registrationRequest.
Reading from ue
Log executor: received(raw) authenticationRequest from rrc.
####registrationRequest/authenticationRequest####
Sequence 36 step 9: registrationRequest / authenticationRequest
Log executor: sending registrationRequest.
Reading from ue
Log executor: received(raw) authenticationRequest from rrc.
####registrationRequest/authenticationRequest####
Sequence 36 step 10: registrationRequest / authenticationRequest
Log executor: sending registrationRequest.
Reading from ue
Log executor: received(raw) authenticationRequest from rrc.
####registrationRequest/authenticationRequest####
Sequence 36 step 11: registrationRequest / authenticationRequest
Log executor: sending registrationRequest.
Reading from ue
Log executor: received(raw) authenticationRequest from rrc.
####registrationRequest/authenticationRequest####
Sequence 36 step 12: registrationRequest / authenticationRequest
Log executor: sending registrationRequest.
Reading from ue
Log executor: received(raw) authenticationRequest from rrc.
####registrationRequest/authenticationRequest####
Sequence 36 step 13: registrationRequest / authenticationRequest
Log executor: sending registrationRequest.
Reading from ue
Log executor: received(raw) authenticationRequest from rrc.
####registrationRequest/authenticationRequest####
Sequence 36 step 14: registrationRequest / authenticationRequest
Log executor: sending registrationRequest.
Reading from ue
Log executor: received(raw) authenticationRequest from rrc.
####registrationRequest/authenticationRequest####
Sequence 36 step 15: registrationRequest / authenticationRequest
Log executor: sending registrationRequest.
Reading from ue
Log executor: received(raw) authenticationRequest from rrc.
####registrationRequest/authenticationRequest####
Sequence 36 step 16: registrationRequest / authenticationRequest
=== Sequence 36 done ===
Stopping nr-ue: 18013
nr-ue stopped.
Stopping nr-gnb: 17995
nr-gnb stopped.
Stopping Open5GS test-core: 17914
[core][ERROR] Open5GS launcher finished with status 134
Open5GS stopped and session log writes were flushed.
=== Sequence 37 start ===
Nodes: 
Inputs: registrationRequest authenticationResponse securityModeComplete registrationComplete deregistrationRequest registrationRequest registrationRequestGUTI registrationRequestGUTI registrationRequestGUTI registrationRequestGUTI registrationRequestGUTI registrationRequestGUTI registrationRequestGUTI registrationRequestGUTI registrationRequestGUTI registrationRequestGUTI
Wire inputs: registrationRequest authenticationResponse securityModeComplete registrationComplete deregistrationRequest registrationRequest registrationRequestGUTI registrationRequestGUTI registrationRequestGUTI registrationRequestGUTI registrationRequestGUTI registrationRequestGUTI registrationRequestGUTI registrationRequestGUTI registrationRequestGUTI registrationRequestGUTI
Selected UERANSIM profile: open5gs (UERANSIM-gnb-999-70-1)
Starting Core & gNodeB & UE
nr-gnb is not running.
nr-ue is not running.
No Open5GS test-core process is running from: /home/dzdysl/CoreCrisis/test_open5gs/open5gs
Open5GS stopped and session log writes were flushed.
RUNTIME_CONTRACT WARNING: Runtime file hash mismatch: scripts/start_core.sh expected=840ef0af6893870090daf095a53f3435122accb71b4f23b3e1575d92e6284658 actual=031fbab111baca97e1d910d8038ff4b07084fba888eafcce0d3173acc84f2d9c
Could not persist runtime warning: /home/dzdysl/CoreCrisis/test_open5gs/runs/20260804T034905Z-2b7f2823/raw/open5gs/core-session-078
[core][INFO] Launching Open5GS from: /home/dzdysl/CoreCrisis/test_open5gs/open5gs
[core][INFO] Configuration: /home/dzdysl/CoreCrisis/test_open5gs/core.properties
[core][INFO] Core log: /home/dzdysl/CoreCrisis/test_open5gs/runs/20260804T034905Z-2b7f2823/raw/open5gs/core-session-078/core.log
[core][ERROR] Open5GS launcher finished with status 134
Finished starting up Core & gNodeB
Connecting to ue..
Timeout occurred for UE(Done)
Stopping nr-gnb: 18203
nr-gnb stopped.
Stopping nr-ue: 18220
nr-ue stopped.
No Open5GS test-core process is running from: /home/dzdysl/CoreCrisis/test_open5gs/open5gs
Open5GS stopped and session log writes were flushed.
RUNTIME_CONTRACT WARNING: Runtime file hash mismatch: scripts/start_core.sh expected=840ef0af6893870090daf095a53f3435122accb71b4f23b3e1575d92e6284658 actual=031fbab111baca97e1d910d8038ff4b07084fba888eafcce0d3173acc84f2d9c
Could not persist runtime warning: /home/dzdysl/CoreCrisis/test_open5gs/runs/20260804T034905Z-2b7f2823/raw/open5gs/core-session-079
[core][INFO] Launching Open5GS from: /home/dzdysl/CoreCrisis/test_open5gs/open5gs
[core][INFO] Configuration: /home/dzdysl/CoreCrisis/test_open5gs/core.properties
[core][INFO] Core log: /home/dzdysl/CoreCrisis/test_open5gs/runs/20260804T034905Z-2b7f2823/raw/open5gs/core-session-079/core.log
[core][ERROR] Open5GS launcher finished with status 134
Connecting to ue..
Timeout occurred for UE(Done)
Stopping nr-gnb: 18325
nr-gnb stopped.
Stopping nr-ue: 18342
nr-ue stopped.
No Open5GS test-core process is running from: /home/dzdysl/CoreCrisis/test_open5gs/open5gs
Open5GS stopped and session log writes were flushed.
RUNTIME_CONTRACT WARNING: Runtime file hash mismatch: scripts/start_core.sh expected=840ef0af6893870090daf095a53f3435122accb71b4f23b3e1575d92e6284658 actual=031fbab111baca97e1d910d8038ff4b07084fba888eafcce0d3173acc84f2d9c
Could not persist runtime warning: /home/dzdysl/CoreCrisis/test_open5gs/runs/20260804T034905Z-2b7f2823/raw/open5gs/core-session-080
[core][INFO] Launching Open5GS from: /home/dzdysl/CoreCrisis/test_open5gs/open5gs
[core][INFO] Configuration: /home/dzdysl/CoreCrisis/test_open5gs/core.properties
[core][INFO] Core log: /home/dzdysl/CoreCrisis/test_open5gs/runs/20260804T034905Z-2b7f2823/raw/open5gs/core-session-080/core.log
Connecting to ue..
Received = DONE
Connected with UE.
Sent Hello.
Received = Hi
Connected to ue.
Done with initializing the connection with UE, gNodeB, and Core.
Log executor: sending registrationRequest.
Reading from ue
Log executor: received(raw) authenticationRequest from rrc.
####registrationRequest/authenticationRequest####
Sequence 37 step 1: registrationRequest / authenticationRequest
Log executor: sending authenticationResponse.
Reading from ue
Log executor: received(raw) securityModeCommand from rrc.
####authenticationResponse/securityModeCommand####
Sequence 37 step 2: authenticationResponse / securityModeCommand
Log executor: sending securityModeComplete.
Reading from ue
Log executor: received(raw) registrationAccept from rrc.
####securityModeComplete/registrationAccept####
Sequence 37 step 3: securityModeComplete / registrationAccept
Log executor: sending registrationComplete.
Reading from ue
Log executor: received(raw) configurationUpdateCommand from rrc.
####registrationComplete/configurationUpdateCommand####
Sequence 37 step 4: registrationComplete / configurationUpdateCommand
Log executor: sending deregistrationRequest.
Reading from ue
Timeout occured for deregistrationRequest
Sequence 37 step 5: deregistrationRequest / null_action
Log executor: sending registrationRequest.
Reading from ue
Log executor: received(raw) authenticationRequest from rrc.
####registrationRequest/authenticationRequest####
Sequence 37 step 6: registrationRequest / authenticationRequest
Log executor: sending registrationRequest.
Reading from ue
Log executor: received(raw) authenticationRequest from rrc.
####registrationRequestGUTI/authenticationRequest####
Sequence 37 step 7: registrationRequestGUTI / authenticationRequest
Log executor: sending registrationRequest.
Reading from ue
Log executor: received(raw) authenticationRequest from rrc.
####registrationRequestGUTI/authenticationRequest####
Sequence 37 step 8: registrationRequestGUTI / authenticationRequest
Log executor: sending registrationRequest.
Reading from ue
Log executor: received(raw) authenticationRequest from rrc.
####registrationRequestGUTI/authenticationRequest####
Sequence 37 step 9: registrationRequestGUTI / authenticationRequest
Log executor: sending registrationRequest.
Reading from ue
Log executor: received(raw) authenticationRequest from rrc.
####registrationRequestGUTI/authenticationRequest####
Sequence 37 step 10: registrationRequestGUTI / authenticationRequest
Log executor: sending registrationRequest.
Reading from ue
Log executor: received(raw) authenticationRequest from rrc.
####registrationRequestGUTI/authenticationRequest####
Sequence 37 step 11: registrationRequestGUTI / authenticationRequest
Log executor: sending registrationRequest.
Reading from ue
Log executor: received(raw) authenticationRequest from rrc.
####registrationRequestGUTI/authenticationRequest####
Sequence 37 step 12: registrationRequestGUTI / authenticationRequest
Log executor: sending registrationRequest.
Reading from ue
Log executor: received(raw) authenticationRequest from rrc.
####registrationRequestGUTI/authenticationRequest####
Sequence 37 step 13: registrationRequestGUTI / authenticationRequest
Log executor: sending registrationRequest.
Reading from ue
Log executor: received(raw) authenticationRequest from rrc.
####registrationRequestGUTI/authenticationRequest####
Sequence 37 step 14: registrationRequestGUTI / authenticationRequest
Log executor: sending registrationRequest.
Reading from ue
Log executor: received(raw) authenticationRequest from rrc.
####registrationRequestGUTI/authenticationRequest####
Sequence 37 step 15: registrationRequestGUTI / authenticationRequest
Log executor: sending registrationRequest.
Reading from ue
Log executor: received(raw) authenticationRequest from rrc.
####registrationRequestGUTI/authenticationRequest####
Sequence 37 step 16: registrationRequestGUTI / authenticationRequest
=== Sequence 37 done ===
Stopping nr-ue: 18520
nr-ue stopped.
Stopping nr-gnb: 18502
nr-gnb stopped.
Stopping Open5GS test-core: 18421
[core][ERROR] Open5GS launcher finished with status 134
Open5GS stopped and session log writes were flushed.
Raw trace file kept: /home/dzdysl/CoreCrisis/test_open5gs/runs/20260804T034905Z-2b7f2823/statelearner_trace.jsonl
Cleaned trace file: /home/dzdysl/CoreCrisis/test_open5gs/runs/20260804T034905Z-2b7f2823/statelearner_trace.cleaned.jsonl
Cleaned trace lines: 498
=== Sequence testing summary ===
Primary total: 37
Primary kept: 37
Retry triggered: 0
Retry suffix success: 0
Retry return failed original ids: []
Retry suffix still null original ids: []
Failed primary ids: []
Failed retry original ids: []
No suffix ids kept as-is: []
Final kept sequences: 37
