Open5GS daemon v2.6.6

[32m07/31 02:29:51.605[0m: [[33mapp[0m] [1;32mINFO[0m: Configuration: '/home/dzdysl/CoreCrisis/test_open5gs/open5gs/build/configs/sample.yaml' (../lib/app/ogs-init.c:126)
Open5GS daemon v2.6.6

[32m07/31 02:29:51.609[0m: [[33mapp[0m] [1;32mINFO[0m: Configuration: '/home/dzdysl/CoreCrisis/test_open5gs/open5gs/build/configs/sample.yaml' (../lib/app/ogs-init.c:126)
[32m07/31 02:29:51.611[0m: [[33msbi[0m] [1;32mINFO[0m: nghttp2_server() [http://127.0.0.10]:7777 (../lib/sbi/nghttp2-server.c:395)
[32m07/31 02:29:51.611[0m: [[33msbi[0m] [1;32mINFO[0m: nghttp2_server() [http://::1]:7777 (../lib/sbi/nghttp2-server.c:395)
[32m07/31 02:29:51.611[0m: [[33mapp[0m] [1;32mINFO[0m: NRF initialize...done (../src/nrf/app.c:31)
Open5GS daemon v2.6.6

[32m07/31 02:29:51.660[0m: [[33mapp[0m] [1;32mINFO[0m: Configuration: '/home/dzdysl/CoreCrisis/test_open5gs/open5gs/build/configs/sample.yaml' (../lib/app/ogs-init.c:126)
[32m07/31 02:29:51.662[0m: [[33msbi[0m] [1;32mINFO[0m: nghttp2_server() [http://127.0.1.10]:7777 (../lib/sbi/nghttp2-server.c:395)
[32m07/31 02:29:51.662[0m: [[33mapp[0m] [1;32mINFO[0m: SCP initialize...done (../src/scp/app.c:31)
[32m07/31 02:29:51.663[0m: [[33mnrf[0m] [1;32mINFO[0m: [61be8554-8cc2-41f1-933e-9f68ebaa64dc] NF registered [Heartbeat:10s] (../src/nrf/nf-sm.c:190)
[32m07/31 02:29:51.663[0m: [[33msbi[0m] [1;32mINFO[0m: [61be8554-8cc2-41f1-933e-9f68ebaa64dc] NF registered [Heartbeat:10s] (../lib/sbi/nf-sm.c:214)
[32m07/31 02:29:51.664[0m: [[33mnrf[0m] [1;32mINFO[0m: [61bee8fa-8cc2-41f1-a9ba-fd4401ac1f4d] Subscription created until 2026-08-01T02:29:51.664167-07:00 [validity_duration:86400] (../src/nrf/nnrf-handler.c:375)
[32m07/31 02:29:51.664[0m: [[33mnrf[0m] [1;32mINFO[0m: [61beedaa-8cc2-41f1-a9ba-fd4401ac1f4d] Subscription created until 2026-08-01T02:29:51.664275-07:00 [validity_duration:86400] (../src/nrf/nnrf-handler.c:375)
[32m07/31 02:29:51.664[0m: [[33mnrf[0m] [1;32mINFO[0m: [61beeeea-8cc2-41f1-a9ba-fd4401ac1f4d] Subscription created until 2026-08-01T02:29:51.664307-07:00 [validity_duration:86400] (../src/nrf/nnrf-handler.c:375)
[32m07/31 02:29:51.664[0m: [[33mnrf[0m] [1;32mINFO[0m: [61bef002-8cc2-41f1-a9ba-fd4401ac1f4d] Subscription created until 2026-08-01T02:29:51.664334-07:00 [validity_duration:86400] (../src/nrf/nnrf-handler.c:375)
[32m07/31 02:29:51.664[0m: [[33mnrf[0m] [1;32mINFO[0m: [61bef11a-8cc2-41f1-a9ba-fd4401ac1f4d] Subscription created until 2026-08-01T02:29:51.664362-07:00 [validity_duration:86400] (../src/nrf/nnrf-handler.c:375)
[32m07/31 02:29:51.664[0m: [[33mnrf[0m] [1;32mINFO[0m: [61bef214-8cc2-41f1-a9ba-fd4401ac1f4d] Subscription created until 2026-08-01T02:29:51.664387-07:00 [validity_duration:86400] (../src/nrf/nnrf-handler.c:375)
[32m07/31 02:29:51.664[0m: [[33mnrf[0m] [1;32mINFO[0m: [61bef4e4-8cc2-41f1-a9ba-fd4401ac1f4d] Subscription created until 2026-08-01T02:29:51.664459-07:00 [validity_duration:86400] (../src/nrf/nnrf-handler.c:375)
[32m07/31 02:29:51.664[0m: [[33mnrf[0m] [1;32mINFO[0m: [61bef5a2-8cc2-41f1-a9ba-fd4401ac1f4d] Subscription created until 2026-08-01T02:29:51.664478-07:00 [validity_duration:86400] (../src/nrf/nnrf-handler.c:375)
[32m07/31 02:29:51.664[0m: [[33msbi[0m] [1;32mINFO[0m: [61bee8fa-8cc2-41f1-a9ba-fd4401ac1f4d] Subscription created until 2026-08-01T02:29:51.664167-07:00 [duration:86400,validity:86399.999645,patch:43199.999822] (../lib/sbi/nnrf-handler.c:509)
[32m07/31 02:29:51.664[0m: [[33msbi[0m] [1;32mINFO[0m: [61beedaa-8cc2-41f1-a9ba-fd4401ac1f4d] Subscription created until 2026-08-01T02:29:51.664275-07:00 [duration:86400,validity:86399.999687,patch:43199.999843] (../lib/sbi/nnrf-handler.c:509)
[32m07/31 02:29:51.664[0m: [[33msbi[0m] [1;32mINFO[0m: [61beeeea-8cc2-41f1-a9ba-fd4401ac1f4d] Subscription created until 2026-08-01T02:29:51.664307-07:00 [duration:86400,validity:86399.999711,patch:43199.999855] (../lib/sbi/nnrf-handler.c:509)
[32m07/31 02:29:51.664[0m: [[33msbi[0m] [1;32mINFO[0m: [61bef002-8cc2-41f1-a9ba-fd4401ac1f4d] Subscription created until 2026-08-01T02:29:51.664334-07:00 [duration:86400,validity:86399.999720,patch:43199.999860] (../lib/sbi/nnrf-handler.c:509)
[32m07/31 02:29:51.664[0m: [[33msbi[0m] [1;32mINFO[0m: [61bef11a-8cc2-41f1-a9ba-fd4401ac1f4d] Subscription created until 2026-08-01T02:29:51.664362-07:00 [duration:86400,validity:86399.999742,patch:43199.999871] (../lib/sbi/nnrf-handler.c:509)
[32m07/31 02:29:51.664[0m: [[33msbi[0m] [1;32mINFO[0m: [61bef214-8cc2-41f1-a9ba-fd4401ac1f4d] Subscription created until 2026-08-01T02:29:51.664387-07:00 [duration:86400,validity:86399.999754,patch:43199.999877] (../lib/sbi/nnrf-handler.c:509)
[32m07/31 02:29:51.664[0m: [[33msbi[0m] [1;32mINFO[0m: [61bef4e4-8cc2-41f1-a9ba-fd4401ac1f4d] Subscription created until 2026-08-01T02:29:51.664459-07:00 [duration:86400,validity:86399.999783,patch:43199.999891] (../lib/sbi/nnrf-handler.c:509)
[32m07/31 02:29:51.664[0m: [[33msbi[0m] [1;32mINFO[0m: [61bef5a2-8cc2-41f1-a9ba-fd4401ac1f4d] Subscription created until 2026-08-01T02:29:51.664478-07:00 [duration:86400,validity:86399.999737,patch:43199.999868] (../lib/sbi/nnrf-handler.c:509)
Open5GS daemon v2.6.6

[32m07/31 02:29:51.712[0m: [[33mapp[0m] [1;32mINFO[0m: Configuration: '/home/dzdysl/CoreCrisis/test_open5gs/open5gs/build/configs/sample.yaml' (../lib/app/ogs-init.c:126)
[32m07/31 02:29:51.725[0m: [[33mmetrics[0m] [1;32mINFO[0m: metrics_server() [http://127.0.0.7]:9090 (../lib/metrics/prometheus/context.c:299)
[32m07/31 02:29:51.725[0m: [[33mpfcp[0m] [1;32mINFO[0m: pfcp_server() [127.0.0.7]:8805 (../lib/pfcp/path.c:30)
[32m07/31 02:29:51.725[0m: [[33mpfcp[0m] [1;32mINFO[0m: ogs_pfcp_connect() [127.0.0.4]:8805 (../lib/pfcp/path.c:61)
[32m07/31 02:29:51.725[0m: [[33mgtp[0m] [1;32mINFO[0m: gtp_server() [127.0.0.7]:2152 (../lib/gtp/path.c:30)
[32m07/31 02:29:51.734[0m: [[33mapp[0m] [1;32mINFO[0m: UPF initialize...done (../src/upf/app.c:31)
Open5GS daemon v2.6.6

[32m07/31 02:29:51.766[0m: [[33mapp[0m] [1;32mINFO[0m: Configuration: '/home/dzdysl/CoreCrisis/test_open5gs/open5gs/build/configs/sample.yaml' (../lib/app/ogs-init.c:126)
[32m07/31 02:29:51.783[0m: [[33mmetrics[0m] [1;32mINFO[0m: metrics_server() [http://127.0.0.4]:9090 (../lib/metrics/prometheus/context.c:299)
[32m07/31 02:29:51.795[0m: [[33mgtp[0m] [1;32mINFO[0m: gtp_server() [127.0.0.4]:2123 (../lib/gtp/path.c:30)
[32m07/31 02:29:51.795[0m: [[33mgtp[0m] [1;32mINFO[0m: gtp_server() [::1]:2123 (../lib/gtp/path.c:30)
[32m07/31 02:29:51.795[0m: [[33mgtp[0m] [1;32mINFO[0m: gtp_server() [127.0.0.4]:2152 (../lib/gtp/path.c:30)
[32m07/31 02:29:51.795[0m: [[33mgtp[0m] [1;32mINFO[0m: gtp_server() [::1]:2152 (../lib/gtp/path.c:30)
[32m07/31 02:29:51.795[0m: [[33mpfcp[0m] [1;32mINFO[0m: pfcp_server() [127.0.0.4]:8805 (../lib/pfcp/path.c:30)
[32m07/31 02:29:51.795[0m: [[33mpfcp[0m] [1;32mINFO[0m: ogs_pfcp_connect() [127.0.0.7]:8805 (../lib/pfcp/path.c:61)
[32m07/31 02:29:51.796[0m: [[33mupf[0m] [1;32mINFO[0m: PFCP associated [127.0.0.4]:8805 (../src/upf/pfcp-sm.c:184)
[32m07/31 02:29:51.796[0m: [[33msbi[0m] [1;32mINFO[0m: NF Service [nsmf-pdusession] (../lib/sbi/context.c:1438)
[32m07/31 02:29:51.796[0m: [[33msbi[0m] [1;32mINFO[0m: nghttp2_server() [http://127.0.0.4]:7777 (../lib/sbi/nghttp2-server.c:395)
[32m07/31 02:29:51.796[0m: [[33mapp[0m] [1;32mINFO[0m: SMF initialize...done (../src/smf/app.c:31)
[32m07/31 02:29:51.797[0m: [[33msmf[0m] [1;32mINFO[0m: PFCP associated [127.0.0.7]:8805 (../src/smf/pfcp-sm.c:196)
[32m07/31 02:29:51.797[0m: [[33mnrf[0m] [1;32mINFO[0m: [61d0b3be-8cc2-41f1-a59a-7d461f04089d] NF registered [Heartbeat:10s] (../src/nrf/nf-sm.c:190)
[32m07/31 02:29:51.798[0m: [[33msbi[0m] [1;32mINFO[0m: [61d0b3be-8cc2-41f1-a59a-7d461f04089d] (NRF-notify) NF registered (../lib/sbi/nnrf-handler.c:725)
[32m07/31 02:29:51.798[0m: [[33msbi[0m] [1;32mINFO[0m: [61d0b3be-8cc2-41f1-a59a-7d461f04089d] (NRF-notify) NF Profile updated (../lib/sbi/nnrf-handler.c:735)
[32m07/31 02:29:51.798[0m: [[33msbi[0m] [1;32mINFO[0m: [61d0b3be-8cc2-41f1-a59a-7d461f04089d] NF registered [Heartbeat:10s] (../lib/sbi/nf-sm.c:214)
[32m07/31 02:29:51.798[0m: [[33mnrf[0m] [1;32mINFO[0m: [61d36c3a-8cc2-41f1-a9ba-fd4401ac1f4d] Subscription created until 2026-08-01T02:29:51.798604-07:00 [validity_duration:86400] (../src/nrf/nnrf-handler.c:375)
[32m07/31 02:29:51.798[0m: [[33mnrf[0m] [1;32mINFO[0m: [61d37022-8cc2-41f1-a9ba-fd4401ac1f4d] Subscription created until 2026-08-01T02:29:51.798687-07:00 [validity_duration:86400] (../src/nrf/nnrf-handler.c:375)
[32m07/31 02:29:51.798[0m: [[33mnrf[0m] [1;32mINFO[0m: [61d3711c-8cc2-41f1-a9ba-fd4401ac1f4d] Subscription created until 2026-08-01T02:29:51.798712-07:00 [validity_duration:86400] (../src/nrf/nnrf-handler.c:375)
[32m07/31 02:29:51.798[0m: [[33mnrf[0m] [1;32mINFO[0m: [61d371b2-8cc2-41f1-a9ba-fd4401ac1f4d] Subscription created until 2026-08-01T02:29:51.798726-07:00 [validity_duration:86400] (../src/nrf/nnrf-handler.c:375)
[32m07/31 02:29:51.798[0m: [[33msbi[0m] [1;32mINFO[0m: [61d36c3a-8cc2-41f1-a9ba-fd4401ac1f4d] Subscription created until 2026-08-01T02:29:51.798604-07:00 [duration:86400,validity:86399.999643,patch:43199.999821] (../lib/sbi/nnrf-handler.c:509)
[32m07/31 02:29:51.799[0m: [[33msbi[0m] [1;32mINFO[0m: [61d37022-8cc2-41f1-a9ba-fd4401ac1f4d] Subscription created until 2026-08-01T02:29:51.798687-07:00 [duration:86400,validity:86399.999634,patch:43199.999817] (../lib/sbi/nnrf-handler.c:509)
[32m07/31 02:29:51.799[0m: [[33msbi[0m] [1;32mINFO[0m: [61d3711c-8cc2-41f1-a9ba-fd4401ac1f4d] Subscription created until 2026-08-01T02:29:51.798712-07:00 [duration:86400,validity:86399.999626,patch:43199.999813] (../lib/sbi/nnrf-handler.c:509)
[32m07/31 02:29:51.799[0m: [[33msbi[0m] [1;32mINFO[0m: [61d371b2-8cc2-41f1-a9ba-fd4401ac1f4d] Subscription created until 2026-08-01T02:29:51.798726-07:00 [duration:86400,validity:86399.999575,patch:43199.999787] (../lib/sbi/nnrf-handler.c:509)
Open5GS daemon v2.6.6

[32m07/31 02:29:51.816[0m: [[33mapp[0m] [1;32mINFO[0m: Configuration: '/home/dzdysl/CoreCrisis/test_open5gs/open5gs/build/configs/sample.yaml' (../lib/app/ogs-init.c:126)
[32m07/31 02:29:51.817[0m: [[33mmetrics[0m] [1;32mINFO[0m: metrics_server() [http://127.0.0.5]:9090 (../lib/metrics/prometheus/context.c:299)
[32m07/31 02:29:51.817[0m: [[33msbi[0m] [1;32mINFO[0m: NF Service [namf-comm] (../lib/sbi/context.c:1438)
[32m07/31 02:29:51.818[0m: [[33msbi[0m] [1;32mINFO[0m: nghttp2_server() [http://127.0.0.5]:7777 (../lib/sbi/nghttp2-server.c:395)
[32m07/31 02:29:51.818[0m: [[33mamf[0m] [1;32mINFO[0m: ngap_server() [127.0.0.5]:38412 (../src/amf/ngap-sctp.c:61)
[32m07/31 02:29:51.818[0m: [[33msctp[0m] [1;32mINFO[0m: AMF initialize...done (../src/amf/app.c:33)
[32m07/31 02:29:51.819[0m: [[33mnrf[0m] [1;32mINFO[0m: [61d647f2-8cc2-41f1-ac26-79527cedd834] NF registered [Heartbeat:10s] (../src/nrf/nf-sm.c:190)
[32m07/31 02:29:51.819[0m: [[33msbi[0m] [1;32mINFO[0m: [61d647f2-8cc2-41f1-ac26-79527cedd834] (NRF-notify) NF registered (../lib/sbi/nnrf-handler.c:725)
[32m07/31 02:29:51.819[0m: [[33msbi[0m] [1;32mINFO[0m: [61d647f2-8cc2-41f1-ac26-79527cedd834] (NRF-notify) NF Profile updated (../lib/sbi/nnrf-handler.c:735)
[32m07/31 02:29:51.819[0m: [[33msbi[0m] [1;32mINFO[0m: [61d647f2-8cc2-41f1-ac26-79527cedd834] NF registered [Heartbeat:10s] (../lib/sbi/nf-sm.c:214)
[32m07/31 02:29:51.819[0m: [[33msbi[0m] [1;32mINFO[0m: [61d647f2-8cc2-41f1-ac26-79527cedd834] (NRF-notify) NF registered (../lib/sbi/nnrf-handler.c:725)
[32m07/31 02:29:51.819[0m: [[33msbi[0m] [1;32mINFO[0m: [61d647f2-8cc2-41f1-ac26-79527cedd834] (NRF-notify) NF Profile updated (../lib/sbi/nnrf-handler.c:735)
[32m07/31 02:29:51.820[0m: [[33mnrf[0m] [1;32mINFO[0m: [61d6b62e-8cc2-41f1-a9ba-fd4401ac1f4d] Subscription created until 2026-08-01T02:29:51.820159-07:00 [validity_duration:86400] (../src/nrf/nnrf-handler.c:375)
[32m07/31 02:29:51.820[0m: [[33mnrf[0m] [1;32mINFO[0m: [61d6b994-8cc2-41f1-a9ba-fd4401ac1f4d] Subscription created until 2026-08-01T02:29:51.820228-07:00 [validity_duration:86400] (../src/nrf/nnrf-handler.c:375)
[32m07/31 02:29:51.820[0m: [[33mnrf[0m] [1;32mINFO[0m: [61d6bc32-8cc2-41f1-a9ba-fd4401ac1f4d] Subscription created until 2026-08-01T02:29:51.820295-07:00 [validity_duration:86400] (../src/nrf/nnrf-handler.c:375)
[32m07/31 02:29:51.820[0m: [[33mnrf[0m] [1;32mINFO[0m: [61d6c61e-8cc2-41f1-a9ba-fd4401ac1f4d] Subscription created until 2026-08-01T02:29:51.820553-07:00 [validity_duration:86400] (../src/nrf/nnrf-handler.c:375)
[32m07/31 02:29:51.820[0m: [[33mnrf[0m] [1;32mINFO[0m: [61d6c894-8cc2-41f1-a9ba-fd4401ac1f4d] Subscription created until 2026-08-01T02:29:51.820611-07:00 [validity_duration:86400] (../src/nrf/nnrf-handler.c:375)
[32m07/31 02:29:51.820[0m: [[33mnrf[0m] [1;32mINFO[0m: [61d6caec-8cc2-41f1-a9ba-fd4401ac1f4d] Subscription created until 2026-08-01T02:29:51.820671-07:00 [validity_duration:86400] (../src/nrf/nnrf-handler.c:375)
[32m07/31 02:29:51.820[0m: [[33msbi[0m] [1;32mINFO[0m: [61d6b62e-8cc2-41f1-a9ba-fd4401ac1f4d] Subscription created until 2026-08-01T02:29:51.820159-07:00 [duration:86400,validity:86399.999295,patch:43199.999647] (../lib/sbi/nnrf-handler.c:509)
[32m07/31 02:29:51.820[0m: [[33msbi[0m] [1;32mINFO[0m: [61d6b994-8cc2-41f1-a9ba-fd4401ac1f4d] Subscription created until 2026-08-01T02:29:51.820228-07:00 [duration:86400,validity:86399.999340,patch:43199.999670] (../lib/sbi/nnrf-handler.c:509)
[32m07/31 02:29:51.820[0m: [[33msbi[0m] [1;32mINFO[0m: [61d6bc32-8cc2-41f1-a9ba-fd4401ac1f4d] Subscription created until 2026-08-01T02:29:51.820295-07:00 [duration:86400,validity:86399.999383,patch:43199.999691] (../lib/sbi/nnrf-handler.c:509)
[32m07/31 02:29:51.820[0m: [[33msbi[0m] [1;32mINFO[0m: [61d6c61e-8cc2-41f1-a9ba-fd4401ac1f4d] Subscription created until 2026-08-01T02:29:51.820553-07:00 [duration:86400,validity:86399.999628,patch:43199.999814] (../lib/sbi/nnrf-handler.c:509)
[32m07/31 02:29:51.820[0m: [[33msbi[0m] [1;32mINFO[0m: [61d6c894-8cc2-41f1-a9ba-fd4401ac1f4d] Subscription created until 2026-08-01T02:29:51.820611-07:00 [duration:86400,validity:86399.999675,patch:43199.999837] (../lib/sbi/nnrf-handler.c:509)
[32m07/31 02:29:51.820[0m: [[33msbi[0m] [1;32mINFO[0m: [61d6caec-8cc2-41f1-a9ba-fd4401ac1f4d] Subscription created until 2026-08-01T02:29:51.820671-07:00 [duration:86400,validity:86399.999723,patch:43199.999861] (../lib/sbi/nnrf-handler.c:509)
Open5GS daemon v2.6.6

[32m07/31 02:29:51.865[0m: [[33mapp[0m] [1;32mINFO[0m: Configuration: '/home/dzdysl/CoreCrisis/test_open5gs/open5gs/build/configs/sample.yaml' (../lib/app/ogs-init.c:126)
[32m07/31 02:29:51.866[0m: [[33msbi[0m] [1;32mINFO[0m: NF Service [nausf-auth] (../lib/sbi/context.c:1438)
[32m07/31 02:29:51.867[0m: [[33msbi[0m] [1;32mINFO[0m: nghttp2_server() [http://127.0.0.11]:7777 (../lib/sbi/nghttp2-server.c:395)
[32m07/31 02:29:51.867[0m: [[33mapp[0m] [1;32mINFO[0m: AUSF initialize...done (../src/ausf/app.c:31)
[32m07/31 02:29:51.868[0m: [[33mnrf[0m] [1;32mINFO[0m: [61ddd42c-8cc2-41f1-a3b3-4bf00f11cd47] NF registered [Heartbeat:10s] (../src/nrf/nf-sm.c:190)
[32m07/31 02:29:51.869[0m: [[33msbi[0m] [1;32mINFO[0m: [61ddd42c-8cc2-41f1-a3b3-4bf00f11cd47] (NRF-notify) NF registered (../lib/sbi/nnrf-handler.c:725)
[32m07/31 02:29:51.869[0m: [[33msbi[0m] [1;32mINFO[0m: [61ddd42c-8cc2-41f1-a3b3-4bf00f11cd47] (NRF-notify) NF Profile updated (../lib/sbi/nnrf-handler.c:735)
[32m07/31 02:29:51.869[0m: [[33msbi[0m] [1;32mINFO[0m: [61ddd42c-8cc2-41f1-a3b3-4bf00f11cd47] NF registered [Heartbeat:10s] (../lib/sbi/nf-sm.c:214)
[32m07/31 02:29:51.869[0m: [[33msbi[0m] [1;32mINFO[0m: [61ddd42c-8cc2-41f1-a3b3-4bf00f11cd47] (NRF-notify) NF registered (../lib/sbi/nnrf-handler.c:725)
[32m07/31 02:29:51.869[0m: [[33msbi[0m] [1;32mINFO[0m: [61ddd42c-8cc2-41f1-a3b3-4bf00f11cd47] (NRF-notify) NF Profile updated (../lib/sbi/nnrf-handler.c:735)
[32m07/31 02:29:51.869[0m: [[33mnrf[0m] [1;32mINFO[0m: [61de4f92-8cc2-41f1-a9ba-fd4401ac1f4d] Subscription created until 2026-08-01T02:29:51.869959-07:00 [validity_duration:86400] (../src/nrf/nnrf-handler.c:375)
[32m07/31 02:29:51.870[0m: [[33msbi[0m] [1;32mINFO[0m: [61de4f92-8cc2-41f1-a9ba-fd4401ac1f4d] Subscription created until 2026-08-01T02:29:51.869959-07:00 [duration:86400,validity:86399.999797,patch:43199.999898] (../lib/sbi/nnrf-handler.c:509)
Open5GS daemon v2.6.6

[32m07/31 02:29:51.915[0m: [[33mapp[0m] [1;32mINFO[0m: Configuration: '/home/dzdysl/CoreCrisis/test_open5gs/open5gs/build/configs/sample.yaml' (../lib/app/ogs-init.c:126)
[32m07/31 02:29:51.915[0m: [[33msbi[0m] [1;32mINFO[0m: NF Service [nudm-ueau] (../lib/sbi/context.c:1438)
[32m07/31 02:29:51.915[0m: [[33msbi[0m] [1;32mINFO[0m: NF Service [nudm-uecm] (../lib/sbi/context.c:1438)
[32m07/31 02:29:51.915[0m: [[33msbi[0m] [1;32mINFO[0m: NF Service [nudm-sdm] (../lib/sbi/context.c:1438)
[32m07/31 02:29:51.916[0m: [[33msbi[0m] [1;32mINFO[0m: nghttp2_server() [http://127.0.0.12]:7777 (../lib/sbi/nghttp2-server.c:395)
[32m07/31 02:29:51.916[0m: [[33mapp[0m] [1;32mINFO[0m: UDM initialize...done (../src/udm/app.c:31)
[32m07/31 02:29:51.916[0m: [[33mnrf[0m] [1;32mINFO[0m: [61e54e3c-8cc2-41f1-a79a-7d561a489e29] NF registered [Heartbeat:10s] (../src/nrf/nf-sm.c:190)
[32m07/31 02:29:51.917[0m: [[33msbi[0m] [1;32mINFO[0m: [61e54e3c-8cc2-41f1-a79a-7d561a489e29] (NRF-notify) NF registered (../lib/sbi/nnrf-handler.c:725)
[32m07/31 02:29:51.917[0m: [[33msbi[0m] [1;32mINFO[0m: [61e54e3c-8cc2-41f1-a79a-7d561a489e29] (NRF-notify) NF Profile updated (../lib/sbi/nnrf-handler.c:735)
[32m07/31 02:29:51.917[0m: [[33msbi[0m] [1;32mINFO[0m: [61e54e3c-8cc2-41f1-a79a-7d561a489e29] (NRF-notify) NF registered (../lib/sbi/nnrf-handler.c:725)
[32m07/31 02:29:51.917[0m: [[33msbi[0m] [1;32mINFO[0m: [61e54e3c-8cc2-41f1-a79a-7d561a489e29] (NRF-notify) NF Profile updated (../lib/sbi/nnrf-handler.c:735)
[32m07/31 02:29:51.917[0m: [[33msbi[0m] [1;36mWARNING[0m: [61e54e3c-8cc2-41f1-a79a-7d561a489e29] (NRF-notify) NF has already been added (../lib/sbi/nnrf-handler.c:729)
[32m07/31 02:29:51.917[0m: [[33msbi[0m] [1;32mINFO[0m: [61e54e3c-8cc2-41f1-a79a-7d561a489e29] (NRF-notify) NF Profile updated (../lib/sbi/nnrf-handler.c:735)
[32m07/31 02:29:51.917[0m: [[33msbi[0m] [1;36mWARNING[0m: NF EndPoint updated [127.0.0.12:80] (../lib/sbi/context.c:1623)
[32m07/31 02:29:51.917[0m: [[33msbi[0m] [1;36mWARNING[0m: NF EndPoint updated [127.0.0.12:7777] (../lib/sbi/context.c:1532)
[32m07/31 02:29:51.917[0m: [[33msbi[0m] [1;32mINFO[0m: [61e54e3c-8cc2-41f1-a79a-7d561a489e29] (NRF-notify) NF registered (../lib/sbi/nnrf-handler.c:725)
[32m07/31 02:29:51.917[0m: [[33msbi[0m] [1;32mINFO[0m: [61e54e3c-8cc2-41f1-a79a-7d561a489e29] (NRF-notify) NF Profile updated (../lib/sbi/nnrf-handler.c:735)
[32m07/31 02:29:51.917[0m: [[33msbi[0m] [1;36mWARNING[0m: [61e54e3c-8cc2-41f1-a79a-7d561a489e29] (NRF-notify) NF has already been added (../lib/sbi/nnrf-handler.c:729)
[32m07/31 02:29:51.917[0m: [[33msbi[0m] [1;32mINFO[0m: [61e54e3c-8cc2-41f1-a79a-7d561a489e29] (NRF-notify) NF Profile updated (../lib/sbi/nnrf-handler.c:735)
[32m07/31 02:29:51.917[0m: [[33msbi[0m] [1;36mWARNING[0m: NF EndPoint updated [127.0.0.12:80] (../lib/sbi/context.c:1623)
[32m07/31 02:29:51.917[0m: [[33msbi[0m] [1;36mWARNING[0m: NF EndPoint updated [127.0.0.12:7777] (../lib/sbi/context.c:1532)
[32m07/31 02:29:51.917[0m: [[33msbi[0m] [1;32mINFO[0m: [61e54e3c-8cc2-41f1-a79a-7d561a489e29] NF registered [Heartbeat:10s] (../lib/sbi/nf-sm.c:214)
[32m07/31 02:29:51.918[0m: [[33msbi[0m] [1;32mINFO[0m: [61e54e3c-8cc2-41f1-a79a-7d561a489e29] (NRF-notify) NF registered (../lib/sbi/nnrf-handler.c:725)
[32m07/31 02:29:51.918[0m: [[33msbi[0m] [1;32mINFO[0m: [61e54e3c-8cc2-41f1-a79a-7d561a489e29] (NRF-notify) NF Profile updated (../lib/sbi/nnrf-handler.c:735)
[32m07/31 02:29:51.919[0m: [[33msbi[0m] [1;32mINFO[0m: [61e5c218-8cc2-41f1-a9ba-fd4401ac1f4d] Subscription created until 2026-08-01T02:29:51.918819-07:00 [duration:86400,validity:86399.999682,patch:43199.999841] (../lib/sbi/nnrf-handler.c:509)
[32m07/31 02:29:51.918[0m: [[33mnrf[0m] [1;32mINFO[0m: [61e5c218-8cc2-41f1-a9ba-fd4401ac1f4d] Subscription created until 2026-08-01T02:29:51.918819-07:00 [validity_duration:86400] (../src/nrf/nnrf-handler.c:375)
Open5GS daemon v2.6.6

[32m07/31 02:29:51.969[0m: [[33mapp[0m] [1;32mINFO[0m: Configuration: '/home/dzdysl/CoreCrisis/test_open5gs/open5gs/build/configs/sample.yaml' (../lib/app/ogs-init.c:126)
[32m07/31 02:29:51.971[0m: [[33mmetrics[0m] [1;32mINFO[0m: metrics_server() [http://127.0.0.13]:9090 (../lib/metrics/prometheus/context.c:299)
[32m07/31 02:29:51.972[0m: [[33mdbi[0m] [1;32mINFO[0m: MongoDB URI: 'mongodb://localhost/open5gs' (../lib/dbi/ogs-mongoc.c:130)
[32m07/31 02:29:51.972[0m: [[33msbi[0m] [1;32mINFO[0m: NF Service [npcf-am-policy-control] (../lib/sbi/context.c:1438)
[32m07/31 02:29:51.972[0m: [[33msbi[0m] [1;32mINFO[0m: NF Service [npcf-smpolicycontrol] (../lib/sbi/context.c:1438)
[32m07/31 02:29:51.972[0m: [[33msbi[0m] [1;32mINFO[0m: NF Service [npcf-policyauthorization] (../lib/sbi/context.c:1438)
[32m07/31 02:29:51.973[0m: [[33msbi[0m] [1;32mINFO[0m: nghttp2_server() [http://127.0.0.13]:7777 (../lib/sbi/nghttp2-server.c:395)
[32m07/31 02:29:51.973[0m: [[33mapp[0m] [1;32mINFO[0m: PCF initialize...done (../src/pcf/app.c:31)
[32m07/31 02:29:51.973[0m: [[33mnrf[0m] [1;32mINFO[0m: [61edc918-8cc2-41f1-a128-7fcbf8f5f13b] NF registered [Heartbeat:10s] (../src/nrf/nf-sm.c:190)
[32m07/31 02:29:51.974[0m: [[33msbi[0m] [1;32mINFO[0m: [61edc918-8cc2-41f1-a128-7fcbf8f5f13b] (NRF-notify) NF registered (../lib/sbi/nnrf-handler.c:725)
[32m07/31 02:29:51.974[0m: [[33msbi[0m] [1;32mINFO[0m: [61edc918-8cc2-41f1-a128-7fcbf8f5f13b] (NRF-notify) NF Profile updated (../lib/sbi/nnrf-handler.c:735)
[32m07/31 02:29:51.974[0m: [[33msbi[0m] [1;32mINFO[0m: [61edc918-8cc2-41f1-a128-7fcbf8f5f13b] (NRF-notify) NF registered (../lib/sbi/nnrf-handler.c:725)
[32m07/31 02:29:51.974[0m: [[33msbi[0m] [1;32mINFO[0m: [61edc918-8cc2-41f1-a128-7fcbf8f5f13b] (NRF-notify) NF Profile updated (../lib/sbi/nnrf-handler.c:735)
[32m07/31 02:29:51.975[0m: [[33msbi[0m] [1;32mINFO[0m: [61edc918-8cc2-41f1-a128-7fcbf8f5f13b] (NRF-notify) NF registered (../lib/sbi/nnrf-handler.c:725)
[32m07/31 02:29:51.975[0m: [[33msbi[0m] [1;32mINFO[0m: [61edc918-8cc2-41f1-a128-7fcbf8f5f13b] (NRF-notify) NF Profile updated (../lib/sbi/nnrf-handler.c:735)
[32m07/31 02:29:51.975[0m: [[33msbi[0m] [1;32mINFO[0m: [61edc918-8cc2-41f1-a128-7fcbf8f5f13b] NF registered [Heartbeat:10s] (../lib/sbi/nf-sm.c:214)
[32m07/31 02:29:51.976[0m: [[33mnrf[0m] [1;32mINFO[0m: [61ee8d94-8cc2-41f1-a9ba-fd4401ac1f4d] Subscription created until 2026-08-01T02:29:51.976455-07:00 [validity_duration:86400] (../src/nrf/nnrf-handler.c:375)
[32m07/31 02:29:51.977[0m: [[33mnrf[0m] [1;32mINFO[0m: [61eea69e-8cc2-41f1-a9ba-fd4401ac1f4d] Subscription created until 2026-08-01T02:29:51.977048-07:00 [validity_duration:86400] (../src/nrf/nnrf-handler.c:375)
[32m07/31 02:29:51.977[0m: [[33msbi[0m] [1;32mINFO[0m: [61ee8d94-8cc2-41f1-a9ba-fd4401ac1f4d] Subscription created until 2026-08-01T02:29:51.976455-07:00 [duration:86400,validity:86399.999427,patch:43199.999713] (../lib/sbi/nnrf-handler.c:509)
[32m07/31 02:29:51.977[0m: [[33msbi[0m] [1;32mINFO[0m: [61eea69e-8cc2-41f1-a9ba-fd4401ac1f4d] Subscription created until 2026-08-01T02:29:51.977048-07:00 [duration:86400,validity:86399.999767,patch:43199.999883] (../lib/sbi/nnrf-handler.c:509)
Open5GS daemon v2.6.6

[32m07/31 02:29:52.017[0m: [[33mapp[0m] [1;32mINFO[0m: Configuration: '/home/dzdysl/CoreCrisis/test_open5gs/open5gs/build/configs/sample.yaml' (../lib/app/ogs-init.c:126)
[32m07/31 02:29:52.018[0m: [[33msbi[0m] [1;32mINFO[0m: NF Service [nnssf-nsselection] (../lib/sbi/context.c:1438)
[32m07/31 02:29:52.018[0m: [[33msbi[0m] [1;32mINFO[0m: nghttp2_server() [http://127.0.0.14]:7777 (../lib/sbi/nghttp2-server.c:395)
[32m07/31 02:29:52.018[0m: [[33mapp[0m] [1;32mINFO[0m: NSSF initialize...done (../src/nssf/app.c:31)
[32m07/31 02:29:52.018[0m: [[33mnrf[0m] [1;32mINFO[0m: [61f4e996-8cc2-41f1-83e9-472db52180bf] NF registered [Heartbeat:10s] (../src/nrf/nf-sm.c:190)
[32m07/31 02:29:52.019[0m: [[33msbi[0m] [1;32mINFO[0m: [61f4e996-8cc2-41f1-83e9-472db52180bf] (NRF-notify) NF registered (../lib/sbi/nnrf-handler.c:725)
[32m07/31 02:29:52.019[0m: [[33msbi[0m] [1;32mINFO[0m: [61f4e996-8cc2-41f1-83e9-472db52180bf] (NRF-notify) NF Profile updated (../lib/sbi/nnrf-handler.c:735)
[32m07/31 02:29:52.019[0m: [[33msbi[0m] [1;32mINFO[0m: [61f4e996-8cc2-41f1-83e9-472db52180bf] (NRF-notify) NF registered (../lib/sbi/nnrf-handler.c:725)
[32m07/31 02:29:52.019[0m: [[33msbi[0m] [1;32mINFO[0m: [61f4e996-8cc2-41f1-83e9-472db52180bf] (NRF-notify) NF Profile updated (../lib/sbi/nnrf-handler.c:735)
[32m07/31 02:29:52.019[0m: [[33msbi[0m] [1;32mINFO[0m: [61f4e996-8cc2-41f1-83e9-472db52180bf] NF registered [Heartbeat:10s] (../lib/sbi/nf-sm.c:214)
Open5GS daemon v2.6.6

[32m07/31 02:29:52.066[0m: [[33mapp[0m] [1;32mINFO[0m: Configuration: '/home/dzdysl/CoreCrisis/test_open5gs/open5gs/build/configs/sample.yaml' (../lib/app/ogs-init.c:126)
[32m07/31 02:29:52.067[0m: [[33msbi[0m] [1;32mINFO[0m: NF Service [nbsf-management] (../lib/sbi/context.c:1438)
[32m07/31 02:29:52.067[0m: [[33msbi[0m] [1;32mINFO[0m: nghttp2_server() [http://127.0.0.15]:7777 (../lib/sbi/nghttp2-server.c:395)
[32m07/31 02:29:52.067[0m: [[33mapp[0m] [1;32mINFO[0m: BSF initialize...done (../src/bsf/app.c:31)
[32m07/31 02:29:52.068[0m: [[33mnrf[0m] [1;32mINFO[0m: [61fc7526-8cc2-41f1-9d59-c70809938b9c] NF registered [Heartbeat:10s] (../src/nrf/nf-sm.c:190)
[32m07/31 02:29:52.069[0m: [[33msbi[0m] [1;32mINFO[0m: [61fc7526-8cc2-41f1-9d59-c70809938b9c] (NRF-notify) NF registered (../lib/sbi/nnrf-handler.c:725)
[32m07/31 02:29:52.069[0m: [[33msbi[0m] [1;32mINFO[0m: [61fc7526-8cc2-41f1-9d59-c70809938b9c] (NRF-notify) NF Profile updated (../lib/sbi/nnrf-handler.c:735)
[32m07/31 02:29:52.069[0m: [[33msbi[0m] [1;32mINFO[0m: [61fc7526-8cc2-41f1-9d59-c70809938b9c] (NRF-notify) NF registered (../lib/sbi/nnrf-handler.c:725)
[32m07/31 02:29:52.069[0m: [[33msbi[0m] [1;32mINFO[0m: [61fc7526-8cc2-41f1-9d59-c70809938b9c] (NRF-notify) NF Profile updated (../lib/sbi/nnrf-handler.c:735)
[32m07/31 02:29:52.069[0m: [[33msbi[0m] [1;32mINFO[0m: [61fc7526-8cc2-41f1-9d59-c70809938b9c] NF registered [Heartbeat:10s] (../lib/sbi/nf-sm.c:214)
Open5GS daemon v2.6.6

[32m07/31 02:29:52.119[0m: [[33mapp[0m] [1;32mINFO[0m: Configuration: '/home/dzdysl/CoreCrisis/test_open5gs/open5gs/build/configs/sample.yaml' (../lib/app/ogs-init.c:126)
[32m07/31 02:29:52.122[0m: [[33mdbi[0m] [1;32mINFO[0m: MongoDB URI: 'mongodb://localhost/open5gs' (../lib/dbi/ogs-mongoc.c:130)
[32m07/31 02:29:52.122[0m: [[33msbi[0m] [1;32mINFO[0m: NF Service [nudr-dr] (../lib/sbi/context.c:1438)
[32m07/31 02:29:52.122[0m: [[33msbi[0m] [1;32mINFO[0m: nghttp2_server() [http://127.0.0.20]:7777 (../lib/sbi/nghttp2-server.c:395)
[32m07/31 02:29:52.122[0m: [[33mapp[0m] [1;32mINFO[0m: UDR initialize...done (../src/udr/app.c:31)
[32m07/31 02:29:52.123[0m: [[33mnrf[0m] [1;32mINFO[0m: [62049152-8cc2-41f1-9f51-efb28777a865] NF registered [Heartbeat:10s] (../src/nrf/nf-sm.c:190)
[32m07/31 02:29:52.123[0m: [[33msbi[0m] [1;32mINFO[0m: [62049152-8cc2-41f1-9f51-efb28777a865] (NRF-notify) NF registered (../lib/sbi/nnrf-handler.c:725)
[32m07/31 02:29:52.123[0m: [[33msbi[0m] [1;32mINFO[0m: [62049152-8cc2-41f1-9f51-efb28777a865] (NRF-notify) NF Profile updated (../lib/sbi/nnrf-handler.c:735)
[32m07/31 02:29:52.123[0m: [[33msbi[0m] [1;32mINFO[0m: [62049152-8cc2-41f1-9f51-efb28777a865] (NRF-notify) NF registered (../lib/sbi/nnrf-handler.c:725)
[32m07/31 02:29:52.123[0m: [[33msbi[0m] [1;32mINFO[0m: [62049152-8cc2-41f1-9f51-efb28777a865] (NRF-notify) NF Profile updated (../lib/sbi/nnrf-handler.c:735)
[32m07/31 02:29:52.124[0m: [[33msbi[0m] [1;32mINFO[0m: [62049152-8cc2-41f1-9f51-efb28777a865] NF registered [Heartbeat:10s] (../lib/sbi/nf-sm.c:214)
[32m07/31 02:29:52.124[0m: [[33msbi[0m] [1;32mINFO[0m: [62049152-8cc2-41f1-9f51-efb28777a865] (NRF-notify) NF registered (../lib/sbi/nnrf-handler.c:725)
[32m07/31 02:29:52.124[0m: [[33msbi[0m] [1;32mINFO[0m: [62049152-8cc2-41f1-9f51-efb28777a865] (NRF-notify) NF Profile updated (../lib/sbi/nnrf-handler.c:735)
[32m07/31 02:29:54.228[0m: [[33msmf[0m] [1;36mWARNING[0m: PFCP[REQ] has already been associated [127.0.0.7]:8805 (../src/smf/pfcp-sm.c:292)
[32m07/31 02:29:54.228[0m: [[33mupf[0m] [1;36mWARNING[0m: PFCP[RSP] has already been associated [127.0.0.4]:8805 (../src/upf/pfcp-sm.c:277)
[32m07/31 02:29:57.609[0m: [[33mamf[0m] [1;32mINFO[0m: gNB-N2 accepted[127.0.0.1]:43820 in ng-path module (../src/amf/ngap-sctp.c:113)
[32m07/31 02:29:57.609[0m: [[33mamf[0m] [1;32mINFO[0m: gNB-N2 accepted[127.0.0.1] in master_sm module (../src/amf/amf-sm.c:741)
[32m07/31 02:29:57.609[0m: [[33mamf[0m] [1;32mINFO[0m: [Added] Number of gNBs is now 1 (../src/amf/context.c:1185)
[32m07/31 02:29:57.609[0m: [[33mamf[0m] [1;32mINFO[0m: gNB-N2[127.0.0.1] max_num_of_ostreams : 10 (../src/amf/amf-sm.c:780)
[32m07/31 02:30:33.863[0m: [[33mamf[0m] [1;32mINFO[0m: InitialUEMessage (../src/amf/ngap-handler.c:401)
[32m07/31 02:30:33.863[0m: [[33mamf[0m] [1;32mINFO[0m: [Added] Number of gNB-UEs is now 1 (../src/amf/context.c:2523)
[32m07/31 02:30:33.863[0m: [[33mamf[0m] [1;32mINFO[0m:     RAN_UE_NGAP_ID[1] AMF_UE_NGAP_ID[1] TAC[1] CellID[0x10] (../src/amf/ngap-handler.c:562)
[32m07/31 02:30:33.864[0m: [[33mamf[0m] [1;32mINFO[0m: [suci-0-999-70-0000-0-0-0000000001] Unknown UE by SUCI (../src/amf/context.c:1789)
[32m07/31 02:30:33.864[0m: [[33mamf[0m] [1;32mINFO[0m: [Added] Number of AMF-UEs is now 1 (../src/amf/context.c:1570)
[32m07/31 02:30:33.864[0m: [[33mgmm[0m] [1;32mINFO[0m: Registration request (../src/amf/gmm-sm.c:1061)
[32m07/31 02:30:33.864[0m: [[33mgmm[0m] [1;32mINFO[0m: [suci-0-999-70-0000-0-0-0000000001]    SUCI (../src/amf/gmm-handler.c:157)
[32m07/31 02:30:35.402[0m: [[33mgmm[0m] [1;32mINFO[0m: [imsi-999700000000001] Registration complete (../src/amf/gmm-sm.c:1993)
[32m07/31 02:30:35.402[0m: [[33mamf[0m] [1;32mINFO[0m: [imsi-999700000000001] Configuration update command (../src/amf/nas-path.c:612)
[32m07/31 02:30:35.402[0m: [[33mgmm[0m] [1;32mINFO[0m:     UTC [2026-07-31T09:30:35] Timezone[0]/DST[0] (../src/amf/gmm-build.c:558)
[32m07/31 02:30:35.402[0m: [[33mgmm[0m] [1;32mINFO[0m:     LOCAL [2026-07-31T02:30:35] Timezone[-25200]/DST[1] (../src/amf/gmm-build.c:563)
[32m07/31 02:30:35.905[0m: [[33mgmm[0m] [1;32mINFO[0m: [imsi-999700000000001] Deregistration request (../src/amf/gmm-sm.c:1272)
[32m07/31 02:30:35.905[0m: [[33mgmm[0m] [1;32mINFO[0m: [suci-0-999-70-0000-0-0-0000000001]    SUCI (../src/amf/gmm-handler.c:798)
[32m07/31 02:30:35.907[0m: [[33mamf[0m] [1;32mINFO[0m: UE Context Release [Action:2] (../src/amf/ngap-handler.c:1677)
[32m07/31 02:30:35.907[0m: [[33mamf[0m] [1;32mINFO[0m:     RAN_UE_NGAP_ID[1] AMF_UE_NGAP_ID[1] (../src/amf/ngap-handler.c:1678)
[32m07/31 02:30:35.907[0m: [[33mamf[0m] [1;32mINFO[0m:     SUCI[suci-0-999-70-0000-0-0-0000000001] (../src/amf/ngap-handler.c:1681)
[32m07/31 02:30:35.907[0m: [[33mamf[0m] [1;32mINFO[0m: [Removed] Number of gNB-UEs is now 0 (../src/amf/context.c:2530)
[32m07/31 02:30:37.407[0m: [[33mamf[0m] [1;32mINFO[0m: InitialUEMessage (../src/amf/ngap-handler.c:401)
[32m07/31 02:30:37.408[0m: [[33mamf[0m] [1;32mINFO[0m: [Added] Number of gNB-UEs is now 1 (../src/amf/context.c:2523)
[32m07/31 02:30:37.408[0m: [[33mamf[0m] [1;32mINFO[0m: [suci-0-999-70-0000-0-0-0000000001]    5G-S_TMSI[AMF_ID:0x20040,M_TMSI:0xc00001c4] (../src/amf/ngap-handler.c:482)
[32m07/31 02:30:37.408[0m: [[33mamf[0m] [1;32mINFO[0m:     RAN_UE_NGAP_ID[2] AMF_UE_NGAP_ID[2] TAC[1] CellID[0x10] (../src/amf/ngap-handler.c:562)
[32m07/31 02:30:37.408[0m: [[33mgmm[0m] [1;32mINFO[0m: Registration request (../src/amf/gmm-sm.c:1061)
[32m07/31 02:30:37.408[0m: [[33mgmm[0m] [1;32mINFO[0m: [suci-0-999-70-0000-0-0-0000000001]    5G-S_GUTI[AMF_ID:0x20040,M_TMSI:0xc00001c4] (../src/amf/gmm-handler.c:170)
[32m07/31 02:30:38.420[0m: [[33mgmm[0m] [1;36mWARNING[0m: [imsi-999700000000001] Security mode reject : Cause[24] (../src/amf/gmm-sm.c:1719)
[32m07/31 02:30:38.420[0m: [[33mamf[0m] [1;32mINFO[0m: UE Context Release [Action:3] (../src/amf/ngap-handler.c:1677)
[32m07/31 02:30:38.420[0m: [[33mamf[0m] [1;32mINFO[0m:     RAN_UE_NGAP_ID[2] AMF_UE_NGAP_ID[2] (../src/amf/ngap-handler.c:1678)
[32m07/31 02:30:38.420[0m: [[33mamf[0m] [1;32mINFO[0m:     SUCI[suci-0-999-70-0000-0-0-0000000001] (../src/amf/ngap-handler.c:1681)
[32m07/31 02:30:38.420[0m: [[33mamf[0m] [1;32mINFO[0m: [Removed] Number of gNB-UEs is now 0 (../src/amf/context.c:2530)
[32m07/31 02:30:38.420[0m: [[33mamf[0m] [1;32mINFO[0m: [Removed] Number of AMF-UEs is now 0 (../src/amf/context.c:1663)
[32m07/31 02:30:39.922[0m: [[33mamf[0m] [1;32mINFO[0m: InitialUEMessage (../src/amf/ngap-handler.c:401)
[32m07/31 02:30:39.922[0m: [[33mamf[0m] [1;32mINFO[0m: [Added] Number of gNB-UEs is now 1 (../src/amf/context.c:2523)
[32m07/31 02:30:39.922[0m: [[33mamf[0m] [1;32mINFO[0m: Unknown UE by 5G-S_TMSI[AMF_ID:0x20040,M_TMSI:0xc00001c4] (../src/amf/ngap-handler.c:479)
[32m07/31 02:30:39.922[0m: [[33mamf[0m] [1;32mINFO[0m:     RAN_UE_NGAP_ID[3] AMF_UE_NGAP_ID[3] TAC[1] CellID[0x10] (../src/amf/ngap-handler.c:562)
[32m07/31 02:30:39.922[0m: [[33mamf[0m] [1;32mINFO[0m: Unknown UE by 5G-S_TMSI[AMF_ID:0x20040,M_TMSI:0xc00001c4] (../src/amf/context.c:1807)
[32m07/31 02:30:39.922[0m: [[33mamf[0m] [1;32mINFO[0m: [Added] Number of AMF-UEs is now 1 (../src/amf/context.c:1570)
[32m07/31 02:30:39.922[0m: [[33mgmm[0m] [1;32mINFO[0m: Registration request (../src/amf/gmm-sm.c:1061)
[32m07/31 02:30:39.922[0m: [[33mgmm[0m] [1;32mINFO[0m: [Unknown ID]    5G-S_GUTI[AMF_ID:0x20040,M_TMSI:0xc00001c4] (../src/amf/gmm-handler.c:170)
[32m07/31 02:30:40.423[0m: [[33mgmm[0m] [1;32mINFO[0m: Registration request (../src/amf/gmm-sm.c:1061)
[32m07/31 02:30:40.424[0m: [[33mgmm[0m] [1;32mINFO[0m: [suci-0-999-70-0000-0-0-0000000001]    SUCI (../src/amf/gmm-handler.c:157)
[32m07/31 02:30:40.424[0m: [[33mamf[0m] [1;36mWARNING[0m: GUTI has already been allocated (../src/amf/context.c:1380)
[32m07/31 02:30:41.947[0m: [[33mgmm[0m] [1;32mINFO[0m: [imsi-999700000000001] Registration complete (../src/amf/gmm-sm.c:1993)
[32m07/31 02:30:41.947[0m: [[33mamf[0m] [1;32mINFO[0m: [imsi-999700000000001] Configuration update command (../src/amf/nas-path.c:612)
[32m07/31 02:30:41.947[0m: [[33mgmm[0m] [1;32mINFO[0m:     UTC [2026-07-31T09:30:41] Timezone[0]/DST[0] (../src/amf/gmm-build.c:558)
[32m07/31 02:30:41.947[0m: [[33mgmm[0m] [1;32mINFO[0m:     LOCAL [2026-07-31T02:30:41] Timezone[-25200]/DST[1] (../src/amf/gmm-build.c:563)
[32m07/31 02:30:42.449[0m: [[33mgmm[0m] [1;32mINFO[0m: [imsi-999700000000001] Deregistration request (../src/amf/gmm-sm.c:1272)
[32m07/31 02:30:42.449[0m: [[33mgmm[0m] [1;32mINFO[0m: [suci-0-999-70-0000-0-0-0000000001]    SUCI (../src/amf/gmm-handler.c:798)
[32m07/31 02:30:42.452[0m: [[33mamf[0m] [1;32mINFO[0m: UE Context Release [Action:2] (../src/amf/ngap-handler.c:1677)
[32m07/31 02:30:42.452[0m: [[33mamf[0m] [1;32mINFO[0m:     RAN_UE_NGAP_ID[3] AMF_UE_NGAP_ID[3] (../src/amf/ngap-handler.c:1678)
[32m07/31 02:30:42.452[0m: [[33mamf[0m] [1;32mINFO[0m:     SUCI[suci-0-999-70-0000-0-0-0000000001] (../src/amf/ngap-handler.c:1681)
[32m07/31 02:30:42.452[0m: [[33mamf[0m] [1;32mINFO[0m: [Removed] Number of gNB-UEs is now 0 (../src/amf/context.c:2530)
[32m07/31 02:30:43.954[0m: [[33mamf[0m] [1;32mINFO[0m: InitialUEMessage (../src/amf/ngap-handler.c:401)
[32m07/31 02:30:43.954[0m: [[33mamf[0m] [1;32mINFO[0m: [Added] Number of gNB-UEs is now 1 (../src/amf/context.c:2523)
[32m07/31 02:30:43.954[0m: [[33mamf[0m] [1;32mINFO[0m: [suci-0-999-70-0000-0-0-0000000001]    5G-S_TMSI[AMF_ID:0x20040,M_TMSI:0xc00001ff] (../src/amf/ngap-handler.c:482)
[32m07/31 02:30:43.954[0m: [[33mamf[0m] [1;32mINFO[0m:     RAN_UE_NGAP_ID[4] AMF_UE_NGAP_ID[4] TAC[1] CellID[0x10] (../src/amf/ngap-handler.c:562)
[32m07/31 02:30:43.954[0m: [[33mgmm[0m] [1;32mINFO[0m: Registration request (../src/amf/gmm-sm.c:1061)
[32m07/31 02:30:43.954[0m: [[33mgmm[0m] [1;32mINFO[0m: [suci-0-999-70-0000-0-0-0000000001]    5G-S_GUTI[AMF_ID:0x20040,M_TMSI:0xc00001ff] (../src/amf/gmm-handler.c:170)
[32m07/31 02:30:44.967[0m: [[33mgmm[0m] [1;36mWARNING[0m: [imsi-999700000000001] Security mode reject : Cause[24] (../src/amf/gmm-sm.c:1719)
[32m07/31 02:30:44.967[0m: [[33mamf[0m] [1;32mINFO[0m: UE Context Release [Action:3] (../src/amf/ngap-handler.c:1677)
[32m07/31 02:30:44.967[0m: [[33mamf[0m] [1;32mINFO[0m:     RAN_UE_NGAP_ID[4] AMF_UE_NGAP_ID[4] (../src/amf/ngap-handler.c:1678)
[32m07/31 02:30:44.967[0m: [[33mamf[0m] [1;32mINFO[0m:     SUCI[suci-0-999-70-0000-0-0-0000000001] (../src/amf/ngap-handler.c:1681)
[32m07/31 02:30:44.967[0m: [[33mamf[0m] [1;32mINFO[0m: [Removed] Number of gNB-UEs is now 0 (../src/amf/context.c:2530)
[32m07/31 02:30:44.968[0m: [[33mamf[0m] [1;32mINFO[0m: [Removed] Number of AMF-UEs is now 0 (../src/amf/context.c:1663)
[32m07/31 02:30:46.469[0m: [[33mamf[0m] [1;32mINFO[0m: InitialUEMessage (../src/amf/ngap-handler.c:401)
[32m07/31 02:30:46.469[0m: [[33mamf[0m] [1;32mINFO[0m: [Added] Number of gNB-UEs is now 1 (../src/amf/context.c:2523)
[32m07/31 02:30:46.469[0m: [[33mamf[0m] [1;32mINFO[0m: Unknown UE by 5G-S_TMSI[AMF_ID:0x20040,M_TMSI:0xc00001ff] (../src/amf/ngap-handler.c:479)
[32m07/31 02:30:46.469[0m: [[33mamf[0m] [1;32mINFO[0m:     RAN_UE_NGAP_ID[5] AMF_UE_NGAP_ID[5] TAC[1] CellID[0x10] (../src/amf/ngap-handler.c:562)
[32m07/31 02:30:46.469[0m: [[33mamf[0m] [1;32mINFO[0m: Unknown UE by 5G-S_TMSI[AMF_ID:0x20040,M_TMSI:0xc00001ff] (../src/amf/context.c:1807)
[32m07/31 02:30:46.469[0m: [[33mamf[0m] [1;32mINFO[0m: [Added] Number of AMF-UEs is now 1 (../src/amf/context.c:1570)
[32m07/31 02:30:46.469[0m: [[33mgmm[0m] [1;32mINFO[0m: Registration request (../src/amf/gmm-sm.c:1061)
[32m07/31 02:30:46.469[0m: [[33mgmm[0m] [1;32mINFO[0m: [Unknown ID]    5G-S_GUTI[AMF_ID:0x20040,M_TMSI:0xc00001ff] (../src/amf/gmm-handler.c:170)
[32m07/31 02:30:46.971[0m: [[33mgmm[0m] [1;32mINFO[0m: Registration request (../src/amf/gmm-sm.c:1061)
[32m07/31 02:30:46.971[0m: [[33mgmm[0m] [1;32mINFO[0m: [suci-0-999-70-0000-0-0-0000000001]    SUCI (../src/amf/gmm-handler.c:157)
[32m07/31 02:30:46.971[0m: [[33mamf[0m] [1;36mWARNING[0m: GUTI has already been allocated (../src/amf/context.c:1380)
[32m07/31 02:30:48.492[0m: [[33mgmm[0m] [1;32mINFO[0m: [imsi-999700000000001] Registration complete (../src/amf/gmm-sm.c:1993)
[32m07/31 02:30:48.492[0m: [[33mamf[0m] [1;32mINFO[0m: [imsi-999700000000001] Configuration update command (../src/amf/nas-path.c:612)
[32m07/31 02:30:48.492[0m: [[33mgmm[0m] [1;32mINFO[0m:     UTC [2026-07-31T09:30:48] Timezone[0]/DST[0] (../src/amf/gmm-build.c:558)
[32m07/31 02:30:48.492[0m: [[33mgmm[0m] [1;32mINFO[0m:     LOCAL [2026-07-31T02:30:48] Timezone[-25200]/DST[1] (../src/amf/gmm-build.c:563)
[32m07/31 02:30:48.994[0m: [[33mgmm[0m] [1;32mINFO[0m: [imsi-999700000000001] Deregistration request (../src/amf/gmm-sm.c:1272)
[32m07/31 02:30:48.994[0m: [[33mgmm[0m] [1;32mINFO[0m: [suci-0-999-70-0000-0-0-0000000001]    SUCI (../src/amf/gmm-handler.c:798)
[32m07/31 02:30:48.996[0m: [[33mamf[0m] [1;32mINFO[0m: UE Context Release [Action:2] (../src/amf/ngap-handler.c:1677)
[32m07/31 02:30:48.996[0m: [[33mamf[0m] [1;32mINFO[0m:     RAN_UE_NGAP_ID[5] AMF_UE_NGAP_ID[5] (../src/amf/ngap-handler.c:1678)
[32m07/31 02:30:48.996[0m: [[33mamf[0m] [1;32mINFO[0m:     SUCI[suci-0-999-70-0000-0-0-0000000001] (../src/amf/ngap-handler.c:1681)
[32m07/31 02:30:48.996[0m: [[33mamf[0m] [1;32mINFO[0m: [Removed] Number of gNB-UEs is now 0 (../src/amf/context.c:2530)
[32m07/31 02:30:50.497[0m: [[33mamf[0m] [1;32mINFO[0m: InitialUEMessage (../src/amf/ngap-handler.c:401)
[32m07/31 02:30:50.497[0m: [[33mamf[0m] [1;32mINFO[0m: [Added] Number of gNB-UEs is now 1 (../src/amf/context.c:2523)
[32m07/31 02:30:50.497[0m: [[33mamf[0m] [1;32mINFO[0m: [suci-0-999-70-0000-0-0-0000000001]    5G-S_TMSI[AMF_ID:0x20040,M_TMSI:0xc0000528] (../src/amf/ngap-handler.c:482)
[32m07/31 02:30:50.497[0m: [[33mamf[0m] [1;32mINFO[0m:     RAN_UE_NGAP_ID[6] AMF_UE_NGAP_ID[6] TAC[1] CellID[0x10] (../src/amf/ngap-handler.c:562)
[32m07/31 02:30:50.497[0m: [[33mgmm[0m] [1;32mINFO[0m: Registration request (../src/amf/gmm-sm.c:1061)
[32m07/31 02:30:50.497[0m: [[33mgmm[0m] [1;32mINFO[0m: [suci-0-999-70-0000-0-0-0000000001]    5G-S_GUTI[AMF_ID:0x20040,M_TMSI:0xc0000528] (../src/amf/gmm-handler.c:170)
[32m07/31 02:30:51.508[0m: [[33mgmm[0m] [1;36mWARNING[0m: [imsi-999700000000001] Security mode reject : Cause[24] (../src/amf/gmm-sm.c:1719)
[32m07/31 02:30:51.509[0m: [[33mamf[0m] [1;32mINFO[0m: UE Context Release [Action:3] (../src/amf/ngap-handler.c:1677)
[32m07/31 02:30:51.509[0m: [[33mamf[0m] [1;32mINFO[0m:     RAN_UE_NGAP_ID[6] AMF_UE_NGAP_ID[6] (../src/amf/ngap-handler.c:1678)
[32m07/31 02:30:51.509[0m: [[33mamf[0m] [1;32mINFO[0m:     SUCI[suci-0-999-70-0000-0-0-0000000001] (../src/amf/ngap-handler.c:1681)
[32m07/31 02:30:51.509[0m: [[33mamf[0m] [1;32mINFO[0m: [Removed] Number of gNB-UEs is now 0 (../src/amf/context.c:2530)
[32m07/31 02:30:51.509[0m: [[33mamf[0m] [1;32mINFO[0m: [Removed] Number of AMF-UEs is now 0 (../src/amf/context.c:1663)
[32m07/31 02:30:53.013[0m: [[33mamf[0m] [1;32mINFO[0m: InitialUEMessage (../src/amf/ngap-handler.c:401)
[32m07/31 02:30:53.013[0m: [[33mamf[0m] [1;32mINFO[0m: [Added] Number of gNB-UEs is now 1 (../src/amf/context.c:2523)
[32m07/31 02:30:53.013[0m: [[33mamf[0m] [1;32mINFO[0m: Unknown UE by 5G-S_TMSI[AMF_ID:0x20040,M_TMSI:0xc0000528] (../src/amf/ngap-handler.c:479)
[32m07/31 02:30:53.013[0m: [[33mamf[0m] [1;32mINFO[0m:     RAN_UE_NGAP_ID[7] AMF_UE_NGAP_ID[7] TAC[1] CellID[0x10] (../src/amf/ngap-handler.c:562)
[32m07/31 02:30:53.013[0m: [[33mamf[0m] [1;32mINFO[0m: Unknown UE by 5G-S_TMSI[AMF_ID:0x20040,M_TMSI:0xc0000528] (../src/amf/context.c:1807)
[32m07/31 02:30:53.013[0m: [[33mamf[0m] [1;32mINFO[0m: [Added] Number of AMF-UEs is now 1 (../src/amf/context.c:1570)
[32m07/31 02:30:53.013[0m: [[33mgmm[0m] [1;32mINFO[0m: Registration request (../src/amf/gmm-sm.c:1061)
[32m07/31 02:30:53.013[0m: [[33mgmm[0m] [1;32mINFO[0m: [Unknown ID]    5G-S_GUTI[AMF_ID:0x20040,M_TMSI:0xc0000528] (../src/amf/gmm-handler.c:170)
[32m07/31 02:30:53.516[0m: [[33mgmm[0m] [1;32mINFO[0m: Registration request (../src/amf/gmm-sm.c:1061)
[32m07/31 02:30:53.516[0m: [[33mgmm[0m] [1;32mINFO[0m: [suci-0-999-70-0000-0-0-0000000001]    SUCI (../src/amf/gmm-handler.c:157)
[32m07/31 02:30:53.516[0m: [[33mamf[0m] [1;36mWARNING[0m: GUTI has already been allocated (../src/amf/context.c:1380)
[32m07/31 02:30:55.036[0m: [[33mgmm[0m] [1;32mINFO[0m: [imsi-999700000000001] Registration complete (../src/amf/gmm-sm.c:1993)
[32m07/31 02:30:55.036[0m: [[33mamf[0m] [1;32mINFO[0m: [imsi-999700000000001] Configuration update command (../src/amf/nas-path.c:612)
[32m07/31 02:30:55.037[0m: [[33mgmm[0m] [1;32mINFO[0m:     UTC [2026-07-31T09:30:55] Timezone[0]/DST[0] (../src/amf/gmm-build.c:558)
[32m07/31 02:30:55.037[0m: [[33mgmm[0m] [1;32mINFO[0m:     LOCAL [2026-07-31T02:30:55] Timezone[-25200]/DST[1] (../src/amf/gmm-build.c:563)
[32m07/31 02:30:55.539[0m: [[33mgmm[0m] [1;32mINFO[0m: [imsi-999700000000001] Deregistration request (../src/amf/gmm-sm.c:1272)
[32m07/31 02:30:55.539[0m: [[33mgmm[0m] [1;32mINFO[0m: [suci-0-999-70-0000-0-0-0000000001]    SUCI (../src/amf/gmm-handler.c:798)
[32m07/31 02:30:55.541[0m: [[33mamf[0m] [1;32mINFO[0m: UE Context Release [Action:2] (../src/amf/ngap-handler.c:1677)
[32m07/31 02:30:55.541[0m: [[33mamf[0m] [1;32mINFO[0m:     RAN_UE_NGAP_ID[7] AMF_UE_NGAP_ID[7] (../src/amf/ngap-handler.c:1678)
[32m07/31 02:30:55.541[0m: [[33mamf[0m] [1;32mINFO[0m:     SUCI[suci-0-999-70-0000-0-0-0000000001] (../src/amf/ngap-handler.c:1681)
[32m07/31 02:30:55.541[0m: [[33mamf[0m] [1;32mINFO[0m: [Removed] Number of gNB-UEs is now 0 (../src/amf/context.c:2530)
[32m07/31 02:30:57.042[0m: [[33mamf[0m] [1;32mINFO[0m: InitialUEMessage (../src/amf/ngap-handler.c:401)
[32m07/31 02:30:57.042[0m: [[33mamf[0m] [1;32mINFO[0m: [Added] Number of gNB-UEs is now 1 (../src/amf/context.c:2523)
[32m07/31 02:30:57.042[0m: [[33mamf[0m] [1;32mINFO[0m: [suci-0-999-70-0000-0-0-0000000001]    5G-S_TMSI[AMF_ID:0x20040,M_TMSI:0xc00000aa] (../src/amf/ngap-handler.c:482)
[32m07/31 02:30:57.042[0m: [[33mamf[0m] [1;32mINFO[0m:     RAN_UE_NGAP_ID[8] AMF_UE_NGAP_ID[8] TAC[1] CellID[0x10] (../src/amf/ngap-handler.c:562)
[32m07/31 02:30:57.042[0m: [[33mgmm[0m] [1;32mINFO[0m: Registration request (../src/amf/gmm-sm.c:1061)
[32m07/31 02:30:57.042[0m: [[33mgmm[0m] [1;32mINFO[0m: [suci-0-999-70-0000-0-0-0000000001]    5G-S_GUTI[AMF_ID:0x20040,M_TMSI:0xc00000aa] (../src/amf/gmm-handler.c:170)
[32m07/31 02:30:58.053[0m: [[33mgmm[0m] [1;36mWARNING[0m: [imsi-999700000000001] Security mode reject : Cause[24] (../src/amf/gmm-sm.c:1719)
[32m07/31 02:30:58.054[0m: [[33mamf[0m] [1;32mINFO[0m: UE Context Release [Action:3] (../src/amf/ngap-handler.c:1677)
[32m07/31 02:30:58.054[0m: [[33mamf[0m] [1;32mINFO[0m:     RAN_UE_NGAP_ID[8] AMF_UE_NGAP_ID[8] (../src/amf/ngap-handler.c:1678)
[32m07/31 02:30:58.054[0m: [[33mamf[0m] [1;32mINFO[0m:     SUCI[suci-0-999-70-0000-0-0-0000000001] (../src/amf/ngap-handler.c:1681)
[32m07/31 02:30:58.054[0m: [[33mamf[0m] [1;32mINFO[0m: [Removed] Number of gNB-UEs is now 0 (../src/amf/context.c:2530)
[32m07/31 02:30:58.054[0m: [[33mamf[0m] [1;32mINFO[0m: [Removed] Number of AMF-UEs is now 0 (../src/amf/context.c:1663)
[32m07/31 02:30:59.557[0m: [[33mamf[0m] [1;32mINFO[0m: InitialUEMessage (../src/amf/ngap-handler.c:401)
[32m07/31 02:30:59.557[0m: [[33mamf[0m] [1;32mINFO[0m: [Added] Number of gNB-UEs is now 1 (../src/amf/context.c:2523)
[32m07/31 02:30:59.557[0m: [[33mamf[0m] [1;32mINFO[0m: Unknown UE by 5G-S_TMSI[AMF_ID:0x20040,M_TMSI:0xc00000aa] (../src/amf/ngap-handler.c:479)
[32m07/31 02:30:59.557[0m: [[33mamf[0m] [1;32mINFO[0m:     RAN_UE_NGAP_ID[9] AMF_UE_NGAP_ID[9] TAC[1] CellID[0x10] (../src/amf/ngap-handler.c:562)
[32m07/31 02:30:59.557[0m: [[33mamf[0m] [1;32mINFO[0m: Unknown UE by 5G-S_TMSI[AMF_ID:0x20040,M_TMSI:0xc00000aa] (../src/amf/context.c:1807)
[32m07/31 02:30:59.557[0m: [[33mamf[0m] [1;32mINFO[0m: [Added] Number of AMF-UEs is now 1 (../src/amf/context.c:1570)
[32m07/31 02:30:59.557[0m: [[33mgmm[0m] [1;32mINFO[0m: Registration request (../src/amf/gmm-sm.c:1061)
[32m07/31 02:30:59.557[0m: [[33mgmm[0m] [1;32mINFO[0m: [Unknown ID]    5G-S_GUTI[AMF_ID:0x20040,M_TMSI:0xc00000aa] (../src/amf/gmm-handler.c:170)
[32m07/31 02:31:00.060[0m: [[33mgmm[0m] [1;32mINFO[0m: Registration request (../src/amf/gmm-sm.c:1061)
[32m07/31 02:31:00.060[0m: [[33mgmm[0m] [1;32mINFO[0m: [suci-0-999-70-0000-0-0-0000000001]    SUCI (../src/amf/gmm-handler.c:157)
[32m07/31 02:31:00.060[0m: [[33mamf[0m] [1;36mWARNING[0m: GUTI has already been allocated (../src/amf/context.c:1380)
[32m07/31 02:31:01.576[0m: [[33mgmm[0m] [1;32mINFO[0m: [imsi-999700000000001] Registration complete (../src/amf/gmm-sm.c:1993)
[32m07/31 02:31:01.576[0m: [[33mamf[0m] [1;32mINFO[0m: [imsi-999700000000001] Configuration update command (../src/amf/nas-path.c:612)
[32m07/31 02:31:01.576[0m: [[33mgmm[0m] [1;32mINFO[0m:     UTC [2026-07-31T09:31:01] Timezone[0]/DST[0] (../src/amf/gmm-build.c:558)
[32m07/31 02:31:01.576[0m: [[33mgmm[0m] [1;32mINFO[0m:     LOCAL [2026-07-31T02:31:01] Timezone[-25200]/DST[1] (../src/amf/gmm-build.c:563)
[32m07/31 02:31:02.079[0m: [[33mgmm[0m] [1;32mINFO[0m: [imsi-999700000000001] Deregistration request (../src/amf/gmm-sm.c:1272)
[32m07/31 02:31:02.079[0m: [[33mgmm[0m] [1;32mINFO[0m: [suci-0-999-70-0000-0-0-0000000001]    SUCI (../src/amf/gmm-handler.c:798)
[32m07/31 02:31:02.081[0m: [[33mamf[0m] [1;32mINFO[0m: UE Context Release [Action:2] (../src/amf/ngap-handler.c:1677)
[32m07/31 02:31:02.081[0m: [[33mamf[0m] [1;32mINFO[0m:     RAN_UE_NGAP_ID[9] AMF_UE_NGAP_ID[9] (../src/amf/ngap-handler.c:1678)
[32m07/31 02:31:02.081[0m: [[33mamf[0m] [1;32mINFO[0m:     SUCI[suci-0-999-70-0000-0-0-0000000001] (../src/amf/ngap-handler.c:1681)
[32m07/31 02:31:02.081[0m: [[33mamf[0m] [1;32mINFO[0m: [Removed] Number of gNB-UEs is now 0 (../src/amf/context.c:2530)
[32m07/31 02:31:03.582[0m: [[33mamf[0m] [1;32mINFO[0m: InitialUEMessage (../src/amf/ngap-handler.c:401)
[32m07/31 02:31:03.582[0m: [[33mamf[0m] [1;32mINFO[0m: [Added] Number of gNB-UEs is now 1 (../src/amf/context.c:2523)
[32m07/31 02:31:03.582[0m: [[33mamf[0m] [1;32mINFO[0m: [suci-0-999-70-0000-0-0-0000000001]    5G-S_TMSI[AMF_ID:0x20040,M_TMSI:0xc00006e1] (../src/amf/ngap-handler.c:482)
[32m07/31 02:31:03.582[0m: [[33mamf[0m] [1;32mINFO[0m:     RAN_UE_NGAP_ID[10] AMF_UE_NGAP_ID[10] TAC[1] CellID[0x10] (../src/amf/ngap-handler.c:562)
[32m07/31 02:31:03.582[0m: [[33mgmm[0m] [1;32mINFO[0m: Registration request (../src/amf/gmm-sm.c:1061)
[32m07/31 02:31:03.582[0m: [[33mgmm[0m] [1;32mINFO[0m: [suci-0-999-70-0000-0-0-0000000001]    5G-S_GUTI[AMF_ID:0x20040,M_TMSI:0xc00006e1] (../src/amf/gmm-handler.c:170)
[32m07/31 02:31:04.591[0m: [[33mgmm[0m] [1;36mWARNING[0m: [imsi-999700000000001] Security mode reject : Cause[24] (../src/amf/gmm-sm.c:1719)
[32m07/31 02:31:04.592[0m: [[33mamf[0m] [1;32mINFO[0m: UE Context Release [Action:3] (../src/amf/ngap-handler.c:1677)
[32m07/31 02:31:04.592[0m: [[33mamf[0m] [1;32mINFO[0m:     RAN_UE_NGAP_ID[10] AMF_UE_NGAP_ID[10] (../src/amf/ngap-handler.c:1678)
[32m07/31 02:31:04.592[0m: [[33mamf[0m] [1;32mINFO[0m:     SUCI[suci-0-999-70-0000-0-0-0000000001] (../src/amf/ngap-handler.c:1681)
[32m07/31 02:31:04.592[0m: [[33mamf[0m] [1;32mINFO[0m: [Removed] Number of gNB-UEs is now 0 (../src/amf/context.c:2530)
[32m07/31 02:31:04.592[0m: [[33mamf[0m] [1;32mINFO[0m: [Removed] Number of AMF-UEs is now 0 (../src/amf/context.c:1663)
[32m07/31 02:31:06.094[0m: [[33mamf[0m] [1;32mINFO[0m: InitialUEMessage (../src/amf/ngap-handler.c:401)
[32m07/31 02:31:06.094[0m: [[33mamf[0m] [1;32mINFO[0m: [Added] Number of gNB-UEs is now 1 (../src/amf/context.c:2523)
[32m07/31 02:31:06.094[0m: [[33mamf[0m] [1;32mINFO[0m: Unknown UE by 5G-S_TMSI[AMF_ID:0x20040,M_TMSI:0xc00006e1] (../src/amf/ngap-handler.c:479)
[32m07/31 02:31:06.094[0m: [[33mamf[0m] [1;32mINFO[0m:     RAN_UE_NGAP_ID[11] AMF_UE_NGAP_ID[11] TAC[1] CellID[0x10] (../src/amf/ngap-handler.c:562)
[32m07/31 02:31:06.094[0m: [[33mamf[0m] [1;32mINFO[0m: Unknown UE by 5G-S_TMSI[AMF_ID:0x20040,M_TMSI:0xc00006e1] (../src/amf/context.c:1807)
[32m07/31 02:31:06.094[0m: [[33mamf[0m] [1;32mINFO[0m: [Added] Number of AMF-UEs is now 1 (../src/amf/context.c:1570)
[32m07/31 02:31:06.094[0m: [[33mgmm[0m] [1;32mINFO[0m: Registration request (../src/amf/gmm-sm.c:1061)
[32m07/31 02:31:06.094[0m: [[33mgmm[0m] [1;32mINFO[0m: [Unknown ID]    5G-S_GUTI[AMF_ID:0x20040,M_TMSI:0xc00006e1] (../src/amf/gmm-handler.c:170)
[32m07/31 02:31:06.596[0m: [[33mgmm[0m] [1;32mINFO[0m: Registration request (../src/amf/gmm-sm.c:1061)
[32m07/31 02:31:06.596[0m: [[33mgmm[0m] [1;32mINFO[0m: [suci-0-999-70-0000-0-0-0000000001]    SUCI (../src/amf/gmm-handler.c:157)
[32m07/31 02:31:06.596[0m: [[33mamf[0m] [1;36mWARNING[0m: GUTI has already been allocated (../src/amf/context.c:1380)
[32m07/31 02:31:08.119[0m: [[33mgmm[0m] [1;32mINFO[0m: [imsi-999700000000001] Registration complete (../src/amf/gmm-sm.c:1993)
[32m07/31 02:31:08.119[0m: [[33mamf[0m] [1;32mINFO[0m: [imsi-999700000000001] Configuration update command (../src/amf/nas-path.c:612)
[32m07/31 02:31:08.119[0m: [[33mgmm[0m] [1;32mINFO[0m:     UTC [2026-07-31T09:31:08] Timezone[0]/DST[0] (../src/amf/gmm-build.c:558)
[32m07/31 02:31:08.119[0m: [[33mgmm[0m] [1;32mINFO[0m:     LOCAL [2026-07-31T02:31:08] Timezone[-25200]/DST[1] (../src/amf/gmm-build.c:563)
[32m07/31 02:31:08.621[0m: [[33mgmm[0m] [1;32mINFO[0m: [imsi-999700000000001] Deregistration request (../src/amf/gmm-sm.c:1272)
[32m07/31 02:31:08.621[0m: [[33mgmm[0m] [1;32mINFO[0m: [suci-0-999-70-0000-0-0-0000000001]    SUCI (../src/amf/gmm-handler.c:798)
[32m07/31 02:31:08.624[0m: [[33mamf[0m] [1;32mINFO[0m: UE Context Release [Action:2] (../src/amf/ngap-handler.c:1677)
[32m07/31 02:31:08.624[0m: [[33mamf[0m] [1;32mINFO[0m:     RAN_UE_NGAP_ID[11] AMF_UE_NGAP_ID[11] (../src/amf/ngap-handler.c:1678)
[32m07/31 02:31:08.624[0m: [[33mamf[0m] [1;32mINFO[0m:     SUCI[suci-0-999-70-0000-0-0-0000000001] (../src/amf/ngap-handler.c:1681)
[32m07/31 02:31:08.624[0m: [[33mamf[0m] [1;32mINFO[0m: [Removed] Number of gNB-UEs is now 0 (../src/amf/context.c:2530)
[32m07/31 02:31:10.125[0m: [[33mamf[0m] [1;32mINFO[0m: InitialUEMessage (../src/amf/ngap-handler.c:401)
[32m07/31 02:31:10.125[0m: [[33mamf[0m] [1;32mINFO[0m: [Added] Number of gNB-UEs is now 1 (../src/amf/context.c:2523)
[32m07/31 02:31:10.125[0m: [[33mamf[0m] [1;32mINFO[0m: [suci-0-999-70-0000-0-0-0000000001]    5G-S_TMSI[AMF_ID:0x20040,M_TMSI:0xc0000111] (../src/amf/ngap-handler.c:482)
[32m07/31 02:31:10.125[0m: [[33mamf[0m] [1;32mINFO[0m:     RAN_UE_NGAP_ID[12] AMF_UE_NGAP_ID[12] TAC[1] CellID[0x10] (../src/amf/ngap-handler.c:562)
[32m07/31 02:31:10.125[0m: [[33mgmm[0m] [1;32mINFO[0m: Registration request (../src/amf/gmm-sm.c:1061)
[32m07/31 02:31:10.125[0m: [[33mgmm[0m] [1;32mINFO[0m: [suci-0-999-70-0000-0-0-0000000001]    5G-S_GUTI[AMF_ID:0x20040,M_TMSI:0xc0000111] (../src/amf/gmm-handler.c:170)
[32m07/31 02:31:11.134[0m: [[33mgmm[0m] [1;36mWARNING[0m: [imsi-999700000000001] Security mode reject : Cause[24] (../src/amf/gmm-sm.c:1719)
[32m07/31 02:31:11.135[0m: [[33mamf[0m] [1;32mINFO[0m: UE Context Release [Action:3] (../src/amf/ngap-handler.c:1677)
[32m07/31 02:31:11.135[0m: [[33mamf[0m] [1;32mINFO[0m:     RAN_UE_NGAP_ID[12] AMF_UE_NGAP_ID[12] (../src/amf/ngap-handler.c:1678)
[32m07/31 02:31:11.135[0m: [[33mamf[0m] [1;32mINFO[0m:     SUCI[suci-0-999-70-0000-0-0-0000000001] (../src/amf/ngap-handler.c:1681)
[32m07/31 02:31:11.135[0m: [[33mamf[0m] [1;32mINFO[0m: [Removed] Number of gNB-UEs is now 0 (../src/amf/context.c:2530)
[32m07/31 02:31:11.135[0m: [[33mamf[0m] [1;32mINFO[0m: [Removed] Number of AMF-UEs is now 0 (../src/amf/context.c:1663)
[32m07/31 02:31:12.638[0m: [[33mamf[0m] [1;32mINFO[0m: InitialUEMessage (../src/amf/ngap-handler.c:401)
[32m07/31 02:31:12.638[0m: [[33mamf[0m] [1;32mINFO[0m: [Added] Number of gNB-UEs is now 1 (../src/amf/context.c:2523)
[32m07/31 02:31:12.638[0m: [[33mamf[0m] [1;32mINFO[0m: Unknown UE by 5G-S_TMSI[AMF_ID:0x20040,M_TMSI:0xc0000111] (../src/amf/ngap-handler.c:479)
[32m07/31 02:31:12.638[0m: [[33mamf[0m] [1;32mINFO[0m:     RAN_UE_NGAP_ID[13] AMF_UE_NGAP_ID[13] TAC[1] CellID[0x10] (../src/amf/ngap-handler.c:562)
[32m07/31 02:31:12.638[0m: [[33mamf[0m] [1;32mINFO[0m: Unknown UE by 5G-S_TMSI[AMF_ID:0x20040,M_TMSI:0xc0000111] (../src/amf/context.c:1807)
[32m07/31 02:31:12.638[0m: [[33mamf[0m] [1;32mINFO[0m: [Added] Number of AMF-UEs is now 1 (../src/amf/context.c:1570)
[32m07/31 02:31:12.638[0m: [[33mgmm[0m] [1;32mINFO[0m: Registration request (../src/amf/gmm-sm.c:1061)
[32m07/31 02:31:12.638[0m: [[33mgmm[0m] [1;32mINFO[0m: [Unknown ID]    5G-S_GUTI[AMF_ID:0x20040,M_TMSI:0xc0000111] (../src/amf/gmm-handler.c:170)
[32m07/31 02:31:13.139[0m: [[33mgmm[0m] [1;32mINFO[0m: Registration request (../src/amf/gmm-sm.c:1061)
[32m07/31 02:31:13.139[0m: [[33mgmm[0m] [1;32mINFO[0m: [suci-0-999-70-0000-0-0-0000000001]    SUCI (../src/amf/gmm-handler.c:157)
[32m07/31 02:31:13.139[0m: [[33mamf[0m] [1;36mWARNING[0m: GUTI has already been allocated (../src/amf/context.c:1380)
[32m07/31 02:31:14.654[0m: [[33mgmm[0m] [1;32mINFO[0m: [imsi-999700000000001] Registration complete (../src/amf/gmm-sm.c:1993)
[32m07/31 02:31:14.654[0m: [[33mamf[0m] [1;32mINFO[0m: [imsi-999700000000001] Configuration update command (../src/amf/nas-path.c:612)
[32m07/31 02:31:14.654[0m: [[33mgmm[0m] [1;32mINFO[0m:     UTC [2026-07-31T09:31:14] Timezone[0]/DST[0] (../src/amf/gmm-build.c:558)
[32m07/31 02:31:14.654[0m: [[33mgmm[0m] [1;32mINFO[0m:     LOCAL [2026-07-31T02:31:14] Timezone[-25200]/DST[1] (../src/amf/gmm-build.c:563)
[32m07/31 02:31:15.155[0m: [[33mgmm[0m] [1;32mINFO[0m: [imsi-999700000000001] Deregistration request (../src/amf/gmm-sm.c:1272)
[32m07/31 02:31:15.155[0m: [[33mgmm[0m] [1;32mINFO[0m: [suci-0-999-70-0000-0-0-0000000001]    SUCI (../src/amf/gmm-handler.c:798)
[32m07/31 02:31:15.157[0m: [[33mamf[0m] [1;32mINFO[0m: UE Context Release [Action:2] (../src/amf/ngap-handler.c:1677)
[32m07/31 02:31:15.157[0m: [[33mamf[0m] [1;32mINFO[0m:     RAN_UE_NGAP_ID[13] AMF_UE_NGAP_ID[13] (../src/amf/ngap-handler.c:1678)
[32m07/31 02:31:15.157[0m: [[33mamf[0m] [1;32mINFO[0m:     SUCI[suci-0-999-70-0000-0-0-0000000001] (../src/amf/ngap-handler.c:1681)
[32m07/31 02:31:15.157[0m: [[33mamf[0m] [1;32mINFO[0m: [Removed] Number of gNB-UEs is now 0 (../src/amf/context.c:2530)
[32m07/31 02:31:16.658[0m: [[33mamf[0m] [1;32mINFO[0m: InitialUEMessage (../src/amf/ngap-handler.c:401)
[32m07/31 02:31:16.658[0m: [[33mamf[0m] [1;32mINFO[0m: [Added] Number of gNB-UEs is now 1 (../src/amf/context.c:2523)
[32m07/31 02:31:16.658[0m: [[33mamf[0m] [1;32mINFO[0m: [suci-0-999-70-0000-0-0-0000000001]    5G-S_TMSI[AMF_ID:0x20040,M_TMSI:0xc0000348] (../src/amf/ngap-handler.c:482)
[32m07/31 02:31:16.658[0m: [[33mamf[0m] [1;32mINFO[0m:     RAN_UE_NGAP_ID[14] AMF_UE_NGAP_ID[14] TAC[1] CellID[0x10] (../src/amf/ngap-handler.c:562)
[32m07/31 02:31:16.658[0m: [[33mgmm[0m] [1;32mINFO[0m: Registration request (../src/amf/gmm-sm.c:1061)
[32m07/31 02:31:16.658[0m: [[33mgmm[0m] [1;32mINFO[0m: [suci-0-999-70-0000-0-0-0000000001]    5G-S_GUTI[AMF_ID:0x20040,M_TMSI:0xc0000348] (../src/amf/gmm-handler.c:170)
[32m07/31 02:31:17.668[0m: [[33mgmm[0m] [1;36mWARNING[0m: [imsi-999700000000001] Security mode reject : Cause[24] (../src/amf/gmm-sm.c:1719)
[32m07/31 02:31:17.668[0m: [[33mamf[0m] [1;32mINFO[0m: UE Context Release [Action:3] (../src/amf/ngap-handler.c:1677)
[32m07/31 02:31:17.668[0m: [[33mamf[0m] [1;32mINFO[0m:     RAN_UE_NGAP_ID[14] AMF_UE_NGAP_ID[14] (../src/amf/ngap-handler.c:1678)
[32m07/31 02:31:17.668[0m: [[33mamf[0m] [1;32mINFO[0m:     SUCI[suci-0-999-70-0000-0-0-0000000001] (../src/amf/ngap-handler.c:1681)
[32m07/31 02:31:17.668[0m: [[33mamf[0m] [1;32mINFO[0m: [Removed] Number of gNB-UEs is now 0 (../src/amf/context.c:2530)
[32m07/31 02:31:17.668[0m: [[33mamf[0m] [1;32mINFO[0m: [Removed] Number of AMF-UEs is now 0 (../src/amf/context.c:1663)
[32m07/31 02:31:19.170[0m: [[33mamf[0m] [1;32mINFO[0m: InitialUEMessage (../src/amf/ngap-handler.c:401)
[32m07/31 02:31:19.170[0m: [[33mamf[0m] [1;32mINFO[0m: [Added] Number of gNB-UEs is now 1 (../src/amf/context.c:2523)
[32m07/31 02:31:19.170[0m: [[33mamf[0m] [1;32mINFO[0m: Unknown UE by 5G-S_TMSI[AMF_ID:0x20040,M_TMSI:0xc0000348] (../src/amf/ngap-handler.c:479)
[32m07/31 02:31:19.170[0m: [[33mamf[0m] [1;32mINFO[0m:     RAN_UE_NGAP_ID[15] AMF_UE_NGAP_ID[15] TAC[1] CellID[0x10] (../src/amf/ngap-handler.c:562)
[32m07/31 02:31:19.170[0m: [[33mamf[0m] [1;32mINFO[0m: Unknown UE by 5G-S_TMSI[AMF_ID:0x20040,M_TMSI:0xc0000348] (../src/amf/context.c:1807)
[32m07/31 02:31:19.170[0m: [[33mamf[0m] [1;32mINFO[0m: [Added] Number of AMF-UEs is now 1 (../src/amf/context.c:1570)
[32m07/31 02:31:19.170[0m: [[33mgmm[0m] [1;32mINFO[0m: Registration request (../src/amf/gmm-sm.c:1061)
[32m07/31 02:31:19.170[0m: [[33mgmm[0m] [1;32mINFO[0m: [Unknown ID]    5G-S_GUTI[AMF_ID:0x20040,M_TMSI:0xc0000348] (../src/amf/gmm-handler.c:170)
[32m07/31 02:31:19.673[0m: [[33mgmm[0m] [1;32mINFO[0m: Registration request (../src/amf/gmm-sm.c:1061)
[32m07/31 02:31:19.673[0m: [[33mgmm[0m] [1;32mINFO[0m: [suci-0-999-70-0000-0-0-0000000001]    SUCI (../src/amf/gmm-handler.c:157)
[32m07/31 02:31:19.673[0m: [[33mamf[0m] [1;36mWARNING[0m: GUTI has already been allocated (../src/amf/context.c:1380)
[32m07/31 02:31:21.192[0m: [[33mgmm[0m] [1;32mINFO[0m: [imsi-999700000000001] Registration complete (../src/amf/gmm-sm.c:1993)
[32m07/31 02:31:21.192[0m: [[33mamf[0m] [1;32mINFO[0m: [imsi-999700000000001] Configuration update command (../src/amf/nas-path.c:612)
[32m07/31 02:31:21.192[0m: [[33mgmm[0m] [1;32mINFO[0m:     UTC [2026-07-31T09:31:21] Timezone[0]/DST[0] (../src/amf/gmm-build.c:558)
[32m07/31 02:31:21.192[0m: [[33mgmm[0m] [1;32mINFO[0m:     LOCAL [2026-07-31T02:31:21] Timezone[-25200]/DST[1] (../src/amf/gmm-build.c:563)
[32m07/31 02:31:21.694[0m: [[33mgmm[0m] [1;32mINFO[0m: [imsi-999700000000001] Deregistration request (../src/amf/gmm-sm.c:1272)
[32m07/31 02:31:21.694[0m: [[33mgmm[0m] [1;32mINFO[0m: [suci-0-999-70-0000-0-0-0000000001]    SUCI (../src/amf/gmm-handler.c:798)
[32m07/31 02:31:21.696[0m: [[33mamf[0m] [1;32mINFO[0m: UE Context Release [Action:2] (../src/amf/ngap-handler.c:1677)
[32m07/31 02:31:21.696[0m: [[33mamf[0m] [1;32mINFO[0m:     RAN_UE_NGAP_ID[15] AMF_UE_NGAP_ID[15] (../src/amf/ngap-handler.c:1678)
[32m07/31 02:31:21.696[0m: [[33mamf[0m] [1;32mINFO[0m:     SUCI[suci-0-999-70-0000-0-0-0000000001] (../src/amf/ngap-handler.c:1681)
[32m07/31 02:31:21.696[0m: [[33mamf[0m] [1;32mINFO[0m: [Removed] Number of gNB-UEs is now 0 (../src/amf/context.c:2530)
[32m07/31 02:31:23.196[0m: [[33mamf[0m] [1;32mINFO[0m: InitialUEMessage (../src/amf/ngap-handler.c:401)
[32m07/31 02:31:23.197[0m: [[33mamf[0m] [1;32mINFO[0m: [Added] Number of gNB-UEs is now 1 (../src/amf/context.c:2523)
[32m07/31 02:31:23.197[0m: [[33mamf[0m] [1;32mINFO[0m: [suci-0-999-70-0000-0-0-0000000001]    5G-S_TMSI[AMF_ID:0x20040,M_TMSI:0xc0000487] (../src/amf/ngap-handler.c:482)
[32m07/31 02:31:23.197[0m: [[33mamf[0m] [1;32mINFO[0m:     RAN_UE_NGAP_ID[16] AMF_UE_NGAP_ID[16] TAC[1] CellID[0x10] (../src/amf/ngap-handler.c:562)
[32m07/31 02:31:23.197[0m: [[33mgmm[0m] [1;32mINFO[0m: Registration request (../src/amf/gmm-sm.c:1061)
[32m07/31 02:31:23.197[0m: [[33mgmm[0m] [1;32mINFO[0m: [suci-0-999-70-0000-0-0-0000000001]    5G-S_GUTI[AMF_ID:0x20040,M_TMSI:0xc0000487] (../src/amf/gmm-handler.c:170)
[32m07/31 02:31:24.206[0m: [[33mgmm[0m] [1;36mWARNING[0m: [imsi-999700000000001] Security mode reject : Cause[24] (../src/amf/gmm-sm.c:1719)
[32m07/31 02:31:24.207[0m: [[33mamf[0m] [1;32mINFO[0m: UE Context Release [Action:3] (../src/amf/ngap-handler.c:1677)
[32m07/31 02:31:24.207[0m: [[33mamf[0m] [1;32mINFO[0m:     RAN_UE_NGAP_ID[16] AMF_UE_NGAP_ID[16] (../src/amf/ngap-handler.c:1678)
[32m07/31 02:31:24.207[0m: [[33mamf[0m] [1;32mINFO[0m:     SUCI[suci-0-999-70-0000-0-0-0000000001] (../src/amf/ngap-handler.c:1681)
[32m07/31 02:31:24.207[0m: [[33mamf[0m] [1;32mINFO[0m: [Removed] Number of gNB-UEs is now 0 (../src/amf/context.c:2530)
[32m07/31 02:31:24.207[0m: [[33mamf[0m] [1;32mINFO[0m: [Removed] Number of AMF-UEs is now 0 (../src/amf/context.c:1663)
[32m07/31 02:31:25.708[0m: [[33mamf[0m] [1;32mINFO[0m: InitialUEMessage (../src/amf/ngap-handler.c:401)
[32m07/31 02:31:25.708[0m: [[33mamf[0m] [1;32mINFO[0m: [Added] Number of gNB-UEs is now 1 (../src/amf/context.c:2523)
[32m07/31 02:31:25.708[0m: [[33mamf[0m] [1;32mINFO[0m: Unknown UE by 5G-S_TMSI[AMF_ID:0x20040,M_TMSI:0xc0000487] (../src/amf/ngap-handler.c:479)
[32m07/31 02:31:25.708[0m: [[33mamf[0m] [1;32mINFO[0m:     RAN_UE_NGAP_ID[17] AMF_UE_NGAP_ID[17] TAC[1] CellID[0x10] (../src/amf/ngap-handler.c:562)
[32m07/31 02:31:25.708[0m: [[33mamf[0m] [1;32mINFO[0m: Unknown UE by 5G-S_TMSI[AMF_ID:0x20040,M_TMSI:0xc0000487] (../src/amf/context.c:1807)
[32m07/31 02:31:25.708[0m: [[33mamf[0m] [1;32mINFO[0m: [Added] Number of AMF-UEs is now 1 (../src/amf/context.c:1570)
[32m07/31 02:31:25.708[0m: [[33mgmm[0m] [1;32mINFO[0m: Registration request (../src/amf/gmm-sm.c:1061)
[32m07/31 02:31:25.708[0m: [[33mgmm[0m] [1;32mINFO[0m: [Unknown ID]    5G-S_GUTI[AMF_ID:0x20040,M_TMSI:0xc0000487] (../src/amf/gmm-handler.c:170)
[32m07/31 02:31:26.210[0m: [[33mgmm[0m] [1;32mINFO[0m: Registration request (../src/amf/gmm-sm.c:1061)
[32m07/31 02:31:26.210[0m: [[33mgmm[0m] [1;32mINFO[0m: [suci-0-999-70-0000-0-0-0000000001]    SUCI (../src/amf/gmm-handler.c:157)
[32m07/31 02:31:26.210[0m: [[33mamf[0m] [1;36mWARNING[0m: GUTI has already been allocated (../src/amf/context.c:1380)
[32m07/31 02:31:27.737[0m: [[33mgmm[0m] [1;32mINFO[0m: [imsi-999700000000001] Registration complete (../src/amf/gmm-sm.c:1993)
[32m07/31 02:31:27.737[0m: [[33mamf[0m] [1;32mINFO[0m: [imsi-999700000000001] Configuration update command (../src/amf/nas-path.c:612)
[32m07/31 02:31:27.737[0m: [[33mgmm[0m] [1;32mINFO[0m:     UTC [2026-07-31T09:31:27] Timezone[0]/DST[0] (../src/amf/gmm-build.c:558)
[32m07/31 02:31:27.737[0m: [[33mgmm[0m] [1;32mINFO[0m:     LOCAL [2026-07-31T02:31:27] Timezone[-25200]/DST[1] (../src/amf/gmm-build.c:563)
[32m07/31 02:31:28.239[0m: [[33mgmm[0m] [1;32mINFO[0m: [imsi-999700000000001] Deregistration request (../src/amf/gmm-sm.c:1272)
[32m07/31 02:31:28.239[0m: [[33mgmm[0m] [1;32mINFO[0m: [suci-0-999-70-0000-0-0-0000000001]    SUCI (../src/amf/gmm-handler.c:798)
[32m07/31 02:31:28.241[0m: [[33mamf[0m] [1;32mINFO[0m: UE Context Release [Action:2] (../src/amf/ngap-handler.c:1677)
[32m07/31 02:31:28.241[0m: [[33mamf[0m] [1;32mINFO[0m:     RAN_UE_NGAP_ID[17] AMF_UE_NGAP_ID[17] (../src/amf/ngap-handler.c:1678)
[32m07/31 02:31:28.241[0m: [[33mamf[0m] [1;32mINFO[0m:     SUCI[suci-0-999-70-0000-0-0-0000000001] (../src/amf/ngap-handler.c:1681)
[32m07/31 02:31:28.241[0m: [[33mamf[0m] [1;32mINFO[0m: [Removed] Number of gNB-UEs is now 0 (../src/amf/context.c:2530)
[32m07/31 02:31:29.742[0m: [[33mamf[0m] [1;32mINFO[0m: InitialUEMessage (../src/amf/ngap-handler.c:401)
[32m07/31 02:31:29.742[0m: [[33mamf[0m] [1;32mINFO[0m: [Added] Number of gNB-UEs is now 1 (../src/amf/context.c:2523)
[32m07/31 02:31:29.742[0m: [[33mamf[0m] [1;32mINFO[0m: [suci-0-999-70-0000-0-0-0000000001]    5G-S_TMSI[AMF_ID:0x20040,M_TMSI:0xc000064b] (../src/amf/ngap-handler.c:482)
[32m07/31 02:31:29.742[0m: [[33mamf[0m] [1;32mINFO[0m:     RAN_UE_NGAP_ID[18] AMF_UE_NGAP_ID[18] TAC[1] CellID[0x10] (../src/amf/ngap-handler.c:562)
[32m07/31 02:31:29.742[0m: [[33mgmm[0m] [1;32mINFO[0m: Registration request (../src/amf/gmm-sm.c:1061)
[32m07/31 02:31:29.742[0m: [[33mgmm[0m] [1;32mINFO[0m: [suci-0-999-70-0000-0-0-0000000001]    5G-S_GUTI[AMF_ID:0x20040,M_TMSI:0xc000064b] (../src/amf/gmm-handler.c:170)
[32m07/31 02:31:30.752[0m: [[33mgmm[0m] [1;36mWARNING[0m: [imsi-999700000000001] Security mode reject : Cause[24] (../src/amf/gmm-sm.c:1719)
[32m07/31 02:31:30.752[0m: [[33mamf[0m] [1;32mINFO[0m: UE Context Release [Action:3] (../src/amf/ngap-handler.c:1677)
[32m07/31 02:31:30.752[0m: [[33mamf[0m] [1;32mINFO[0m:     RAN_UE_NGAP_ID[18] AMF_UE_NGAP_ID[18] (../src/amf/ngap-handler.c:1678)
[32m07/31 02:31:30.752[0m: [[33mamf[0m] [1;32mINFO[0m:     SUCI[suci-0-999-70-0000-0-0-0000000001] (../src/amf/ngap-handler.c:1681)
[32m07/31 02:31:30.753[0m: [[33mamf[0m] [1;32mINFO[0m: [Removed] Number of gNB-UEs is now 0 (../src/amf/context.c:2530)
[32m07/31 02:31:30.753[0m: [[33mamf[0m] [1;32mINFO[0m: [Removed] Number of AMF-UEs is now 0 (../src/amf/context.c:1663)
[32m07/31 02:31:32.254[0m: [[33mamf[0m] [1;32mINFO[0m: InitialUEMessage (../src/amf/ngap-handler.c:401)
[32m07/31 02:31:32.254[0m: [[33mamf[0m] [1;32mINFO[0m: [Added] Number of gNB-UEs is now 1 (../src/amf/context.c:2523)
[32m07/31 02:31:32.254[0m: [[33mamf[0m] [1;32mINFO[0m: Unknown UE by 5G-S_TMSI[AMF_ID:0x20040,M_TMSI:0xc000064b] (../src/amf/ngap-handler.c:479)
[32m07/31 02:31:32.254[0m: [[33mamf[0m] [1;32mINFO[0m:     RAN_UE_NGAP_ID[19] AMF_UE_NGAP_ID[19] TAC[1] CellID[0x10] (../src/amf/ngap-handler.c:562)
[32m07/31 02:31:32.254[0m: [[33mamf[0m] [1;32mINFO[0m: Unknown UE by 5G-S_TMSI[AMF_ID:0x20040,M_TMSI:0xc000064b] (../src/amf/context.c:1807)
[32m07/31 02:31:32.254[0m: [[33mamf[0m] [1;32mINFO[0m: [Added] Number of AMF-UEs is now 1 (../src/amf/context.c:1570)
[32m07/31 02:31:32.254[0m: [[33mgmm[0m] [1;32mINFO[0m: Registration request (../src/amf/gmm-sm.c:1061)
[32m07/31 02:31:32.254[0m: [[33mgmm[0m] [1;32mINFO[0m: [Unknown ID]    5G-S_GUTI[AMF_ID:0x20040,M_TMSI:0xc000064b] (../src/amf/gmm-handler.c:170)
[32m07/31 02:31:32.757[0m: [[33mgmm[0m] [1;32mINFO[0m: Registration request (../src/amf/gmm-sm.c:1061)
[32m07/31 02:31:32.757[0m: [[33mgmm[0m] [1;32mINFO[0m: [suci-0-999-70-0000-0-0-0000000001]    SUCI (../src/amf/gmm-handler.c:157)
[32m07/31 02:31:32.757[0m: [[33mamf[0m] [1;36mWARNING[0m: GUTI has already been allocated (../src/amf/context.c:1380)
[32m07/31 02:31:34.279[0m: [[33mgmm[0m] [1;32mINFO[0m: [imsi-999700000000001] Registration complete (../src/amf/gmm-sm.c:1993)
[32m07/31 02:31:34.279[0m: [[33mamf[0m] [1;32mINFO[0m: [imsi-999700000000001] Configuration update command (../src/amf/nas-path.c:612)
[32m07/31 02:31:34.279[0m: [[33mgmm[0m] [1;32mINFO[0m:     UTC [2026-07-31T09:31:34] Timezone[0]/DST[0] (../src/amf/gmm-build.c:558)
[32m07/31 02:31:34.279[0m: [[33mgmm[0m] [1;32mINFO[0m:     LOCAL [2026-07-31T02:31:34] Timezone[-25200]/DST[1] (../src/amf/gmm-build.c:563)
[32m07/31 02:31:34.782[0m: [[33mgmm[0m] [1;32mINFO[0m: [imsi-999700000000001] Deregistration request (../src/amf/gmm-sm.c:1272)
[32m07/31 02:31:34.782[0m: [[33mgmm[0m] [1;32mINFO[0m: [suci-0-999-70-0000-0-0-0000000001]    SUCI (../src/amf/gmm-handler.c:798)
[32m07/31 02:31:34.785[0m: [[33mamf[0m] [1;32mINFO[0m: UE Context Release [Action:2] (../src/amf/ngap-handler.c:1677)
[32m07/31 02:31:34.785[0m: [[33mamf[0m] [1;32mINFO[0m:     RAN_UE_NGAP_ID[19] AMF_UE_NGAP_ID[19] (../src/amf/ngap-handler.c:1678)
[32m07/31 02:31:34.785[0m: [[33mamf[0m] [1;32mINFO[0m:     SUCI[suci-0-999-70-0000-0-0-0000000001] (../src/amf/ngap-handler.c:1681)
[32m07/31 02:31:34.785[0m: [[33mamf[0m] [1;32mINFO[0m: [Removed] Number of gNB-UEs is now 0 (../src/amf/context.c:2530)
[32m07/31 02:31:36.285[0m: [[33mamf[0m] [1;32mINFO[0m: InitialUEMessage (../src/amf/ngap-handler.c:401)
[32m07/31 02:31:36.285[0m: [[33mamf[0m] [1;32mINFO[0m: [Added] Number of gNB-UEs is now 1 (../src/amf/context.c:2523)
[32m07/31 02:31:36.285[0m: [[33mamf[0m] [1;32mINFO[0m: [suci-0-999-70-0000-0-0-0000000001]    5G-S_TMSI[AMF_ID:0x20040,M_TMSI:0xc0000556] (../src/amf/ngap-handler.c:482)
[32m07/31 02:31:36.285[0m: [[33mamf[0m] [1;32mINFO[0m:     RAN_UE_NGAP_ID[20] AMF_UE_NGAP_ID[20] TAC[1] CellID[0x10] (../src/amf/ngap-handler.c:562)
[32m07/31 02:31:36.285[0m: [[33mgmm[0m] [1;32mINFO[0m: Registration request (../src/amf/gmm-sm.c:1061)
[32m07/31 02:31:36.285[0m: [[33mgmm[0m] [1;32mINFO[0m: [suci-0-999-70-0000-0-0-0000000001]    5G-S_GUTI[AMF_ID:0x20040,M_TMSI:0xc0000556] (../src/amf/gmm-handler.c:170)
[32m07/31 02:31:37.296[0m: [[33mgmm[0m] [1;36mWARNING[0m: [imsi-999700000000001] Security mode reject : Cause[24] (../src/amf/gmm-sm.c:1719)
[32m07/31 02:31:37.296[0m: [[33mamf[0m] [1;32mINFO[0m: UE Context Release [Action:3] (../src/amf/ngap-handler.c:1677)
[32m07/31 02:31:37.296[0m: [[33mamf[0m] [1;32mINFO[0m:     RAN_UE_NGAP_ID[20] AMF_UE_NGAP_ID[20] (../src/amf/ngap-handler.c:1678)
[32m07/31 02:31:37.296[0m: [[33mamf[0m] [1;32mINFO[0m:     SUCI[suci-0-999-70-0000-0-0-0000000001] (../src/amf/ngap-handler.c:1681)
[32m07/31 02:31:37.296[0m: [[33mamf[0m] [1;32mINFO[0m: [Removed] Number of gNB-UEs is now 0 (../src/amf/context.c:2530)
[32m07/31 02:31:37.296[0m: [[33mamf[0m] [1;32mINFO[0m: [Removed] Number of AMF-UEs is now 0 (../src/amf/context.c:1663)
[32m07/31 02:31:38.798[0m: [[33mamf[0m] [1;32mINFO[0m: InitialUEMessage (../src/amf/ngap-handler.c:401)
[32m07/31 02:31:38.799[0m: [[33mamf[0m] [1;32mINFO[0m: [Added] Number of gNB-UEs is now 1 (../src/amf/context.c:2523)
[32m07/31 02:31:38.799[0m: [[33mamf[0m] [1;32mINFO[0m: Unknown UE by 5G-S_TMSI[AMF_ID:0x20040,M_TMSI:0xc0000556] (../src/amf/ngap-handler.c:479)
[32m07/31 02:31:38.799[0m: [[33mamf[0m] [1;32mINFO[0m:     RAN_UE_NGAP_ID[21] AMF_UE_NGAP_ID[21] TAC[1] CellID[0x10] (../src/amf/ngap-handler.c:562)
[32m07/31 02:31:38.799[0m: [[33mamf[0m] [1;32mINFO[0m: Unknown UE by 5G-S_TMSI[AMF_ID:0x20040,M_TMSI:0xc0000556] (../src/amf/context.c:1807)
[32m07/31 02:31:38.799[0m: [[33mamf[0m] [1;32mINFO[0m: [Added] Number of AMF-UEs is now 1 (../src/amf/context.c:1570)
[32m07/31 02:31:38.799[0m: [[33mgmm[0m] [1;32mINFO[0m: Registration request (../src/amf/gmm-sm.c:1061)
[32m07/31 02:31:38.799[0m: [[33mgmm[0m] [1;32mINFO[0m: [Unknown ID]    5G-S_GUTI[AMF_ID:0x20040,M_TMSI:0xc0000556] (../src/amf/gmm-handler.c:170)
[32m07/31 02:31:39.300[0m: [[33mgmm[0m] [1;32mINFO[0m: Registration request (../src/amf/gmm-sm.c:1061)
[32m07/31 02:31:39.300[0m: [[33mgmm[0m] [1;32mINFO[0m: [suci-0-999-70-0000-0-0-0000000001]    SUCI (../src/amf/gmm-handler.c:157)
[32m07/31 02:31:39.300[0m: [[33mamf[0m] [1;36mWARNING[0m: GUTI has already been allocated (../src/amf/context.c:1380)
[32m07/31 02:32:09.322[0m: [[33mgmm[0m] [1;36mWARNING[0m: [suci-0-999-70-0000-0-0-0000000001] Retransmission failed. Stop retransmission (../src/amf/gmm-sm.c:1520)
[32m07/31 02:32:09.322[0m: [[33mamf[0m] [1;36mWARNING[0m: [suci-0-999-70-0000-0-0-0000000001] Authentication reject (../src/amf/nas-path.c:538)
[32m07/31 02:32:09.322[0m: [[33mamf[0m] [1;32mINFO[0m: UE Context Release [Action:3] (../src/amf/ngap-handler.c:1677)
[32m07/31 02:32:09.322[0m: [[33mamf[0m] [1;32mINFO[0m:     RAN_UE_NGAP_ID[21] AMF_UE_NGAP_ID[21] (../src/amf/ngap-handler.c:1678)
[32m07/31 02:32:09.322[0m: [[33mamf[0m] [1;32mINFO[0m:     SUCI[suci-0-999-70-0000-0-0-0000000001] (../src/amf/ngap-handler.c:1681)
[32m07/31 02:32:09.322[0m: [[33mamf[0m] [1;32mINFO[0m: [Removed] Number of gNB-UEs is now 0 (../src/amf/context.c:2530)
[32m07/31 02:32:09.322[0m: [[33mamf[0m] [1;32mINFO[0m: [Removed] Number of AMF-UEs is now 0 (../src/amf/context.c:1663)
[32m07/31 02:33:10.020[0m: [[33mamf[0m] [1;32mINFO[0m: gNB-N2[127.0.0.1] connection refused!!! (../src/amf/amf-sm.c:793)
[32m07/31 02:33:10.020[0m: [[33mamf[0m] [1;32mINFO[0m: [Removed] Number of gNBs is now 0 (../src/amf/context.c:1212)
[32m07/31 02:33:10.785[0m: [[33mamf[0m] [1;32mINFO[0m: gNB-N2 accepted[127.0.0.1]:42098 in ng-path module (../src/amf/ngap-sctp.c:113)
[32m07/31 02:33:10.785[0m: [[33mamf[0m] [1;32mINFO[0m: gNB-N2 accepted[127.0.0.1] in master_sm module (../src/amf/amf-sm.c:741)
[32m07/31 02:33:10.785[0m: [[33mamf[0m] [1;32mINFO[0m: [Added] Number of gNBs is now 1 (../src/amf/context.c:1185)
[32m07/31 02:33:10.785[0m: [[33mamf[0m] [1;32mINFO[0m: gNB-N2[127.0.0.1] max_num_of_ostreams : 10 (../src/amf/amf-sm.c:780)
[32m07/31 02:33:19.561[0m: [[33mamf[0m] [1;32mINFO[0m: InitialUEMessage (../src/amf/ngap-handler.c:401)
[32m07/31 02:33:19.561[0m: [[33mamf[0m] [1;32mINFO[0m: [Added] Number of gNB-UEs is now 1 (../src/amf/context.c:2523)
[32m07/31 02:33:19.561[0m: [[33mamf[0m] [1;32mINFO[0m:     RAN_UE_NGAP_ID[1] AMF_UE_NGAP_ID[22] TAC[1] CellID[0x10] (../src/amf/ngap-handler.c:562)
[32m07/31 02:33:19.561[0m: [[33mamf[0m] [1;32mINFO[0m: [suci-0-999-70-0000-0-0-0000000002] Unknown UE by SUCI (../src/amf/context.c:1789)
[32m07/31 02:33:19.561[0m: [[33mamf[0m] [1;32mINFO[0m: [Added] Number of AMF-UEs is now 1 (../src/amf/context.c:1570)
[32m07/31 02:33:19.561[0m: [[33mgmm[0m] [1;32mINFO[0m: Registration request (../src/amf/gmm-sm.c:1061)
[32m07/31 02:33:19.561[0m: [[33mgmm[0m] [1;32mINFO[0m: [suci-0-999-70-0000-0-0-0000000002]    SUCI (../src/amf/gmm-handler.c:157)
[32m07/31 02:33:21.081[0m: [[33mgmm[0m] [1;32mINFO[0m: [imsi-999700000000002] Registration complete (../src/amf/gmm-sm.c:1993)
[32m07/31 02:33:21.081[0m: [[33mamf[0m] [1;32mINFO[0m: [imsi-999700000000002] Configuration update command (../src/amf/nas-path.c:612)
[32m07/31 02:33:21.081[0m: [[33mgmm[0m] [1;32mINFO[0m:     UTC [2026-07-31T09:33:21] Timezone[0]/DST[0] (../src/amf/gmm-build.c:558)
[32m07/31 02:33:21.081[0m: [[33mgmm[0m] [1;32mINFO[0m:     LOCAL [2026-07-31T02:33:21] Timezone[-25200]/DST[1] (../src/amf/gmm-build.c:563)
[32m07/31 02:33:21.584[0m: [[33mgmm[0m] [1;32mINFO[0m: [imsi-999700000000002] Deregistration request (../src/amf/gmm-sm.c:1272)
[32m07/31 02:33:21.584[0m: [[33mgmm[0m] [1;32mINFO[0m: [suci-0-999-70-0000-0-0-0000000002]    SUCI (../src/amf/gmm-handler.c:798)
[32m07/31 02:33:21.586[0m: [[33mamf[0m] [1;32mINFO[0m: UE Context Release [Action:2] (../src/amf/ngap-handler.c:1677)
[32m07/31 02:33:21.586[0m: [[33mamf[0m] [1;32mINFO[0m:     RAN_UE_NGAP_ID[1] AMF_UE_NGAP_ID[22] (../src/amf/ngap-handler.c:1678)
[32m07/31 02:33:21.586[0m: [[33mamf[0m] [1;32mINFO[0m:     SUCI[suci-0-999-70-0000-0-0-0000000002] (../src/amf/ngap-handler.c:1681)
[32m07/31 02:33:21.586[0m: [[33mamf[0m] [1;32mINFO[0m: [Removed] Number of gNB-UEs is now 0 (../src/amf/context.c:2530)
[32m07/31 02:33:23.088[0m: [[33mamf[0m] [1;32mINFO[0m: InitialUEMessage (../src/amf/ngap-handler.c:401)
[32m07/31 02:33:23.089[0m: [[33mamf[0m] [1;32mINFO[0m: [Added] Number of gNB-UEs is now 1 (../src/amf/context.c:2523)
[32m07/31 02:33:23.089[0m: [[33mamf[0m] [1;32mINFO[0m: [suci-0-999-70-0000-0-0-0000000002]    5G-S_TMSI[AMF_ID:0x20040,M_TMSI:0xc000014e] (../src/amf/ngap-handler.c:482)
[32m07/31 02:33:23.089[0m: [[33mamf[0m] [1;32mINFO[0m:     RAN_UE_NGAP_ID[2] AMF_UE_NGAP_ID[23] TAC[1] CellID[0x10] (../src/amf/ngap-handler.c:562)
[32m07/31 02:33:23.089[0m: [[33mgmm[0m] [1;32mINFO[0m: Registration request (../src/amf/gmm-sm.c:1061)
[32m07/31 02:33:23.089[0m: [[33mgmm[0m] [1;32mINFO[0m: [suci-0-999-70-0000-0-0-0000000002]    5G-S_GUTI[AMF_ID:0x20040,M_TMSI:0xc000014e] (../src/amf/gmm-handler.c:170)
[32m07/31 02:33:24.099[0m: [[33mgmm[0m] [1;36mWARNING[0m: [imsi-999700000000002] Security mode reject : Cause[24] (../src/amf/gmm-sm.c:1719)
[32m07/31 02:33:24.099[0m: [[33mamf[0m] [1;32mINFO[0m: UE Context Release [Action:3] (../src/amf/ngap-handler.c:1677)
[32m07/31 02:33:24.099[0m: [[33mamf[0m] [1;32mINFO[0m:     RAN_UE_NGAP_ID[2] AMF_UE_NGAP_ID[23] (../src/amf/ngap-handler.c:1678)
[32m07/31 02:33:24.099[0m: [[33mamf[0m] [1;32mINFO[0m:     SUCI[suci-0-999-70-0000-0-0-0000000002] (../src/amf/ngap-handler.c:1681)
[32m07/31 02:33:24.099[0m: [[33mamf[0m] [1;32mINFO[0m: [Removed] Number of gNB-UEs is now 0 (../src/amf/context.c:2530)
[32m07/31 02:33:24.099[0m: [[33mamf[0m] [1;32mINFO[0m: [Removed] Number of AMF-UEs is now 0 (../src/amf/context.c:1663)
[32m07/31 02:33:25.601[0m: [[33mamf[0m] [1;32mINFO[0m: InitialUEMessage (../src/amf/ngap-handler.c:401)
[32m07/31 02:33:25.601[0m: [[33mamf[0m] [1;32mINFO[0m: [Added] Number of gNB-UEs is now 1 (../src/amf/context.c:2523)
[32m07/31 02:33:25.601[0m: [[33mamf[0m] [1;32mINFO[0m: Unknown UE by 5G-S_TMSI[AMF_ID:0x20040,M_TMSI:0xc000014e] (../src/amf/ngap-handler.c:479)
[32m07/31 02:33:25.601[0m: [[33mamf[0m] [1;32mINFO[0m:     RAN_UE_NGAP_ID[3] AMF_UE_NGAP_ID[24] TAC[1] CellID[0x10] (../src/amf/ngap-handler.c:562)
[32m07/31 02:33:25.601[0m: [[33mamf[0m] [1;32mINFO[0m: Unknown UE by 5G-S_TMSI[AMF_ID:0x20040,M_TMSI:0xc000014e] (../src/amf/context.c:1807)
[32m07/31 02:33:25.601[0m: [[33mamf[0m] [1;32mINFO[0m: [Added] Number of AMF-UEs is now 1 (../src/amf/context.c:1570)
[32m07/31 02:33:25.601[0m: [[33mgmm[0m] [1;32mINFO[0m: Registration request (../src/amf/gmm-sm.c:1061)
[32m07/31 02:33:25.601[0m: [[33mgmm[0m] [1;32mINFO[0m: [Unknown ID]    5G-S_GUTI[AMF_ID:0x20040,M_TMSI:0xc000014e] (../src/amf/gmm-handler.c:170)
[32m07/31 02:33:26.103[0m: [[33mgmm[0m] [1;32mINFO[0m: Identity response (../src/amf/gmm-sm.c:1234)
[32m07/31 02:33:26.103[0m: [[33mgmm[0m] [1;32mINFO[0m: [suci-0-999-70-0000-0-0-0000000002]    SUCI (../src/amf/gmm-handler.c:927)
[32m07/31 02:33:27.620[0m: [[33mgmm[0m] [1;32mINFO[0m: [imsi-999700000000002] Registration complete (../src/amf/gmm-sm.c:1993)
[32m07/31 02:33:27.620[0m: [[33mamf[0m] [1;32mINFO[0m: [imsi-999700000000002] Configuration update command (../src/amf/nas-path.c:612)
[32m07/31 02:33:27.620[0m: [[33mgmm[0m] [1;32mINFO[0m:     UTC [2026-07-31T09:33:27] Timezone[0]/DST[0] (../src/amf/gmm-build.c:558)
[32m07/31 02:33:27.620[0m: [[33mgmm[0m] [1;32mINFO[0m:     LOCAL [2026-07-31T02:33:27] Timezone[-25200]/DST[1] (../src/amf/gmm-build.c:563)
[32m07/31 02:33:28.122[0m: [[33mgmm[0m] [1;32mINFO[0m: [imsi-999700000000002] Deregistration request (../src/amf/gmm-sm.c:1272)
[32m07/31 02:33:28.122[0m: [[33mgmm[0m] [1;32mINFO[0m: [suci-0-999-70-0000-0-0-0000000002]    SUCI (../src/amf/gmm-handler.c:798)
[32m07/31 02:33:28.123[0m: [[33mamf[0m] [1;32mINFO[0m: UE Context Release [Action:2] (../src/amf/ngap-handler.c:1677)
[32m07/31 02:33:28.123[0m: [[33mamf[0m] [1;32mINFO[0m:     RAN_UE_NGAP_ID[3] AMF_UE_NGAP_ID[24] (../src/amf/ngap-handler.c:1678)
[32m07/31 02:33:28.123[0m: [[33mamf[0m] [1;32mINFO[0m:     SUCI[suci-0-999-70-0000-0-0-0000000002] (../src/amf/ngap-handler.c:1681)
[32m07/31 02:33:28.123[0m: [[33mamf[0m] [1;32mINFO[0m: [Removed] Number of gNB-UEs is now 0 (../src/amf/context.c:2530)
[32m07/31 02:33:29.626[0m: [[33mamf[0m] [1;32mINFO[0m: InitialUEMessage (../src/amf/ngap-handler.c:401)
[32m07/31 02:33:29.626[0m: [[33mamf[0m] [1;32mINFO[0m: [Added] Number of gNB-UEs is now 1 (../src/amf/context.c:2523)
[32m07/31 02:33:29.626[0m: [[33mamf[0m] [1;32mINFO[0m: [suci-0-999-70-0000-0-0-0000000002]    5G-S_TMSI[AMF_ID:0x20040,M_TMSI:0xc0000662] (../src/amf/ngap-handler.c:482)
[32m07/31 02:33:29.626[0m: [[33mamf[0m] [1;32mINFO[0m:     RAN_UE_NGAP_ID[4] AMF_UE_NGAP_ID[25] TAC[1] CellID[0x10] (../src/amf/ngap-handler.c:562)
[32m07/31 02:33:29.626[0m: [[33mgmm[0m] [1;32mINFO[0m: Registration request (../src/amf/gmm-sm.c:1061)
[32m07/31 02:33:29.626[0m: [[33mgmm[0m] [1;32mINFO[0m: [suci-0-999-70-0000-0-0-0000000002]    5G-S_GUTI[AMF_ID:0x20040,M_TMSI:0xc0000662] (../src/amf/gmm-handler.c:170)
[32m07/31 02:33:30.634[0m: [[33mgmm[0m] [1;36mWARNING[0m: [imsi-999700000000002] Security mode reject : Cause[24] (../src/amf/gmm-sm.c:1719)
[32m07/31 02:33:30.634[0m: [[33mamf[0m] [1;32mINFO[0m: UE Context Release [Action:3] (../src/amf/ngap-handler.c:1677)
[32m07/31 02:33:30.634[0m: [[33mamf[0m] [1;32mINFO[0m:     RAN_UE_NGAP_ID[4] AMF_UE_NGAP_ID[25] (../src/amf/ngap-handler.c:1678)
[32m07/31 02:33:30.634[0m: [[33mamf[0m] [1;32mINFO[0m:     SUCI[suci-0-999-70-0000-0-0-0000000002] (../src/amf/ngap-handler.c:1681)
[32m07/31 02:33:30.634[0m: [[33mamf[0m] [1;32mINFO[0m: [Removed] Number of gNB-UEs is now 0 (../src/amf/context.c:2530)
[32m07/31 02:33:30.634[0m: [[33mamf[0m] [1;32mINFO[0m: [Removed] Number of AMF-UEs is now 0 (../src/amf/context.c:1663)
[32m07/31 02:33:32.136[0m: [[33mamf[0m] [1;32mINFO[0m: InitialUEMessage (../src/amf/ngap-handler.c:401)
[32m07/31 02:33:32.136[0m: [[33mamf[0m] [1;32mINFO[0m: [Added] Number of gNB-UEs is now 1 (../src/amf/context.c:2523)
[32m07/31 02:33:32.136[0m: [[33mamf[0m] [1;32mINFO[0m: Unknown UE by 5G-S_TMSI[AMF_ID:0x20040,M_TMSI:0xc0000662] (../src/amf/ngap-handler.c:479)
[32m07/31 02:33:32.136[0m: [[33mamf[0m] [1;32mINFO[0m:     RAN_UE_NGAP_ID[5] AMF_UE_NGAP_ID[26] TAC[1] CellID[0x10] (../src/amf/ngap-handler.c:562)
[32m07/31 02:33:32.136[0m: [[33mamf[0m] [1;32mINFO[0m: Unknown UE by 5G-S_TMSI[AMF_ID:0x20040,M_TMSI:0xc0000662] (../src/amf/context.c:1807)
[32m07/31 02:33:32.136[0m: [[33mamf[0m] [1;32mINFO[0m: [Added] Number of AMF-UEs is now 1 (../src/amf/context.c:1570)
[32m07/31 02:33:32.136[0m: [[33mgmm[0m] [1;32mINFO[0m: Registration request (../src/amf/gmm-sm.c:1061)
[32m07/31 02:33:32.136[0m: [[33mgmm[0m] [1;32mINFO[0m: [Unknown ID]    5G-S_GUTI[AMF_ID:0x20040,M_TMSI:0xc0000662] (../src/amf/gmm-handler.c:170)
[32m07/31 02:33:32.638[0m: [[33mgmm[0m] [1;32mINFO[0m: Identity response (../src/amf/gmm-sm.c:1234)
[32m07/31 02:33:32.638[0m: [[33mgmm[0m] [1;32mINFO[0m: [suci-0-999-70-0000-0-0-0000000002]    SUCI (../src/amf/gmm-handler.c:927)
[32m07/31 02:33:34.157[0m: [[33mgmm[0m] [1;32mINFO[0m: [imsi-999700000000002] Registration complete (../src/amf/gmm-sm.c:1993)
[32m07/31 02:33:34.157[0m: [[33mamf[0m] [1;32mINFO[0m: [imsi-999700000000002] Configuration update command (../src/amf/nas-path.c:612)
[32m07/31 02:33:34.157[0m: [[33mgmm[0m] [1;32mINFO[0m:     UTC [2026-07-31T09:33:34] Timezone[0]/DST[0] (../src/amf/gmm-build.c:558)
[32m07/31 02:33:34.157[0m: [[33mgmm[0m] [1;32mINFO[0m:     LOCAL [2026-07-31T02:33:34] Timezone[-25200]/DST[1] (../src/amf/gmm-build.c:563)
[32m07/31 02:33:34.660[0m: [[33mgmm[0m] [1;32mINFO[0m: [imsi-999700000000002] Deregistration request (../src/amf/gmm-sm.c:1272)
[32m07/31 02:33:34.660[0m: [[33mgmm[0m] [1;32mINFO[0m: [suci-0-999-70-0000-0-0-0000000002]    SUCI (../src/amf/gmm-handler.c:798)
[32m07/31 02:33:34.662[0m: [[33mamf[0m] [1;32mINFO[0m: UE Context Release [Action:2] (../src/amf/ngap-handler.c:1677)
[32m07/31 02:33:34.662[0m: [[33mamf[0m] [1;32mINFO[0m:     RAN_UE_NGAP_ID[5] AMF_UE_NGAP_ID[26] (../src/amf/ngap-handler.c:1678)
[32m07/31 02:33:34.662[0m: [[33mamf[0m] [1;32mINFO[0m:     SUCI[suci-0-999-70-0000-0-0-0000000002] (../src/amf/ngap-handler.c:1681)
[32m07/31 02:33:34.662[0m: [[33mamf[0m] [1;32mINFO[0m: [Removed] Number of gNB-UEs is now 0 (../src/amf/context.c:2530)
[32m07/31 02:33:36.162[0m: [[33mamf[0m] [1;32mINFO[0m: InitialUEMessage (../src/amf/ngap-handler.c:401)
[32m07/31 02:33:36.162[0m: [[33mamf[0m] [1;32mINFO[0m: [Added] Number of gNB-UEs is now 1 (../src/amf/context.c:2523)
[32m07/31 02:33:36.162[0m: [[33mamf[0m] [1;32mINFO[0m: [suci-0-999-70-0000-0-0-0000000002]    5G-S_TMSI[AMF_ID:0x20040,M_TMSI:0xc000034f] (../src/amf/ngap-handler.c:482)
[32m07/31 02:33:36.162[0m: [[33mamf[0m] [1;32mINFO[0m:     RAN_UE_NGAP_ID[6] AMF_UE_NGAP_ID[27] TAC[1] CellID[0x10] (../src/amf/ngap-handler.c:562)
[32m07/31 02:33:36.162[0m: [[33mgmm[0m] [1;32mINFO[0m: Registration request (../src/amf/gmm-sm.c:1061)
[32m07/31 02:33:36.162[0m: [[33mgmm[0m] [1;32mINFO[0m: [suci-0-999-70-0000-0-0-0000000002]    5G-S_GUTI[AMF_ID:0x20040,M_TMSI:0xc000034f] (../src/amf/gmm-handler.c:170)
[32m07/31 02:33:37.173[0m: [[33mgmm[0m] [1;36mWARNING[0m: [imsi-999700000000002] Security mode reject : Cause[24] (../src/amf/gmm-sm.c:1719)
[32m07/31 02:33:37.173[0m: [[33mamf[0m] [1;32mINFO[0m: UE Context Release [Action:3] (../src/amf/ngap-handler.c:1677)
[32m07/31 02:33:37.173[0m: [[33mamf[0m] [1;32mINFO[0m:     RAN_UE_NGAP_ID[6] AMF_UE_NGAP_ID[27] (../src/amf/ngap-handler.c:1678)
[32m07/31 02:33:37.173[0m: [[33mamf[0m] [1;32mINFO[0m:     SUCI[suci-0-999-70-0000-0-0-0000000002] (../src/amf/ngap-handler.c:1681)
[32m07/31 02:33:37.173[0m: [[33mamf[0m] [1;32mINFO[0m: [Removed] Number of gNB-UEs is now 0 (../src/amf/context.c:2530)
[32m07/31 02:33:37.173[0m: [[33mamf[0m] [1;32mINFO[0m: [Removed] Number of AMF-UEs is now 0 (../src/amf/context.c:1663)
[32m07/31 02:33:38.675[0m: [[33mamf[0m] [1;32mINFO[0m: InitialUEMessage (../src/amf/ngap-handler.c:401)
[32m07/31 02:33:38.675[0m: [[33mamf[0m] [1;32mINFO[0m: [Added] Number of gNB-UEs is now 1 (../src/amf/context.c:2523)
[32m07/31 02:33:38.675[0m: [[33mamf[0m] [1;32mINFO[0m: Unknown UE by 5G-S_TMSI[AMF_ID:0x20040,M_TMSI:0xc000034f] (../src/amf/ngap-handler.c:479)
[32m07/31 02:33:38.675[0m: [[33mamf[0m] [1;32mINFO[0m:     RAN_UE_NGAP_ID[7] AMF_UE_NGAP_ID[28] TAC[1] CellID[0x10] (../src/amf/ngap-handler.c:562)
[32m07/31 02:33:38.676[0m: [[33mamf[0m] [1;32mINFO[0m: Unknown UE by 5G-S_TMSI[AMF_ID:0x20040,M_TMSI:0xc000034f] (../src/amf/context.c:1807)
[32m07/31 02:33:38.676[0m: [[33mamf[0m] [1;32mINFO[0m: [Added] Number of AMF-UEs is now 1 (../src/amf/context.c:1570)
[32m07/31 02:33:38.676[0m: [[33mgmm[0m] [1;32mINFO[0m: Registration request (../src/amf/gmm-sm.c:1061)
[32m07/31 02:33:38.676[0m: [[33mgmm[0m] [1;32mINFO[0m: [Unknown ID]    5G-S_GUTI[AMF_ID:0x20040,M_TMSI:0xc000034f] (../src/amf/gmm-handler.c:170)
[32m07/31 02:33:39.179[0m: [[33mgmm[0m] [1;32mINFO[0m: Identity response (../src/amf/gmm-sm.c:1234)
[32m07/31 02:33:39.179[0m: [[33mgmm[0m] [1;32mINFO[0m: [suci-0-999-70-0000-0-0-0000000002]    SUCI (../src/amf/gmm-handler.c:927)
[32m07/31 02:33:40.698[0m: [[33mgmm[0m] [1;32mINFO[0m: [imsi-999700000000002] Registration complete (../src/amf/gmm-sm.c:1993)
[32m07/31 02:33:40.698[0m: [[33mamf[0m] [1;32mINFO[0m: [imsi-999700000000002] Configuration update command (../src/amf/nas-path.c:612)
[32m07/31 02:33:40.698[0m: [[33mgmm[0m] [1;32mINFO[0m:     UTC [2026-07-31T09:33:40] Timezone[0]/DST[0] (../src/amf/gmm-build.c:558)
[32m07/31 02:33:40.698[0m: [[33mgmm[0m] [1;32mINFO[0m:     LOCAL [2026-07-31T02:33:40] Timezone[-25200]/DST[1] (../src/amf/gmm-build.c:563)
[32m07/31 02:33:41.200[0m: [[33mgmm[0m] [1;32mINFO[0m: [imsi-999700000000002] Deregistration request (../src/amf/gmm-sm.c:1272)
[32m07/31 02:33:41.200[0m: [[33mgmm[0m] [1;32mINFO[0m: [suci-0-999-70-0000-0-0-0000000002]    SUCI (../src/amf/gmm-handler.c:798)
[32m07/31 02:33:41.201[0m: [[33mamf[0m] [1;32mINFO[0m: UE Context Release [Action:2] (../src/amf/ngap-handler.c:1677)
[32m07/31 02:33:41.201[0m: [[33mamf[0m] [1;32mINFO[0m:     RAN_UE_NGAP_ID[7] AMF_UE_NGAP_ID[28] (../src/amf/ngap-handler.c:1678)
[32m07/31 02:33:41.201[0m: [[33mamf[0m] [1;32mINFO[0m:     SUCI[suci-0-999-70-0000-0-0-0000000002] (../src/amf/ngap-handler.c:1681)
[32m07/31 02:33:41.201[0m: [[33mamf[0m] [1;32mINFO[0m: [Removed] Number of gNB-UEs is now 0 (../src/amf/context.c:2530)
[32m07/31 02:33:42.703[0m: [[33mamf[0m] [1;32mINFO[0m: InitialUEMessage (../src/amf/ngap-handler.c:401)
[32m07/31 02:33:42.703[0m: [[33mamf[0m] [1;32mINFO[0m: [Added] Number of gNB-UEs is now 1 (../src/amf/context.c:2523)
[32m07/31 02:33:42.703[0m: [[33mamf[0m] [1;32mINFO[0m: [suci-0-999-70-0000-0-0-0000000002]    5G-S_TMSI[AMF_ID:0x20040,M_TMSI:0xc0000242] (../src/amf/ngap-handler.c:482)
[32m07/31 02:33:42.703[0m: [[33mamf[0m] [1;32mINFO[0m:     RAN_UE_NGAP_ID[8] AMF_UE_NGAP_ID[29] TAC[1] CellID[0x10] (../src/amf/ngap-handler.c:562)
[32m07/31 02:33:42.703[0m: [[33mgmm[0m] [1;32mINFO[0m: Registration request (../src/amf/gmm-sm.c:1061)
[32m07/31 02:33:42.703[0m: [[33mgmm[0m] [1;32mINFO[0m: [suci-0-999-70-0000-0-0-0000000002]    5G-S_GUTI[AMF_ID:0x20040,M_TMSI:0xc0000242] (../src/amf/gmm-handler.c:170)
[32m07/31 02:33:43.715[0m: [[33mgmm[0m] [1;36mWARNING[0m: [imsi-999700000000002] Security mode reject : Cause[24] (../src/amf/gmm-sm.c:1719)
[32m07/31 02:33:43.715[0m: [[33mamf[0m] [1;32mINFO[0m: UE Context Release [Action:3] (../src/amf/ngap-handler.c:1677)
[32m07/31 02:33:43.715[0m: [[33mamf[0m] [1;32mINFO[0m:     RAN_UE_NGAP_ID[8] AMF_UE_NGAP_ID[29] (../src/amf/ngap-handler.c:1678)
[32m07/31 02:33:43.715[0m: [[33mamf[0m] [1;32mINFO[0m:     SUCI[suci-0-999-70-0000-0-0-0000000002] (../src/amf/ngap-handler.c:1681)
[32m07/31 02:33:43.715[0m: [[33mamf[0m] [1;32mINFO[0m: [Removed] Number of gNB-UEs is now 0 (../src/amf/context.c:2530)
[32m07/31 02:33:43.715[0m: [[33mamf[0m] [1;32mINFO[0m: [Removed] Number of AMF-UEs is now 0 (../src/amf/context.c:1663)
[32m07/31 02:33:45.218[0m: [[33mamf[0m] [1;32mINFO[0m: InitialUEMessage (../src/amf/ngap-handler.c:401)
[32m07/31 02:33:45.218[0m: [[33mamf[0m] [1;32mINFO[0m: [Added] Number of gNB-UEs is now 1 (../src/amf/context.c:2523)
[32m07/31 02:33:45.218[0m: [[33mamf[0m] [1;32mINFO[0m: Unknown UE by 5G-S_TMSI[AMF_ID:0x20040,M_TMSI:0xc0000242] (../src/amf/ngap-handler.c:479)
[32m07/31 02:33:45.218[0m: [[33mamf[0m] [1;32mINFO[0m:     RAN_UE_NGAP_ID[9] AMF_UE_NGAP_ID[30] TAC[1] CellID[0x10] (../src/amf/ngap-handler.c:562)
[32m07/31 02:33:45.218[0m: [[33mamf[0m] [1;32mINFO[0m: Unknown UE by 5G-S_TMSI[AMF_ID:0x20040,M_TMSI:0xc0000242] (../src/amf/context.c:1807)
[32m07/31 02:33:45.218[0m: [[33mamf[0m] [1;32mINFO[0m: [Added] Number of AMF-UEs is now 1 (../src/amf/context.c:1570)
[32m07/31 02:33:45.218[0m: [[33mgmm[0m] [1;32mINFO[0m: Registration request (../src/amf/gmm-sm.c:1061)
[32m07/31 02:33:45.218[0m: [[33mgmm[0m] [1;32mINFO[0m: [Unknown ID]    5G-S_GUTI[AMF_ID:0x20040,M_TMSI:0xc0000242] (../src/amf/gmm-handler.c:170)
[32m07/31 02:33:45.721[0m: [[33mgmm[0m] [1;32mINFO[0m: Identity response (../src/amf/gmm-sm.c:1234)
[32m07/31 02:33:45.721[0m: [[33mgmm[0m] [1;32mINFO[0m: [suci-0-999-70-0000-0-0-0000000002]    SUCI (../src/amf/gmm-handler.c:927)
[32m07/31 02:33:47.236[0m: [[33mgmm[0m] [1;32mINFO[0m: [imsi-999700000000002] Registration complete (../src/amf/gmm-sm.c:1993)
[32m07/31 02:33:47.236[0m: [[33mamf[0m] [1;32mINFO[0m: [imsi-999700000000002] Configuration update command (../src/amf/nas-path.c:612)
[32m07/31 02:33:47.236[0m: [[33mgmm[0m] [1;32mINFO[0m:     UTC [2026-07-31T09:33:47] Timezone[0]/DST[0] (../src/amf/gmm-build.c:558)
[32m07/31 02:33:47.236[0m: [[33mgmm[0m] [1;32mINFO[0m:     LOCAL [2026-07-31T02:33:47] Timezone[-25200]/DST[1] (../src/amf/gmm-build.c:563)
[32m07/31 02:33:47.739[0m: [[33mgmm[0m] [1;32mINFO[0m: [imsi-999700000000002] Deregistration request (../src/amf/gmm-sm.c:1272)
[32m07/31 02:33:47.739[0m: [[33mgmm[0m] [1;32mINFO[0m: [suci-0-999-70-0000-0-0-0000000002]    SUCI (../src/amf/gmm-handler.c:798)
[32m07/31 02:33:47.741[0m: [[33mamf[0m] [1;32mINFO[0m: UE Context Release [Action:2] (../src/amf/ngap-handler.c:1677)
[32m07/31 02:33:47.741[0m: [[33mamf[0m] [1;32mINFO[0m:     RAN_UE_NGAP_ID[9] AMF_UE_NGAP_ID[30] (../src/amf/ngap-handler.c:1678)
[32m07/31 02:33:47.741[0m: [[33mamf[0m] [1;32mINFO[0m:     SUCI[suci-0-999-70-0000-0-0-0000000002] (../src/amf/ngap-handler.c:1681)
[32m07/31 02:33:47.741[0m: [[33mamf[0m] [1;32mINFO[0m: [Removed] Number of gNB-UEs is now 0 (../src/amf/context.c:2530)
[32m07/31 02:33:49.241[0m: [[33mamf[0m] [1;32mINFO[0m: InitialUEMessage (../src/amf/ngap-handler.c:401)
[32m07/31 02:33:49.241[0m: [[33mamf[0m] [1;32mINFO[0m: [Added] Number of gNB-UEs is now 1 (../src/amf/context.c:2523)
[32m07/31 02:33:49.241[0m: [[33mamf[0m] [1;32mINFO[0m: [suci-0-999-70-0000-0-0-0000000002]    5G-S_TMSI[AMF_ID:0x20040,M_TMSI:0xc0000157] (../src/amf/ngap-handler.c:482)
[32m07/31 02:33:49.241[0m: [[33mamf[0m] [1;32mINFO[0m:     RAN_UE_NGAP_ID[10] AMF_UE_NGAP_ID[31] TAC[1] CellID[0x10] (../src/amf/ngap-handler.c:562)
[32m07/31 02:33:49.241[0m: [[33mgmm[0m] [1;32mINFO[0m: Registration request (../src/amf/gmm-sm.c:1061)
[32m07/31 02:33:49.241[0m: [[33mgmm[0m] [1;32mINFO[0m: [suci-0-999-70-0000-0-0-0000000002]    5G-S_GUTI[AMF_ID:0x20040,M_TMSI:0xc0000157] (../src/amf/gmm-handler.c:170)
[32m07/31 02:33:50.251[0m: [[33mgmm[0m] [1;36mWARNING[0m: [imsi-999700000000002] Security mode reject : Cause[24] (../src/amf/gmm-sm.c:1719)
[32m07/31 02:33:50.252[0m: [[33mamf[0m] [1;32mINFO[0m: UE Context Release [Action:3] (../src/amf/ngap-handler.c:1677)
[32m07/31 02:33:50.252[0m: [[33mamf[0m] [1;32mINFO[0m:     RAN_UE_NGAP_ID[10] AMF_UE_NGAP_ID[31] (../src/amf/ngap-handler.c:1678)
[32m07/31 02:33:50.252[0m: [[33mamf[0m] [1;32mINFO[0m:     SUCI[suci-0-999-70-0000-0-0-0000000002] (../src/amf/ngap-handler.c:1681)
[32m07/31 02:33:50.252[0m: [[33mamf[0m] [1;32mINFO[0m: [Removed] Number of gNB-UEs is now 0 (../src/amf/context.c:2530)
[32m07/31 02:33:50.252[0m: [[33mamf[0m] [1;32mINFO[0m: [Removed] Number of AMF-UEs is now 0 (../src/amf/context.c:1663)
[32m07/31 02:33:51.755[0m: [[33mamf[0m] [1;32mINFO[0m: InitialUEMessage (../src/amf/ngap-handler.c:401)
[32m07/31 02:33:51.756[0m: [[33mamf[0m] [1;32mINFO[0m: [Added] Number of gNB-UEs is now 1 (../src/amf/context.c:2523)
[32m07/31 02:33:51.756[0m: [[33mamf[0m] [1;32mINFO[0m: Unknown UE by 5G-S_TMSI[AMF_ID:0x20040,M_TMSI:0xc0000157] (../src/amf/ngap-handler.c:479)
[32m07/31 02:33:51.756[0m: [[33mamf[0m] [1;32mINFO[0m:     RAN_UE_NGAP_ID[11] AMF_UE_NGAP_ID[32] TAC[1] CellID[0x10] (../src/amf/ngap-handler.c:562)
[32m07/31 02:33:51.756[0m: [[33mamf[0m] [1;32mINFO[0m: Unknown UE by 5G-S_TMSI[AMF_ID:0x20040,M_TMSI:0xc0000157] (../src/amf/context.c:1807)
[32m07/31 02:33:51.756[0m: [[33mamf[0m] [1;32mINFO[0m: [Added] Number of AMF-UEs is now 1 (../src/amf/context.c:1570)
[32m07/31 02:33:51.756[0m: [[33mgmm[0m] [1;32mINFO[0m: Registration request (../src/amf/gmm-sm.c:1061)
[32m07/31 02:33:51.756[0m: [[33mgmm[0m] [1;32mINFO[0m: [Unknown ID]    5G-S_GUTI[AMF_ID:0x20040,M_TMSI:0xc0000157] (../src/amf/gmm-handler.c:170)
[32m07/31 02:33:52.258[0m: [[33mgmm[0m] [1;32mINFO[0m: Identity response (../src/amf/gmm-sm.c:1234)
[32m07/31 02:33:52.258[0m: [[33mgmm[0m] [1;32mINFO[0m: [suci-0-999-70-0000-0-0-0000000002]    SUCI (../src/amf/gmm-handler.c:927)
[32m07/31 02:33:53.776[0m: [[33mgmm[0m] [1;32mINFO[0m: [imsi-999700000000002] Registration complete (../src/amf/gmm-sm.c:1993)
[32m07/31 02:33:53.776[0m: [[33mamf[0m] [1;32mINFO[0m: [imsi-999700000000002] Configuration update command (../src/amf/nas-path.c:612)
[32m07/31 02:33:53.776[0m: [[33mgmm[0m] [1;32mINFO[0m:     UTC [2026-07-31T09:33:53] Timezone[0]/DST[0] (../src/amf/gmm-build.c:558)
[32m07/31 02:33:53.776[0m: [[33mgmm[0m] [1;32mINFO[0m:     LOCAL [2026-07-31T02:33:53] Timezone[-25200]/DST[1] (../src/amf/gmm-build.c:563)
[32m07/31 02:33:54.278[0m: [[33mgmm[0m] [1;32mINFO[0m: [imsi-999700000000002] Deregistration request (../src/amf/gmm-sm.c:1272)
[32m07/31 02:33:54.278[0m: [[33mgmm[0m] [1;32mINFO[0m: [suci-0-999-70-0000-0-0-0000000002]    SUCI (../src/amf/gmm-handler.c:798)
[32m07/31 02:33:54.281[0m: [[33mamf[0m] [1;32mINFO[0m: UE Context Release [Action:2] (../src/amf/ngap-handler.c:1677)
[32m07/31 02:33:54.281[0m: [[33mamf[0m] [1;32mINFO[0m:     RAN_UE_NGAP_ID[11] AMF_UE_NGAP_ID[32] (../src/amf/ngap-handler.c:1678)
[32m07/31 02:33:54.281[0m: [[33mamf[0m] [1;32mINFO[0m:     SUCI[suci-0-999-70-0000-0-0-0000000002] (../src/amf/ngap-handler.c:1681)
[32m07/31 02:33:54.281[0m: [[33mamf[0m] [1;32mINFO[0m: [Removed] Number of gNB-UEs is now 0 (../src/amf/context.c:2530)
[32m07/31 02:33:55.781[0m: [[33mamf[0m] [1;32mINFO[0m: InitialUEMessage (../src/amf/ngap-handler.c:401)
[32m07/31 02:33:55.781[0m: [[33mamf[0m] [1;32mINFO[0m: [Added] Number of gNB-UEs is now 1 (../src/amf/context.c:2523)
[32m07/31 02:33:55.781[0m: [[33mamf[0m] [1;32mINFO[0m: [suci-0-999-70-0000-0-0-0000000002]    5G-S_TMSI[AMF_ID:0x20040,M_TMSI:0xc0000271] (../src/amf/ngap-handler.c:482)
[32m07/31 02:33:55.781[0m: [[33mamf[0m] [1;32mINFO[0m:     RAN_UE_NGAP_ID[12] AMF_UE_NGAP_ID[33] TAC[1] CellID[0x10] (../src/amf/ngap-handler.c:562)
[32m07/31 02:33:55.781[0m: [[33mgmm[0m] [1;32mINFO[0m: Registration request (../src/amf/gmm-sm.c:1061)
[32m07/31 02:33:55.781[0m: [[33mgmm[0m] [1;32mINFO[0m: [suci-0-999-70-0000-0-0-0000000002]    5G-S_GUTI[AMF_ID:0x20040,M_TMSI:0xc0000271] (../src/amf/gmm-handler.c:170)
[32m07/31 02:33:56.792[0m: [[33mgmm[0m] [1;36mWARNING[0m: [imsi-999700000000002] Security mode reject : Cause[24] (../src/amf/gmm-sm.c:1719)
[32m07/31 02:33:56.792[0m: [[33mamf[0m] [1;32mINFO[0m: UE Context Release [Action:3] (../src/amf/ngap-handler.c:1677)
[32m07/31 02:33:56.792[0m: [[33mamf[0m] [1;32mINFO[0m:     RAN_UE_NGAP_ID[12] AMF_UE_NGAP_ID[33] (../src/amf/ngap-handler.c:1678)
[32m07/31 02:33:56.792[0m: [[33mamf[0m] [1;32mINFO[0m:     SUCI[suci-0-999-70-0000-0-0-0000000002] (../src/amf/ngap-handler.c:1681)
[32m07/31 02:33:56.792[0m: [[33mamf[0m] [1;32mINFO[0m: [Removed] Number of gNB-UEs is now 0 (../src/amf/context.c:2530)
[32m07/31 02:33:56.792[0m: [[33mamf[0m] [1;32mINFO[0m: [Removed] Number of AMF-UEs is now 0 (../src/amf/context.c:1663)
[32m07/31 02:33:58.294[0m: [[33mamf[0m] [1;32mINFO[0m: InitialUEMessage (../src/amf/ngap-handler.c:401)
[32m07/31 02:33:58.294[0m: [[33mamf[0m] [1;32mINFO[0m: [Added] Number of gNB-UEs is now 1 (../src/amf/context.c:2523)
[32m07/31 02:33:58.294[0m: [[33mamf[0m] [1;32mINFO[0m: Unknown UE by 5G-S_TMSI[AMF_ID:0x20040,M_TMSI:0xc0000271] (../src/amf/ngap-handler.c:479)
[32m07/31 02:33:58.294[0m: [[33mamf[0m] [1;32mINFO[0m:     RAN_UE_NGAP_ID[13] AMF_UE_NGAP_ID[34] TAC[1] CellID[0x10] (../src/amf/ngap-handler.c:562)
[32m07/31 02:33:58.294[0m: [[33mamf[0m] [1;32mINFO[0m: Unknown UE by 5G-S_TMSI[AMF_ID:0x20040,M_TMSI:0xc0000271] (../src/amf/context.c:1807)
[32m07/31 02:33:58.294[0m: [[33mamf[0m] [1;32mINFO[0m: [Added] Number of AMF-UEs is now 1 (../src/amf/context.c:1570)
[32m07/31 02:33:58.294[0m: [[33mgmm[0m] [1;32mINFO[0m: Registration request (../src/amf/gmm-sm.c:1061)
[32m07/31 02:33:58.294[0m: [[33mgmm[0m] [1;32mINFO[0m: [Unknown ID]    5G-S_GUTI[AMF_ID:0x20040,M_TMSI:0xc0000271] (../src/amf/gmm-handler.c:170)
[32m07/31 02:33:58.796[0m: [[33mgmm[0m] [1;32mINFO[0m: Identity response (../src/amf/gmm-sm.c:1234)
[32m07/31 02:33:58.796[0m: [[33mgmm[0m] [1;32mINFO[0m: [suci-0-999-70-0000-0-0-0000000002]    SUCI (../src/amf/gmm-handler.c:927)
[32m07/31 02:34:00.318[0m: [[33mgmm[0m] [1;32mINFO[0m: [imsi-999700000000002] Registration complete (../src/amf/gmm-sm.c:1993)
[32m07/31 02:34:00.318[0m: [[33mamf[0m] [1;32mINFO[0m: [imsi-999700000000002] Configuration update command (../src/amf/nas-path.c:612)
[32m07/31 02:34:00.318[0m: [[33mgmm[0m] [1;32mINFO[0m:     UTC [2026-07-31T09:34:00] Timezone[0]/DST[0] (../src/amf/gmm-build.c:558)
[32m07/31 02:34:00.318[0m: [[33mgmm[0m] [1;32mINFO[0m:     LOCAL [2026-07-31T02:34:00] Timezone[-25200]/DST[1] (../src/amf/gmm-build.c:563)
[32m07/31 02:34:00.821[0m: [[33mgmm[0m] [1;32mINFO[0m: [imsi-999700000000002] Deregistration request (../src/amf/gmm-sm.c:1272)
[32m07/31 02:34:00.821[0m: [[33mgmm[0m] [1;32mINFO[0m: [suci-0-999-70-0000-0-0-0000000002]    SUCI (../src/amf/gmm-handler.c:798)
[32m07/31 02:34:00.824[0m: [[33mamf[0m] [1;32mINFO[0m: UE Context Release [Action:2] (../src/amf/ngap-handler.c:1677)
[32m07/31 02:34:00.824[0m: [[33mamf[0m] [1;32mINFO[0m:     RAN_UE_NGAP_ID[13] AMF_UE_NGAP_ID[34] (../src/amf/ngap-handler.c:1678)
[32m07/31 02:34:00.824[0m: [[33mamf[0m] [1;32mINFO[0m:     SUCI[suci-0-999-70-0000-0-0-0000000002] (../src/amf/ngap-handler.c:1681)
[32m07/31 02:34:00.824[0m: [[33mamf[0m] [1;32mINFO[0m: [Removed] Number of gNB-UEs is now 0 (../src/amf/context.c:2530)
[32m07/31 02:34:02.323[0m: [[33mamf[0m] [1;32mINFO[0m: InitialUEMessage (../src/amf/ngap-handler.c:401)
[32m07/31 02:34:02.323[0m: [[33mamf[0m] [1;32mINFO[0m: [Added] Number of gNB-UEs is now 1 (../src/amf/context.c:2523)
[32m07/31 02:34:02.323[0m: [[33mamf[0m] [1;32mINFO[0m: [suci-0-999-70-0000-0-0-0000000002]    5G-S_TMSI[AMF_ID:0x20040,M_TMSI:0xc000074a] (../src/amf/ngap-handler.c:482)
[32m07/31 02:34:02.323[0m: [[33mamf[0m] [1;32mINFO[0m:     RAN_UE_NGAP_ID[14] AMF_UE_NGAP_ID[35] TAC[1] CellID[0x10] (../src/amf/ngap-handler.c:562)
[32m07/31 02:34:02.324[0m: [[33mgmm[0m] [1;32mINFO[0m: Registration request (../src/amf/gmm-sm.c:1061)
[32m07/31 02:34:02.324[0m: [[33mgmm[0m] [1;32mINFO[0m: [suci-0-999-70-0000-0-0-0000000002]    5G-S_GUTI[AMF_ID:0x20040,M_TMSI:0xc000074a] (../src/amf/gmm-handler.c:170)
[32m07/31 02:34:03.332[0m: [[33mgmm[0m] [1;36mWARNING[0m: [imsi-999700000000002] Security mode reject : Cause[24] (../src/amf/gmm-sm.c:1719)
[32m07/31 02:34:03.332[0m: [[33mamf[0m] [1;32mINFO[0m: UE Context Release [Action:3] (../src/amf/ngap-handler.c:1677)
[32m07/31 02:34:03.332[0m: [[33mamf[0m] [1;32mINFO[0m:     RAN_UE_NGAP_ID[14] AMF_UE_NGAP_ID[35] (../src/amf/ngap-handler.c:1678)
[32m07/31 02:34:03.332[0m: [[33mamf[0m] [1;32mINFO[0m:     SUCI[suci-0-999-70-0000-0-0-0000000002] (../src/amf/ngap-handler.c:1681)
[32m07/31 02:34:03.332[0m: [[33mamf[0m] [1;32mINFO[0m: [Removed] Number of gNB-UEs is now 0 (../src/amf/context.c:2530)
[32m07/31 02:34:03.332[0m: [[33mamf[0m] [1;32mINFO[0m: [Removed] Number of AMF-UEs is now 0 (../src/amf/context.c:1663)
[32m07/31 02:34:04.835[0m: [[33mamf[0m] [1;32mINFO[0m: InitialUEMessage (../src/amf/ngap-handler.c:401)
[32m07/31 02:34:04.835[0m: [[33mamf[0m] [1;32mINFO[0m: [Added] Number of gNB-UEs is now 1 (../src/amf/context.c:2523)
[32m07/31 02:34:04.835[0m: [[33mamf[0m] [1;32mINFO[0m: Unknown UE by 5G-S_TMSI[AMF_ID:0x20040,M_TMSI:0xc000074a] (../src/amf/ngap-handler.c:479)
[32m07/31 02:34:04.835[0m: [[33mamf[0m] [1;32mINFO[0m:     RAN_UE_NGAP_ID[15] AMF_UE_NGAP_ID[36] TAC[1] CellID[0x10] (../src/amf/ngap-handler.c:562)
[32m07/31 02:34:04.835[0m: [[33mamf[0m] [1;32mINFO[0m: Unknown UE by 5G-S_TMSI[AMF_ID:0x20040,M_TMSI:0xc000074a] (../src/amf/context.c:1807)
[32m07/31 02:34:04.835[0m: [[33mamf[0m] [1;32mINFO[0m: [Added] Number of AMF-UEs is now 1 (../src/amf/context.c:1570)
[32m07/31 02:34:04.835[0m: [[33mgmm[0m] [1;32mINFO[0m: Registration request (../src/amf/gmm-sm.c:1061)
[32m07/31 02:34:04.835[0m: [[33mgmm[0m] [1;32mINFO[0m: [Unknown ID]    5G-S_GUTI[AMF_ID:0x20040,M_TMSI:0xc000074a] (../src/amf/gmm-handler.c:170)
[32m07/31 02:34:05.338[0m: [[33mgmm[0m] [1;32mINFO[0m: Identity response (../src/amf/gmm-sm.c:1234)
[32m07/31 02:34:05.338[0m: [[33mgmm[0m] [1;32mINFO[0m: [suci-0-999-70-0000-0-0-0000000002]    SUCI (../src/amf/gmm-handler.c:927)
[32m07/31 02:34:06.856[0m: [[33mgmm[0m] [1;32mINFO[0m: [imsi-999700000000002] Registration complete (../src/amf/gmm-sm.c:1993)
[32m07/31 02:34:06.856[0m: [[33mamf[0m] [1;32mINFO[0m: [imsi-999700000000002] Configuration update command (../src/amf/nas-path.c:612)
[32m07/31 02:34:06.856[0m: [[33mgmm[0m] [1;32mINFO[0m:     UTC [2026-07-31T09:34:06] Timezone[0]/DST[0] (../src/amf/gmm-build.c:558)
[32m07/31 02:34:06.856[0m: [[33mgmm[0m] [1;32mINFO[0m:     LOCAL [2026-07-31T02:34:06] Timezone[-25200]/DST[1] (../src/amf/gmm-build.c:563)
[32m07/31 02:34:07.359[0m: [[33mgmm[0m] [1;32mINFO[0m: [imsi-999700000000002] Deregistration request (../src/amf/gmm-sm.c:1272)
[32m07/31 02:34:07.359[0m: [[33mgmm[0m] [1;32mINFO[0m: [suci-0-999-70-0000-0-0-0000000002]    SUCI (../src/amf/gmm-handler.c:798)
[32m07/31 02:34:07.360[0m: [[33mamf[0m] [1;32mINFO[0m: UE Context Release [Action:2] (../src/amf/ngap-handler.c:1677)
[32m07/31 02:34:07.360[0m: [[33mamf[0m] [1;32mINFO[0m:     RAN_UE_NGAP_ID[15] AMF_UE_NGAP_ID[36] (../src/amf/ngap-handler.c:1678)
[32m07/31 02:34:07.360[0m: [[33mamf[0m] [1;32mINFO[0m:     SUCI[suci-0-999-70-0000-0-0-0000000002] (../src/amf/ngap-handler.c:1681)
[32m07/31 02:34:07.360[0m: [[33mamf[0m] [1;32mINFO[0m: [Removed] Number of gNB-UEs is now 0 (../src/amf/context.c:2530)
[32m07/31 02:34:08.862[0m: [[33mamf[0m] [1;32mINFO[0m: InitialUEMessage (../src/amf/ngap-handler.c:401)
[32m07/31 02:34:08.862[0m: [[33mamf[0m] [1;32mINFO[0m: [Added] Number of gNB-UEs is now 1 (../src/amf/context.c:2523)
[32m07/31 02:34:08.862[0m: [[33mamf[0m] [1;32mINFO[0m: [suci-0-999-70-0000-0-0-0000000002]    5G-S_TMSI[AMF_ID:0x20040,M_TMSI:0xc00001a6] (../src/amf/ngap-handler.c:482)
[32m07/31 02:34:08.862[0m: [[33mamf[0m] [1;32mINFO[0m:     RAN_UE_NGAP_ID[16] AMF_UE_NGAP_ID[37] TAC[1] CellID[0x10] (../src/amf/ngap-handler.c:562)
[32m07/31 02:34:08.862[0m: [[33mgmm[0m] [1;32mINFO[0m: Registration request (../src/amf/gmm-sm.c:1061)
[32m07/31 02:34:08.862[0m: [[33mgmm[0m] [1;32mINFO[0m: [suci-0-999-70-0000-0-0-0000000002]    5G-S_GUTI[AMF_ID:0x20040,M_TMSI:0xc00001a6] (../src/amf/gmm-handler.c:170)
[32m07/31 02:34:09.872[0m: [[33mgmm[0m] [1;36mWARNING[0m: [imsi-999700000000002] Security mode reject : Cause[24] (../src/amf/gmm-sm.c:1719)
[32m07/31 02:34:09.872[0m: [[33mamf[0m] [1;32mINFO[0m: UE Context Release [Action:3] (../src/amf/ngap-handler.c:1677)
[32m07/31 02:34:09.872[0m: [[33mamf[0m] [1;32mINFO[0m:     RAN_UE_NGAP_ID[16] AMF_UE_NGAP_ID[37] (../src/amf/ngap-handler.c:1678)
[32m07/31 02:34:09.872[0m: [[33mamf[0m] [1;32mINFO[0m:     SUCI[suci-0-999-70-0000-0-0-0000000002] (../src/amf/ngap-handler.c:1681)
[32m07/31 02:34:09.872[0m: [[33mamf[0m] [1;32mINFO[0m: [Removed] Number of gNB-UEs is now 0 (../src/amf/context.c:2530)
[32m07/31 02:34:09.872[0m: [[33mamf[0m] [1;32mINFO[0m: [Removed] Number of AMF-UEs is now 0 (../src/amf/context.c:1663)
[32m07/31 02:34:11.376[0m: [[33mamf[0m] [1;32mINFO[0m: InitialUEMessage (../src/amf/ngap-handler.c:401)
[32m07/31 02:34:11.376[0m: [[33mamf[0m] [1;32mINFO[0m: [Added] Number of gNB-UEs is now 1 (../src/amf/context.c:2523)
[32m07/31 02:34:11.376[0m: [[33mamf[0m] [1;32mINFO[0m: Unknown UE by 5G-S_TMSI[AMF_ID:0x20040,M_TMSI:0xc00001a6] (../src/amf/ngap-handler.c:479)
[32m07/31 02:34:11.376[0m: [[33mamf[0m] [1;32mINFO[0m:     RAN_UE_NGAP_ID[17] AMF_UE_NGAP_ID[38] TAC[1] CellID[0x10] (../src/amf/ngap-handler.c:562)
[32m07/31 02:34:11.376[0m: [[33mamf[0m] [1;32mINFO[0m: Unknown UE by 5G-S_TMSI[AMF_ID:0x20040,M_TMSI:0xc00001a6] (../src/amf/context.c:1807)
[32m07/31 02:34:11.376[0m: [[33mamf[0m] [1;32mINFO[0m: [Added] Number of AMF-UEs is now 1 (../src/amf/context.c:1570)
[32m07/31 02:34:11.376[0m: [[33mgmm[0m] [1;32mINFO[0m: Registration request (../src/amf/gmm-sm.c:1061)
[32m07/31 02:34:11.376[0m: [[33mgmm[0m] [1;32mINFO[0m: [Unknown ID]    5G-S_GUTI[AMF_ID:0x20040,M_TMSI:0xc00001a6] (../src/amf/gmm-handler.c:170)
[32m07/31 02:34:11.878[0m: [[33mgmm[0m] [1;32mINFO[0m: Identity response (../src/amf/gmm-sm.c:1234)
[32m07/31 02:34:11.878[0m: [[33mgmm[0m] [1;32mINFO[0m: [suci-0-999-70-0000-0-0-0000000002]    SUCI (../src/amf/gmm-handler.c:927)
[32m07/31 02:34:13.401[0m: [[33mgmm[0m] [1;32mINFO[0m: [imsi-999700000000002] Registration complete (../src/amf/gmm-sm.c:1993)
[32m07/31 02:34:13.401[0m: [[33mamf[0m] [1;32mINFO[0m: [imsi-999700000000002] Configuration update command (../src/amf/nas-path.c:612)
[32m07/31 02:34:13.401[0m: [[33mgmm[0m] [1;32mINFO[0m:     UTC [2026-07-31T09:34:13] Timezone[0]/DST[0] (../src/amf/gmm-build.c:558)
[32m07/31 02:34:13.401[0m: [[33mgmm[0m] [1;32mINFO[0m:     LOCAL [2026-07-31T02:34:13] Timezone[-25200]/DST[1] (../src/amf/gmm-build.c:563)
[32m07/31 02:34:13.904[0m: [[33mgmm[0m] [1;32mINFO[0m: [imsi-999700000000002] Deregistration request (../src/amf/gmm-sm.c:1272)
[32m07/31 02:34:13.904[0m: [[33mgmm[0m] [1;32mINFO[0m: [suci-0-999-70-0000-0-0-0000000002]    SUCI (../src/amf/gmm-handler.c:798)
[32m07/31 02:34:13.907[0m: [[33mamf[0m] [1;32mINFO[0m: UE Context Release [Action:2] (../src/amf/ngap-handler.c:1677)
[32m07/31 02:34:13.907[0m: [[33mamf[0m] [1;32mINFO[0m:     RAN_UE_NGAP_ID[17] AMF_UE_NGAP_ID[38] (../src/amf/ngap-handler.c:1678)
[32m07/31 02:34:13.907[0m: [[33mamf[0m] [1;32mINFO[0m:     SUCI[suci-0-999-70-0000-0-0-0000000002] (../src/amf/ngap-handler.c:1681)
[32m07/31 02:34:13.907[0m: [[33mamf[0m] [1;32mINFO[0m: [Removed] Number of gNB-UEs is now 0 (../src/amf/context.c:2530)
[32m07/31 02:34:15.405[0m: [[33mamf[0m] [1;32mINFO[0m: InitialUEMessage (../src/amf/ngap-handler.c:401)
[32m07/31 02:34:15.405[0m: [[33mamf[0m] [1;32mINFO[0m: [Added] Number of gNB-UEs is now 1 (../src/amf/context.c:2523)
[32m07/31 02:34:15.405[0m: [[33mamf[0m] [1;32mINFO[0m: [suci-0-999-70-0000-0-0-0000000002]    5G-S_TMSI[AMF_ID:0x20040,M_TMSI:0xc000037e] (../src/amf/ngap-handler.c:482)
[32m07/31 02:34:15.405[0m: [[33mamf[0m] [1;32mINFO[0m:     RAN_UE_NGAP_ID[18] AMF_UE_NGAP_ID[39] TAC[1] CellID[0x10] (../src/amf/ngap-handler.c:562)
[32m07/31 02:34:15.406[0m: [[33mgmm[0m] [1;32mINFO[0m: Registration request (../src/amf/gmm-sm.c:1061)
[32m07/31 02:34:15.406[0m: [[33mgmm[0m] [1;32mINFO[0m: [suci-0-999-70-0000-0-0-0000000002]    5G-S_GUTI[AMF_ID:0x20040,M_TMSI:0xc000037e] (../src/amf/gmm-handler.c:170)
[32m07/31 02:34:16.417[0m: [[33mgmm[0m] [1;36mWARNING[0m: [imsi-999700000000002] Security mode reject : Cause[24] (../src/amf/gmm-sm.c:1719)
[32m07/31 02:34:16.417[0m: [[33mamf[0m] [1;32mINFO[0m: UE Context Release [Action:3] (../src/amf/ngap-handler.c:1677)
[32m07/31 02:34:16.417[0m: [[33mamf[0m] [1;32mINFO[0m:     RAN_UE_NGAP_ID[18] AMF_UE_NGAP_ID[39] (../src/amf/ngap-handler.c:1678)
[32m07/31 02:34:16.417[0m: [[33mamf[0m] [1;32mINFO[0m:     SUCI[suci-0-999-70-0000-0-0-0000000002] (../src/amf/ngap-handler.c:1681)
[32m07/31 02:34:16.417[0m: [[33mamf[0m] [1;32mINFO[0m: [Removed] Number of gNB-UEs is now 0 (../src/amf/context.c:2530)
[32m07/31 02:34:16.417[0m: [[33mamf[0m] [1;32mINFO[0m: [Removed] Number of AMF-UEs is now 0 (../src/amf/context.c:1663)
[32m07/31 02:34:17.920[0m: [[33mamf[0m] [1;32mINFO[0m: InitialUEMessage (../src/amf/ngap-handler.c:401)
[32m07/31 02:34:17.920[0m: [[33mamf[0m] [1;32mINFO[0m: [Added] Number of gNB-UEs is now 1 (../src/amf/context.c:2523)
[32m07/31 02:34:17.920[0m: [[33mamf[0m] [1;32mINFO[0m: Unknown UE by 5G-S_TMSI[AMF_ID:0x20040,M_TMSI:0xc000037e] (../src/amf/ngap-handler.c:479)
[32m07/31 02:34:17.920[0m: [[33mamf[0m] [1;32mINFO[0m:     RAN_UE_NGAP_ID[19] AMF_UE_NGAP_ID[40] TAC[1] CellID[0x10] (../src/amf/ngap-handler.c:562)
[32m07/31 02:34:17.920[0m: [[33mamf[0m] [1;32mINFO[0m: Unknown UE by 5G-S_TMSI[AMF_ID:0x20040,M_TMSI:0xc000037e] (../src/amf/context.c:1807)
[32m07/31 02:34:17.920[0m: [[33mamf[0m] [1;32mINFO[0m: [Added] Number of AMF-UEs is now 1 (../src/amf/context.c:1570)
[32m07/31 02:34:17.920[0m: [[33mgmm[0m] [1;32mINFO[0m: Registration request (../src/amf/gmm-sm.c:1061)
[32m07/31 02:34:17.920[0m: [[33mgmm[0m] [1;32mINFO[0m: [Unknown ID]    5G-S_GUTI[AMF_ID:0x20040,M_TMSI:0xc000037e] (../src/amf/gmm-handler.c:170)
[32m07/31 02:34:18.423[0m: [[33mgmm[0m] [1;32mINFO[0m: Identity response (../src/amf/gmm-sm.c:1234)
[32m07/31 02:34:18.423[0m: [[33mgmm[0m] [1;32mINFO[0m: [suci-0-999-70-0000-0-0-0000000002]    SUCI (../src/amf/gmm-handler.c:927)
[32m07/31 02:34:19.942[0m: [[33mgmm[0m] [1;32mINFO[0m: [imsi-999700000000002] Registration complete (../src/amf/gmm-sm.c:1993)
[32m07/31 02:34:19.942[0m: [[33mamf[0m] [1;32mINFO[0m: [imsi-999700000000002] Configuration update command (../src/amf/nas-path.c:612)
[32m07/31 02:34:19.942[0m: [[33mgmm[0m] [1;32mINFO[0m:     UTC [2026-07-31T09:34:19] Timezone[0]/DST[0] (../src/amf/gmm-build.c:558)
[32m07/31 02:34:19.942[0m: [[33mgmm[0m] [1;32mINFO[0m:     LOCAL [2026-07-31T02:34:19] Timezone[-25200]/DST[1] (../src/amf/gmm-build.c:563)
[32m07/31 02:34:20.446[0m: [[33mgmm[0m] [1;32mINFO[0m: [imsi-999700000000002] Deregistration request (../src/amf/gmm-sm.c:1272)
[32m07/31 02:34:20.446[0m: [[33mgmm[0m] [1;32mINFO[0m: [suci-0-999-70-0000-0-0-0000000002]    SUCI (../src/amf/gmm-handler.c:798)
[32m07/31 02:34:20.449[0m: [[33mamf[0m] [1;32mINFO[0m: UE Context Release [Action:2] (../src/amf/ngap-handler.c:1677)
[32m07/31 02:34:20.449[0m: [[33mamf[0m] [1;32mINFO[0m:     RAN_UE_NGAP_ID[19] AMF_UE_NGAP_ID[40] (../src/amf/ngap-handler.c:1678)
[32m07/31 02:34:20.449[0m: [[33mamf[0m] [1;32mINFO[0m:     SUCI[suci-0-999-70-0000-0-0-0000000002] (../src/amf/ngap-handler.c:1681)
[32m07/31 02:34:20.449[0m: [[33mamf[0m] [1;32mINFO[0m: [Removed] Number of gNB-UEs is now 0 (../src/amf/context.c:2530)
[32m07/31 02:34:21.948[0m: [[33mamf[0m] [1;32mINFO[0m: InitialUEMessage (../src/amf/ngap-handler.c:401)
[32m07/31 02:34:21.948[0m: [[33mamf[0m] [1;32mINFO[0m: [Added] Number of gNB-UEs is now 1 (../src/amf/context.c:2523)
[32m07/31 02:34:21.948[0m: [[33mamf[0m] [1;32mINFO[0m: [suci-0-999-70-0000-0-0-0000000002]    5G-S_TMSI[AMF_ID:0x20040,M_TMSI:0xc0000313] (../src/amf/ngap-handler.c:482)
[32m07/31 02:34:21.948[0m: [[33mamf[0m] [1;32mINFO[0m:     RAN_UE_NGAP_ID[20] AMF_UE_NGAP_ID[41] TAC[1] CellID[0x10] (../src/amf/ngap-handler.c:562)
[32m07/31 02:34:21.948[0m: [[33mgmm[0m] [1;32mINFO[0m: Registration request (../src/amf/gmm-sm.c:1061)
[32m07/31 02:34:21.948[0m: [[33mgmm[0m] [1;32mINFO[0m: [suci-0-999-70-0000-0-0-0000000002]    5G-S_GUTI[AMF_ID:0x20040,M_TMSI:0xc0000313] (../src/amf/gmm-handler.c:170)
[32m07/31 02:34:22.959[0m: [[33mgmm[0m] [1;36mWARNING[0m: [imsi-999700000000002] Security mode reject : Cause[24] (../src/amf/gmm-sm.c:1719)
[32m07/31 02:34:22.960[0m: [[33mamf[0m] [1;32mINFO[0m: UE Context Release [Action:3] (../src/amf/ngap-handler.c:1677)
[32m07/31 02:34:22.960[0m: [[33mamf[0m] [1;32mINFO[0m:     RAN_UE_NGAP_ID[20] AMF_UE_NGAP_ID[41] (../src/amf/ngap-handler.c:1678)
[32m07/31 02:34:22.960[0m: [[33mamf[0m] [1;32mINFO[0m:     SUCI[suci-0-999-70-0000-0-0-0000000002] (../src/amf/ngap-handler.c:1681)
[32m07/31 02:34:22.960[0m: [[33mamf[0m] [1;32mINFO[0m: [Removed] Number of gNB-UEs is now 0 (../src/amf/context.c:2530)
[32m07/31 02:34:22.960[0m: [[33mamf[0m] [1;32mINFO[0m: [Removed] Number of AMF-UEs is now 0 (../src/amf/context.c:1663)
[32m07/31 02:34:24.462[0m: [[33mamf[0m] [1;32mINFO[0m: InitialUEMessage (../src/amf/ngap-handler.c:401)
[32m07/31 02:34:24.462[0m: [[33mamf[0m] [1;32mINFO[0m: [Added] Number of gNB-UEs is now 1 (../src/amf/context.c:2523)
[32m07/31 02:34:24.462[0m: [[33mamf[0m] [1;32mINFO[0m: Unknown UE by 5G-S_TMSI[AMF_ID:0x20040,M_TMSI:0xc0000313] (../src/amf/ngap-handler.c:479)
[32m07/31 02:34:24.462[0m: [[33mamf[0m] [1;32mINFO[0m:     RAN_UE_NGAP_ID[21] AMF_UE_NGAP_ID[42] TAC[1] CellID[0x10] (../src/amf/ngap-handler.c:562)
[32m07/31 02:34:24.462[0m: [[33mamf[0m] [1;32mINFO[0m: Unknown UE by 5G-S_TMSI[AMF_ID:0x20040,M_TMSI:0xc0000313] (../src/amf/context.c:1807)
[32m07/31 02:34:24.462[0m: [[33mamf[0m] [1;32mINFO[0m: [Added] Number of AMF-UEs is now 1 (../src/amf/context.c:1570)
[32m07/31 02:34:24.462[0m: [[33mgmm[0m] [1;32mINFO[0m: Registration request (../src/amf/gmm-sm.c:1061)
[32m07/31 02:34:24.462[0m: [[33mgmm[0m] [1;32mINFO[0m: [Unknown ID]    5G-S_GUTI[AMF_ID:0x20040,M_TMSI:0xc0000313] (../src/amf/gmm-handler.c:170)
[32m07/31 02:34:24.964[0m: [[33mgmm[0m] [1;32mINFO[0m: Identity response (../src/amf/gmm-sm.c:1234)
[32m07/31 02:34:24.964[0m: [[33mgmm[0m] [1;32mINFO[0m: [suci-0-999-70-0000-0-0-0000000002]    SUCI (../src/amf/gmm-handler.c:927)
[32m07/31 02:34:54.988[0m: [[33mgmm[0m] [1;36mWARNING[0m: [suci-0-999-70-0000-0-0-0000000002] Retransmission failed. Stop retransmission (../src/amf/gmm-sm.c:1520)
[32m07/31 02:34:54.988[0m: [[33mamf[0m] [1;36mWARNING[0m: [suci-0-999-70-0000-0-0-0000000002] Authentication reject (../src/amf/nas-path.c:538)
[32m07/31 02:34:54.988[0m: [[33mamf[0m] [1;32mINFO[0m: UE Context Release [Action:3] (../src/amf/ngap-handler.c:1677)
[32m07/31 02:34:54.988[0m: [[33mamf[0m] [1;32mINFO[0m:     RAN_UE_NGAP_ID[21] AMF_UE_NGAP_ID[42] (../src/amf/ngap-handler.c:1678)
[32m07/31 02:34:54.988[0m: [[33mamf[0m] [1;32mINFO[0m:     SUCI[suci-0-999-70-0000-0-0-0000000002] (../src/amf/ngap-handler.c:1681)
[32m07/31 02:34:54.988[0m: [[33mamf[0m] [1;32mINFO[0m: [Removed] Number of gNB-UEs is now 0 (../src/amf/context.c:2530)
[32m07/31 02:34:54.988[0m: [[33mamf[0m] [1;32mINFO[0m: [Removed] Number of AMF-UEs is now 0 (../src/amf/context.c:1663)
[32m07/31 02:35:15.229[0m: [[33mapp[0m] [1;32mINFO[0m: Signal-NUM[28] received (Window changed) (../src/main.c:63)
[32m07/31 02:35:15.229[0m: [[33mapp[0m] [1;32mINFO[0m: Signal-NUM[28] received (Window changed) (../src/main.c:63)
[32m07/31 02:35:15.230[0m: [[33mapp[0m] [1;32mINFO[0m: Signal-NUM[28] received (Window changed) (../src/main.c:63)
[32m07/31 02:35:15.230[0m: [[33mapp[0m] [1;32mINFO[0m: Signal-NUM[28] received (Window changed) (../src/main.c:63)
[32m07/31 02:35:15.230[0m: [[33mapp[0m] [1;32mINFO[0m: Signal-NUM[28] received (Window changed) (../src/main.c:63)
[32m07/31 02:35:15.230[0m: [[33mapp[0m] [1;32mINFO[0m: Signal-NUM[28] received (Window changed) (../src/main.c:63)
[32m07/31 02:35:15.230[0m: [[33mapp[0m] [1;32mINFO[0m: Signal-NUM[28] received (Window changed) (../src/main.c:63)
[32m07/31 02:35:15.230[0m: [[33mapp[0m] [1;32mINFO[0m: Signal-NUM[28] received (Window changed) (../src/main.c:63)
[32m07/31 02:35:15.230[0m: [[33mapp[0m] [1;32mINFO[0m: Signal-NUM[28] received (Window changed) (../src/main.c:63)
[32m07/31 02:35:15.230[0m: [[33mapp[0m] [1;32mINFO[0m: Signal-NUM[28] received (Window changed) (../src/main.c:63)
[32m07/31 02:35:15.230[0m: [[33mapp[0m] [1;32mINFO[0m: Signal-NUM[28] received (Window changed) (../src/main.c:63)
[32m07/31 02:35:15.230[0m: [[33mapp[0m] [1;32mINFO[0m: Signal-NUM[28] received (Window changed) (../src/main.c:63)
