Jul 30, 2026 1:46:15 PM org.slf4j.helpers.SubstituteLogger info
INFO: set logger learning_queries
Jul 30, 2026 1:46:23 PM org.slf4j.helpers.SubstituteLogger info
INFO: [ε | registrationRequest / ε | authenticationRequest]
Jul 30, 2026 1:46:31 PM org.slf4j.helpers.SubstituteLogger info
INFO: [ε | registrationRequestGUTI / ε | identityRequest]
Jul 30, 2026 1:46:37 PM org.slf4j.helpers.SubstituteLogger info
INFO: [ε | registrationComplete / ε | null_action]
Jul 30, 2026 1:46:44 PM org.slf4j.helpers.SubstituteLogger info
INFO: [ε | deregistrationRequest / ε | null_action]
Jul 30, 2026 1:46:52 PM org.slf4j.helpers.SubstituteLogger info
INFO: [ε | serviceRequest / ε | null_action]
Jul 30, 2026 1:47:00 PM org.slf4j.helpers.SubstituteLogger info
INFO: [ε | securityModeReject / ε | null_action]
Jul 30, 2026 1:47:09 PM org.slf4j.helpers.SubstituteLogger info
INFO: [ε | authenticationResponse / ε | null_action]
Jul 30, 2026 1:47:19 PM org.slf4j.helpers.SubstituteLogger info
INFO: [ε | authenticationFailure / ε | null_action]
Jul 30, 2026 1:47:29 PM org.slf4j.helpers.SubstituteLogger info
INFO: [ε | deregistrationAccept / ε | null_action]
Jul 30, 2026 1:48:13 PM org.slf4j.helpers.SubstituteLogger info
INFO: [ε | securityModeComplete / ε | null_action]
Jul 30, 2026 1:48:21 PM org.slf4j.helpers.SubstituteLogger info
INFO: [ε | identityResponse / ε | null_action]
Jul 30, 2026 1:48:26 PM org.slf4j.helpers.SubstituteLogger info
INFO: [ε | configurationUpdateComplete / ε | null_action]
Jul 30, 2026 1:48:42 PM org.slf4j.helpers.SubstituteLogger info
INFO: [registrationRequest | registrationRequest / authenticationRequest | authenticationRequest]
Jul 30, 2026 1:48:49 PM org.slf4j.helpers.SubstituteLogger info
INFO: [registrationRequest | registrationRequestGUTI / authenticationRequest | authenticationRequest]
Jul 30, 2026 1:48:55 PM org.slf4j.helpers.SubstituteLogger info
INFO: [registrationRequest | registrationComplete / authenticationRequest | null_action]
Jul 30, 2026 1:49:04 PM org.slf4j.helpers.SubstituteLogger info
INFO: [registrationRequest | deregistrationRequest / authenticationRequest | null_action]
Jul 30, 2026 1:49:11 PM org.slf4j.helpers.SubstituteLogger info
INFO: [registrationRequest | serviceRequest / authenticationRequest | null_action]
Jul 30, 2026 1:49:21 PM org.slf4j.helpers.SubstituteLogger info
INFO: [registrationRequest | securityModeReject / authenticationRequest | null_action]
Jul 30, 2026 1:49:21 PM org.slf4j.helpers.SubstituteLogger info
INFO: [registrationRequest | authenticationResponse / authenticationRequest | securityModeCommand]
Jul 30, 2026 1:49:53 PM org.slf4j.helpers.SubstituteLogger info
INFO: [registrationRequest | authenticationFailure / authenticationRequest | authenticationReject]
Jul 30, 2026 1:50:04 PM org.slf4j.helpers.SubstituteLogger info
INFO: [registrationRequest | deregistrationAccept / authenticationRequest | null_action]
Jul 30, 2026 1:50:10 PM org.slf4j.helpers.SubstituteLogger info
INFO: [registrationRequest | securityModeComplete / authenticationRequest | null_action]
Jul 30, 2026 1:50:19 PM org.slf4j.helpers.SubstituteLogger info
INFO: [registrationRequest | identityResponse / authenticationRequest | null_action]
Jul 30, 2026 1:50:26 PM org.slf4j.helpers.SubstituteLogger info
INFO: [registrationRequest | configurationUpdateComplete / authenticationRequest | null_action]
Jul 30, 2026 1:50:34 PM org.slf4j.helpers.SubstituteLogger info
INFO: [registrationRequest registrationRequest | registrationRequestGUTI / authenticationRequest authenticationRequest | authenticationRequest]
Jul 30, 2026 1:50:43 PM org.slf4j.helpers.SubstituteLogger info
INFO: [registrationRequest registrationRequestGUTI | registrationRequestGUTI / authenticationRequest authenticationRequest | authenticationRequest]
Jul 30, 2026 1:50:51 PM org.slf4j.helpers.SubstituteLogger info
INFO: [registrationRequest registrationComplete | registrationRequestGUTI / authenticationRequest null_action | authenticationRequest]
Jul 30, 2026 1:51:01 PM org.slf4j.helpers.SubstituteLogger info
INFO: [registrationRequest deregistrationRequest | registrationRequestGUTI / authenticationRequest null_action | identityRequest]
Jul 30, 2026 1:51:09 PM org.slf4j.helpers.SubstituteLogger info
INFO: [registrationRequest serviceRequest | registrationRequestGUTI / authenticationRequest null_action | authenticationRequest]
Jul 30, 2026 1:51:43 PM org.slf4j.helpers.SubstituteLogger info
INFO: [registrationRequest securityModeReject | registrationRequestGUTI / authenticationRequest null_action | authenticationRequest]
Jul 30, 2026 1:51:53 PM org.slf4j.helpers.SubstituteLogger info
INFO: [registrationRequest authenticationResponse | registrationRequestGUTI / authenticationRequest securityModeCommand | authenticationRequest]
Jul 30, 2026 1:52:00 PM org.slf4j.helpers.SubstituteLogger info
INFO: [registrationRequest authenticationFailure | registrationRequestGUTI / authenticationRequest authenticationReject | identityRequest]
Jul 30, 2026 1:52:12 PM org.slf4j.helpers.SubstituteLogger info
INFO: [registrationRequest deregistrationAccept | registrationRequestGUTI / authenticationRequest null_action | authenticationRequest]
Jul 30, 2026 1:52:20 PM org.slf4j.helpers.SubstituteLogger info
INFO: [registrationRequest securityModeComplete | registrationRequestGUTI / authenticationRequest null_action | authenticationRequest]
Jul 30, 2026 1:52:30 PM org.slf4j.helpers.SubstituteLogger info
INFO: [registrationRequest identityResponse | registrationRequestGUTI / authenticationRequest null_action | authenticationRequest]
Jul 30, 2026 1:52:39 PM org.slf4j.helpers.SubstituteLogger info
INFO: [registrationRequest configurationUpdateComplete | registrationRequestGUTI / authenticationRequest null_action | authenticationRequest]
Jul 30, 2026 1:52:52 PM org.slf4j.helpers.SubstituteLogger info
INFO: [registrationRequestGUTI | registrationRequestGUTI / identityRequest | null_action]
Jul 30, 2026 1:52:59 PM org.slf4j.helpers.SubstituteLogger info
INFO: [registrationComplete | registrationRequestGUTI / null_action | identityRequest]
Jul 30, 2026 1:53:09 PM org.slf4j.helpers.SubstituteLogger info
INFO: [deregistrationRequest | registrationRequestGUTI / null_action | identityRequest]
Jul 30, 2026 1:53:43 PM org.slf4j.helpers.SubstituteLogger info
INFO: [serviceRequest | registrationRequestGUTI / null_action | identityRequest]
Jul 30, 2026 1:53:54 PM org.slf4j.helpers.SubstituteLogger info
INFO: [securityModeReject | registrationRequestGUTI / null_action | null_action]
Jul 30, 2026 1:54:06 PM org.slf4j.helpers.SubstituteLogger info
INFO: [authenticationResponse | registrationRequestGUTI / null_action | null_action]
Jul 30, 2026 1:54:17 PM org.slf4j.helpers.SubstituteLogger info
INFO: [authenticationFailure | registrationRequestGUTI / null_action | null_action]
Jul 30, 2026 1:54:28 PM org.slf4j.helpers.SubstituteLogger info
INFO: [deregistrationAccept | registrationRequestGUTI / null_action | null_action]
Jul 30, 2026 1:54:36 PM org.slf4j.helpers.SubstituteLogger info
INFO: [securityModeComplete | registrationRequestGUTI / null_action | identityRequest]
Jul 30, 2026 1:54:43 PM org.slf4j.helpers.SubstituteLogger info
INFO: [identityResponse | registrationRequestGUTI / null_action | identityRequest]
Jul 30, 2026 1:54:52 PM org.slf4j.helpers.SubstituteLogger info
INFO: [configurationUpdateComplete | registrationRequestGUTI / null_action | identityRequest]
Jul 30, 2026 1:55:02 PM org.slf4j.helpers.SubstituteLogger info
INFO: [deregistrationAccept | registrationRequest / null_action | null_action]
Jul 30, 2026 1:55:03 PM org.slf4j.helpers.SubstituteLogger info
INFO: [deregistrationAccept | registrationRequestGUTI / null_action | null_action]
Jul 30, 2026 1:55:11 PM org.slf4j.helpers.SubstituteLogger info
INFO: [deregistrationAccept | registrationComplete / null_action | null_action]
Jul 30, 2026 1:55:47 PM org.slf4j.helpers.SubstituteLogger info
INFO: [deregistrationAccept | deregistrationRequest / null_action | null_action]
Jul 30, 2026 1:55:55 PM org.slf4j.helpers.SubstituteLogger info
INFO: [deregistrationAccept | serviceRequest / null_action | null_action]
Jul 30, 2026 1:56:06 PM org.slf4j.helpers.SubstituteLogger info
INFO: [deregistrationAccept | securityModeReject / null_action | null_action]
Jul 30, 2026 1:56:17 PM org.slf4j.helpers.SubstituteLogger info
INFO: [deregistrationAccept | authenticationResponse / null_action | null_action]
Jul 30, 2026 1:56:28 PM org.slf4j.helpers.SubstituteLogger info
INFO: [deregistrationAccept | authenticationFailure / null_action | null_action]
Jul 30, 2026 1:56:42 PM org.slf4j.helpers.SubstituteLogger info
INFO: [deregistrationAccept | deregistrationAccept / null_action | null_action]
Jul 30, 2026 1:56:51 PM org.slf4j.helpers.SubstituteLogger info
INFO: [deregistrationAccept | securityModeComplete / null_action | null_action]
Jul 30, 2026 1:57:00 PM org.slf4j.helpers.SubstituteLogger info
INFO: [deregistrationAccept | identityResponse / null_action | null_action]
Jul 30, 2026 1:57:08 PM org.slf4j.helpers.SubstituteLogger info
INFO: [deregistrationAccept | configurationUpdateComplete / null_action | null_action]
Jul 30, 2026 1:57:22 PM org.slf4j.helpers.SubstituteLogger info
INFO: [deregistrationAccept configurationUpdateComplete | registrationRequestGUTI / null_action null_action | null_action]
Jul 30, 2026 1:57:59 PM org.slf4j.helpers.SubstituteLogger info
INFO: [deregistrationAccept identityResponse | registrationRequestGUTI / null_action null_action | null_action]
Jul 30, 2026 1:58:10 PM org.slf4j.helpers.SubstituteLogger info
INFO: [deregistrationAccept securityModeComplete | registrationRequestGUTI / null_action null_action | null_action]
Jul 30, 2026 1:58:24 PM org.slf4j.helpers.SubstituteLogger info
INFO: [deregistrationAccept deregistrationAccept | registrationRequestGUTI / null_action null_action | null_action]
Jul 30, 2026 1:58:38 PM org.slf4j.helpers.SubstituteLogger info
INFO: [deregistrationAccept authenticationFailure | registrationRequestGUTI / null_action null_action | null_action]
Jul 30, 2026 1:58:51 PM org.slf4j.helpers.SubstituteLogger info
INFO: [deregistrationAccept authenticationResponse | registrationRequestGUTI / null_action null_action | null_action]
Jul 30, 2026 1:59:05 PM org.slf4j.helpers.SubstituteLogger info
INFO: [deregistrationAccept securityModeReject | registrationRequestGUTI / null_action null_action | null_action]
Jul 30, 2026 1:59:17 PM org.slf4j.helpers.SubstituteLogger info
INFO: [deregistrationAccept serviceRequest | registrationRequestGUTI / null_action null_action | null_action]
Jul 30, 2026 1:59:31 PM org.slf4j.helpers.SubstituteLogger info
INFO: [deregistrationAccept deregistrationRequest | registrationRequestGUTI / null_action null_action | null_action]
Jul 30, 2026 1:59:42 PM org.slf4j.helpers.SubstituteLogger info
INFO: [deregistrationAccept registrationComplete | registrationRequestGUTI / null_action null_action | null_action]
Jul 30, 2026 1:59:56 PM org.slf4j.helpers.SubstituteLogger info
INFO: [deregistrationAccept registrationRequestGUTI | registrationRequestGUTI / null_action null_action | null_action]
Jul 30, 2026 2:00:35 PM org.slf4j.helpers.SubstituteLogger info
INFO: [deregistrationAccept registrationRequest | registrationRequestGUTI / null_action null_action | null_action]
Jul 30, 2026 2:01:45 PM org.slf4j.helpers.SubstituteLogger info
INFO: [registrationRequest | registrationComplete registrationRequestGUTI registrationRequestGUTI registrationComplete authenticationResponse registrationComplete authenticationResponse / authenticationRequest | null_action authenticationRequest authenticationRequest null_action securityModeCommand null_action null_action]
Jul 30, 2026 2:01:59 PM org.slf4j.helpers.SubstituteLogger info
INFO: [registrationRequest | registrationComplete authenticationResponse registrationComplete authenticationResponse / authenticationRequest | null_action securityModeCommand null_action null_action]
Jul 30, 2026 2:02:11 PM org.slf4j.helpers.SubstituteLogger info
INFO: [registrationRequest | authenticationResponse registrationComplete authenticationResponse / authenticationRequest | securityModeCommand null_action null_action]
Jul 30, 2026 2:02:19 PM org.slf4j.helpers.SubstituteLogger info
INFO: [registrationRequest | registrationComplete authenticationResponse / authenticationRequest | null_action securityModeCommand]
Jul 30, 2026 2:02:27 PM org.slf4j.helpers.SubstituteLogger info
INFO: [registrationRequest authenticationResponse | registrationRequest / authenticationRequest securityModeCommand | authenticationRequest]
Jul 30, 2026 2:02:27 PM org.slf4j.helpers.SubstituteLogger info
INFO: [registrationRequest authenticationResponse | registrationRequestGUTI / authenticationRequest securityModeCommand | authenticationRequest]
Jul 30, 2026 2:02:36 PM org.slf4j.helpers.SubstituteLogger info
INFO: [registrationRequest authenticationResponse | registrationComplete / authenticationRequest securityModeCommand | null_action]
Jul 30, 2026 2:02:46 PM org.slf4j.helpers.SubstituteLogger info
INFO: [registrationRequest authenticationResponse | deregistrationRequest / authenticationRequest securityModeCommand | null_action]
Jul 30, 2026 2:03:19 PM org.slf4j.helpers.SubstituteLogger info
INFO: [registrationRequest authenticationResponse | serviceRequest / authenticationRequest securityModeCommand | null_action]
Jul 30, 2026 2:03:30 PM org.slf4j.helpers.SubstituteLogger info
INFO: [registrationRequest authenticationResponse | securityModeReject / authenticationRequest securityModeCommand | null_action]
Jul 30, 2026 2:03:40 PM org.slf4j.helpers.SubstituteLogger info
INFO: [registrationRequest authenticationResponse | authenticationResponse / authenticationRequest securityModeCommand | null_action]
Jul 30, 2026 2:03:50 PM org.slf4j.helpers.SubstituteLogger info
INFO: [registrationRequest authenticationResponse | authenticationFailure / authenticationRequest securityModeCommand | null_action]
Jul 30, 2026 2:04:00 PM org.slf4j.helpers.SubstituteLogger info
INFO: [registrationRequest authenticationResponse | deregistrationAccept / authenticationRequest securityModeCommand | null_action]
Jul 30, 2026 2:04:07 PM org.slf4j.helpers.SubstituteLogger info
INFO: [registrationRequest authenticationResponse | securityModeComplete / authenticationRequest securityModeCommand | registrationAccept]
Jul 30, 2026 2:04:17 PM org.slf4j.helpers.SubstituteLogger info
INFO: [registrationRequest authenticationResponse | identityResponse / authenticationRequest securityModeCommand | null_action]
Jul 30, 2026 2:04:27 PM org.slf4j.helpers.SubstituteLogger info
INFO: [registrationRequest authenticationResponse | configurationUpdateComplete / authenticationRequest securityModeCommand | null_action]
Jul 30, 2026 2:04:40 PM org.slf4j.helpers.SubstituteLogger info
INFO: [registrationRequest authenticationResponse configurationUpdateComplete | registrationRequestGUTI / authenticationRequest securityModeCommand null_action | authenticationRequest]
Jul 30, 2026 2:04:50 PM org.slf4j.helpers.SubstituteLogger info
INFO: [registrationRequest authenticationResponse identityResponse | registrationRequestGUTI / authenticationRequest securityModeCommand null_action | authenticationRequest]
Jul 30, 2026 2:05:24 PM org.slf4j.helpers.SubstituteLogger info
INFO: [registrationRequest authenticationResponse securityModeComplete | registrationRequestGUTI / authenticationRequest securityModeCommand registrationAccept | authenticationRequest]
Jul 30, 2026 2:05:35 PM org.slf4j.helpers.SubstituteLogger info
INFO: [registrationRequest authenticationResponse deregistrationAccept | registrationRequestGUTI / authenticationRequest securityModeCommand null_action | authenticationRequest]
Jul 30, 2026 2:05:45 PM org.slf4j.helpers.SubstituteLogger info
INFO: [registrationRequest authenticationResponse authenticationFailure | registrationRequestGUTI / authenticationRequest securityModeCommand null_action | authenticationRequest]
Jul 30, 2026 2:05:56 PM org.slf4j.helpers.SubstituteLogger info
INFO: [registrationRequest authenticationResponse authenticationResponse | registrationRequestGUTI / authenticationRequest securityModeCommand null_action | authenticationRequest]
Jul 30, 2026 2:06:07 PM org.slf4j.helpers.SubstituteLogger info
INFO: [registrationRequest authenticationResponse securityModeReject | registrationRequestGUTI / authenticationRequest securityModeCommand null_action | identityRequest]
Jul 30, 2026 2:06:16 PM org.slf4j.helpers.SubstituteLogger info
INFO: [registrationRequest authenticationResponse serviceRequest | registrationRequestGUTI / authenticationRequest securityModeCommand null_action | authenticationRequest]
Jul 30, 2026 2:06:26 PM org.slf4j.helpers.SubstituteLogger info
INFO: [registrationRequest authenticationResponse deregistrationRequest | registrationRequestGUTI / authenticationRequest securityModeCommand null_action | identityRequest]
Jul 30, 2026 2:06:41 PM org.slf4j.helpers.SubstituteLogger info
INFO: [registrationRequest authenticationResponse registrationComplete | registrationRequestGUTI / authenticationRequest securityModeCommand null_action | authenticationRequest]
Jul 30, 2026 2:06:50 PM org.slf4j.helpers.SubstituteLogger info
INFO: [registrationRequest authenticationResponse registrationRequestGUTI | registrationRequestGUTI / authenticationRequest securityModeCommand authenticationRequest | authenticationRequest]
Jul 30, 2026 2:07:00 PM org.slf4j.helpers.SubstituteLogger info
INFO: [registrationRequest authenticationResponse registrationRequest | registrationRequestGUTI / authenticationRequest securityModeCommand authenticationRequest | authenticationRequest]
Jul 30, 2026 2:07:34 PM org.slf4j.helpers.SubstituteLogger info
INFO: [registrationRequest authenticationResponse registrationRequest | authenticationResponse / authenticationRequest securityModeCommand authenticationRequest | securityModeCommand]
Jul 30, 2026 2:07:43 PM org.slf4j.helpers.SubstituteLogger info
INFO: [registrationRequest authenticationResponse registrationRequestGUTI | authenticationResponse / authenticationRequest securityModeCommand authenticationRequest | securityModeCommand]
Jul 30, 2026 2:07:43 PM org.slf4j.helpers.SubstituteLogger info
INFO: [registrationRequest authenticationResponse registrationComplete | authenticationResponse / authenticationRequest securityModeCommand null_action | null_action]
Jul 30, 2026 2:07:53 PM org.slf4j.helpers.SubstituteLogger info
INFO: [registrationRequest authenticationResponse serviceRequest | authenticationResponse / authenticationRequest securityModeCommand null_action | null_action]
Jul 30, 2026 2:08:08 PM org.slf4j.helpers.SubstituteLogger info
INFO: [registrationRequest authenticationResponse authenticationResponse | authenticationResponse / authenticationRequest securityModeCommand null_action | null_action]
Jul 30, 2026 2:08:21 PM org.slf4j.helpers.SubstituteLogger info
INFO: [registrationRequest authenticationResponse authenticationFailure | authenticationResponse / authenticationRequest securityModeCommand null_action | null_action]
Jul 30, 2026 2:08:33 PM org.slf4j.helpers.SubstituteLogger info
INFO: [registrationRequest authenticationResponse deregistrationAccept | authenticationResponse / authenticationRequest securityModeCommand null_action | null_action]
Jul 30, 2026 2:08:44 PM org.slf4j.helpers.SubstituteLogger info
INFO: [registrationRequest authenticationResponse securityModeComplete | authenticationResponse / authenticationRequest securityModeCommand registrationAccept | null_action]
Jul 30, 2026 2:08:59 PM org.slf4j.helpers.SubstituteLogger info
INFO: [registrationRequest authenticationResponse identityResponse | authenticationResponse / authenticationRequest securityModeCommand null_action | null_action]
Jul 30, 2026 2:09:12 PM org.slf4j.helpers.SubstituteLogger info
INFO: [registrationRequest authenticationResponse configurationUpdateComplete | authenticationResponse / authenticationRequest securityModeCommand null_action | null_action]
Jul 30, 2026 2:09:19 PM org.slf4j.helpers.SubstituteLogger info
INFO: [registrationRequest configurationUpdateComplete | authenticationResponse / authenticationRequest null_action | securityModeCommand]
Jul 30, 2026 2:10:10 PM org.slf4j.helpers.SubstituteLogger info
INFO: [registrationRequest identityResponse | authenticationResponse / authenticationRequest null_action | securityModeCommand]
Jul 30, 2026 2:10:19 PM org.slf4j.helpers.SubstituteLogger info
INFO: [registrationRequest securityModeComplete | authenticationResponse / authenticationRequest null_action | securityModeCommand]
Jul 30, 2026 2:10:29 PM org.slf4j.helpers.SubstituteLogger info
INFO: [registrationRequest deregistrationAccept | authenticationResponse / authenticationRequest null_action | securityModeCommand]
Jul 30, 2026 2:10:41 PM org.slf4j.helpers.SubstituteLogger info
INFO: [registrationRequest securityModeReject | authenticationResponse / authenticationRequest null_action | securityModeCommand]
Jul 30, 2026 2:10:48 PM org.slf4j.helpers.SubstituteLogger info
INFO: [registrationRequest serviceRequest | authenticationResponse / authenticationRequest null_action | securityModeCommand]
Jul 30, 2026 2:10:48 PM org.slf4j.helpers.SubstituteLogger info
INFO: [registrationRequest registrationComplete | authenticationResponse / authenticationRequest null_action | securityModeCommand]
Jul 30, 2026 2:10:58 PM org.slf4j.helpers.SubstituteLogger info
INFO: [registrationRequest registrationRequestGUTI | authenticationResponse / authenticationRequest authenticationRequest | securityModeCommand]
Jul 30, 2026 2:11:06 PM org.slf4j.helpers.SubstituteLogger info
INFO: [registrationRequest registrationRequest | authenticationResponse / authenticationRequest authenticationRequest | securityModeCommand]
Jul 30, 2026 2:11:59 PM org.slf4j.helpers.SubstituteLogger info
INFO: [registrationRequest | authenticationResponse registrationComplete identityResponse securityModeComplete configurationUpdateComplete authenticationResponse serviceRequest / authenticationRequest | securityModeCommand null_action null_action registrationAccept null_action null_action serviceReject]
Jul 30, 2026 2:12:15 PM org.slf4j.helpers.SubstituteLogger info
INFO: [registrationRequest authenticationResponse | securityModeComplete configurationUpdateComplete authenticationResponse serviceRequest / authenticationRequest securityModeCommand | registrationAccept null_action null_action serviceReject]
Jul 30, 2026 2:12:54 PM org.slf4j.helpers.SubstituteLogger info
INFO: [registrationRequest authenticationResponse | configurationUpdateComplete authenticationResponse serviceRequest / authenticationRequest securityModeCommand | null_action null_action null_action]
Jul 30, 2026 2:13:04 PM org.slf4j.helpers.SubstituteLogger info
INFO: [registrationRequest authenticationResponse securityModeComplete | registrationRequest / authenticationRequest securityModeCommand registrationAccept | null_action]
Jul 30, 2026 2:13:04 PM org.slf4j.helpers.SubstituteLogger info
INFO: [registrationRequest authenticationResponse securityModeComplete | registrationRequestGUTI / authenticationRequest securityModeCommand registrationAccept | authenticationRequest]
Jul 30, 2026 2:13:13 PM org.slf4j.helpers.SubstituteLogger info
INFO: [registrationRequest authenticationResponse securityModeComplete | registrationComplete / authenticationRequest securityModeCommand registrationAccept | configurationUpdateCommand]
Jul 30, 2026 2:13:24 PM org.slf4j.helpers.SubstituteLogger info
INFO: [registrationRequest authenticationResponse securityModeComplete | deregistrationRequest / authenticationRequest securityModeCommand registrationAccept | null_action]
Jul 30, 2026 2:13:36 PM org.slf4j.helpers.SubstituteLogger info
INFO: [registrationRequest authenticationResponse securityModeComplete | serviceRequest / authenticationRequest securityModeCommand registrationAccept | serviceReject]
Jul 30, 2026 2:13:46 PM org.slf4j.helpers.SubstituteLogger info
INFO: [registrationRequest authenticationResponse securityModeComplete | securityModeReject / authenticationRequest securityModeCommand registrationAccept | null_action]
Jul 30, 2026 2:13:46 PM org.slf4j.helpers.SubstituteLogger info
INFO: [registrationRequest authenticationResponse securityModeComplete | authenticationResponse / authenticationRequest securityModeCommand registrationAccept | null_action]
Jul 30, 2026 2:13:57 PM org.slf4j.helpers.SubstituteLogger info
INFO: [registrationRequest authenticationResponse securityModeComplete | authenticationFailure / authenticationRequest securityModeCommand registrationAccept | null_action]
Jul 30, 2026 2:14:08 PM org.slf4j.helpers.SubstituteLogger info
INFO: [registrationRequest authenticationResponse securityModeComplete | deregistrationAccept / authenticationRequest securityModeCommand registrationAccept | null_action]
Jul 30, 2026 2:14:21 PM org.slf4j.helpers.SubstituteLogger info
INFO: [registrationRequest authenticationResponse securityModeComplete | securityModeComplete / authenticationRequest securityModeCommand registrationAccept | null_action]
Jul 30, 2026 2:14:29 PM org.slf4j.helpers.SubstituteLogger info
INFO: [registrationRequest authenticationResponse securityModeComplete | identityResponse / authenticationRequest securityModeCommand registrationAccept | null_action]
Jul 30, 2026 2:15:05 PM org.slf4j.helpers.SubstituteLogger info
INFO: [registrationRequest authenticationResponse securityModeComplete | configurationUpdateComplete / authenticationRequest securityModeCommand registrationAccept | null_action]
Jul 30, 2026 2:15:17 PM org.slf4j.helpers.SubstituteLogger info
INFO: [registrationRequest authenticationResponse securityModeComplete configurationUpdateComplete | registrationRequestGUTI / authenticationRequest securityModeCommand registrationAccept null_action | authenticationRequest]
Jul 30, 2026 2:15:26 PM org.slf4j.helpers.SubstituteLogger info
INFO: [registrationRequest authenticationResponse securityModeComplete identityResponse | registrationRequestGUTI / authenticationRequest securityModeCommand registrationAccept null_action | authenticationRequest]
Jul 30, 2026 2:15:40 PM org.slf4j.helpers.SubstituteLogger info
INFO: [registrationRequest authenticationResponse securityModeComplete securityModeComplete | registrationRequestGUTI / authenticationRequest securityModeCommand registrationAccept null_action | authenticationRequest]
Jul 30, 2026 2:15:54 PM org.slf4j.helpers.SubstituteLogger info
INFO: [registrationRequest authenticationResponse securityModeComplete deregistrationAccept | registrationRequestGUTI / authenticationRequest securityModeCommand registrationAccept null_action | authenticationRequest]
Jul 30, 2026 2:16:05 PM org.slf4j.helpers.SubstituteLogger info
INFO: [registrationRequest authenticationResponse securityModeComplete authenticationFailure | registrationRequestGUTI / authenticationRequest securityModeCommand registrationAccept null_action | authenticationRequest]
Jul 30, 2026 2:16:19 PM org.slf4j.helpers.SubstituteLogger info
INFO: [registrationRequest authenticationResponse securityModeComplete authenticationResponse | registrationRequestGUTI / authenticationRequest securityModeCommand registrationAccept null_action | authenticationRequest]
Jul 30, 2026 2:16:33 PM org.slf4j.helpers.SubstituteLogger info
INFO: [registrationRequest authenticationResponse securityModeComplete securityModeReject | registrationRequestGUTI / authenticationRequest securityModeCommand registrationAccept null_action | authenticationRequest]
Jul 30, 2026 2:16:44 PM org.slf4j.helpers.SubstituteLogger info
INFO: [registrationRequest authenticationResponse securityModeComplete serviceRequest | registrationRequestGUTI / authenticationRequest securityModeCommand registrationAccept serviceReject | identityRequest]
Jul 30, 2026 2:16:55 PM org.slf4j.helpers.SubstituteLogger info
INFO: [registrationRequest authenticationResponse securityModeComplete deregistrationRequest | registrationRequestGUTI / authenticationRequest securityModeCommand registrationAccept null_action | identityRequest]
Jul 30, 2026 2:17:30 PM org.slf4j.helpers.SubstituteLogger info
INFO: [registrationRequest authenticationResponse securityModeComplete registrationComplete | registrationRequestGUTI / authenticationRequest securityModeCommand registrationAccept configurationUpdateCommand | registrationAccept]
Jul 30, 2026 2:17:42 PM org.slf4j.helpers.SubstituteLogger info
INFO: [registrationRequest authenticationResponse securityModeComplete registrationRequestGUTI | registrationRequestGUTI / authenticationRequest securityModeCommand registrationAccept authenticationRequest | authenticationRequest]
Jul 30, 2026 2:17:53 PM org.slf4j.helpers.SubstituteLogger info
INFO: [registrationRequest authenticationResponse securityModeComplete registrationRequest | registrationRequestGUTI / authenticationRequest securityModeCommand registrationAccept null_action | authenticationRequest]
Jul 30, 2026 2:18:07 PM org.slf4j.helpers.SubstituteLogger info
INFO: [registrationRequest authenticationResponse securityModeComplete configurationUpdateComplete | authenticationResponse / authenticationRequest securityModeCommand registrationAccept null_action | null_action]
Jul 30, 2026 2:18:21 PM org.slf4j.helpers.SubstituteLogger info
INFO: [registrationRequest authenticationResponse securityModeComplete identityResponse | authenticationResponse / authenticationRequest securityModeCommand registrationAccept null_action | null_action]
Jul 30, 2026 2:18:35 PM org.slf4j.helpers.SubstituteLogger info
INFO: [registrationRequest authenticationResponse securityModeComplete securityModeComplete | authenticationResponse / authenticationRequest securityModeCommand registrationAccept null_action | null_action]
Jul 30, 2026 2:18:48 PM org.slf4j.helpers.SubstituteLogger info
INFO: [registrationRequest authenticationResponse securityModeComplete deregistrationAccept | authenticationResponse / authenticationRequest securityModeCommand registrationAccept null_action | null_action]
Jul 30, 2026 2:19:04 PM org.slf4j.helpers.SubstituteLogger info
INFO: [registrationRequest authenticationResponse securityModeComplete authenticationFailure | authenticationResponse / authenticationRequest securityModeCommand registrationAccept null_action | null_action]
Jul 30, 2026 2:19:18 PM org.slf4j.helpers.SubstituteLogger info
INFO: [registrationRequest authenticationResponse securityModeComplete authenticationResponse | authenticationResponse / authenticationRequest securityModeCommand registrationAccept null_action | null_action]
Jul 30, 2026 2:19:35 PM org.slf4j.helpers.SubstituteLogger info
INFO: [registrationRequest authenticationResponse securityModeComplete securityModeReject | authenticationResponse / authenticationRequest securityModeCommand registrationAccept null_action | null_action]
Jul 30, 2026 2:20:24 PM org.slf4j.helpers.SubstituteLogger info
INFO: [registrationRequest authenticationResponse securityModeComplete registrationRequestGUTI | authenticationResponse / authenticationRequest securityModeCommand registrationAccept authenticationRequest | securityModeCommand]
Jul 30, 2026 2:20:37 PM org.slf4j.helpers.SubstituteLogger info
INFO: [registrationRequest authenticationResponse securityModeComplete registrationRequest | authenticationResponse / authenticationRequest securityModeCommand registrationAccept null_action | null_action]
Jul 30, 2026 2:20:49 PM org.slf4j.helpers.SubstituteLogger info
INFO: [registrationRequest authenticationResponse securityModeComplete registrationComplete | registrationRequest / authenticationRequest securityModeCommand registrationAccept configurationUpdateCommand | null_action]
Jul 30, 2026 2:20:49 PM org.slf4j.helpers.SubstituteLogger info
INFO: [registrationRequest authenticationResponse securityModeComplete registrationComplete | registrationRequestGUTI / authenticationRequest securityModeCommand registrationAccept configurationUpdateCommand | registrationAccept]
Jul 30, 2026 2:21:01 PM org.slf4j.helpers.SubstituteLogger info
INFO: [registrationRequest authenticationResponse securityModeComplete registrationComplete | registrationComplete / authenticationRequest securityModeCommand registrationAccept configurationUpdateCommand | null_action]
Jul 30, 2026 2:21:13 PM org.slf4j.helpers.SubstituteLogger info
INFO: [registrationRequest authenticationResponse securityModeComplete registrationComplete | deregistrationRequest / authenticationRequest securityModeCommand registrationAccept configurationUpdateCommand | null_action]
Jul 30, 2026 2:21:23 PM org.slf4j.helpers.SubstituteLogger info
INFO: [registrationRequest authenticationResponse securityModeComplete registrationComplete | serviceRequest / authenticationRequest securityModeCommand registrationAccept configurationUpdateCommand | serviceAccept]
Jul 30, 2026 2:21:35 PM org.slf4j.helpers.SubstituteLogger info
INFO: [registrationRequest authenticationResponse securityModeComplete registrationComplete | securityModeReject / authenticationRequest securityModeCommand registrationAccept configurationUpdateCommand | null_action]
Jul 30, 2026 2:21:49 PM org.slf4j.helpers.SubstituteLogger info
INFO: [registrationRequest authenticationResponse securityModeComplete registrationComplete | authenticationResponse / authenticationRequest securityModeCommand registrationAccept configurationUpdateCommand | null_action]
Jul 30, 2026 2:22:00 PM org.slf4j.helpers.SubstituteLogger info
INFO: [registrationRequest authenticationResponse securityModeComplete registrationComplete | authenticationFailure / authenticationRequest securityModeCommand registrationAccept configurationUpdateCommand | null_action]
Jul 30, 2026 2:22:12 PM org.slf4j.helpers.SubstituteLogger info
INFO: [registrationRequest authenticationResponse securityModeComplete registrationComplete | deregistrationAccept / authenticationRequest securityModeCommand registrationAccept configurationUpdateCommand | null_action]
Jul 30, 2026 2:22:49 PM org.slf4j.helpers.SubstituteLogger info
INFO: [registrationRequest authenticationResponse securityModeComplete registrationComplete | securityModeComplete / authenticationRequest securityModeCommand registrationAccept configurationUpdateCommand | null_action]
Jul 30, 2026 2:22:59 PM org.slf4j.helpers.SubstituteLogger info
INFO: [registrationRequest authenticationResponse securityModeComplete registrationComplete | identityResponse / authenticationRequest securityModeCommand registrationAccept configurationUpdateCommand | null_action]
Jul 30, 2026 2:23:10 PM org.slf4j.helpers.SubstituteLogger info
INFO: [registrationRequest authenticationResponse securityModeComplete registrationComplete | configurationUpdateComplete / authenticationRequest securityModeCommand registrationAccept configurationUpdateCommand | null_action]
Jul 30, 2026 2:23:10 PM org.slf4j.helpers.SubstituteLogger info
INFO: [registrationRequest authenticationResponse securityModeComplete registrationComplete | registrationRequest / authenticationRequest securityModeCommand registrationAccept configurationUpdateCommand | null_action]
Jul 30, 2026 2:23:10 PM org.slf4j.helpers.SubstituteLogger info
INFO: [registrationRequest authenticationResponse securityModeComplete registrationComplete | registrationRequestGUTI / authenticationRequest securityModeCommand registrationAccept configurationUpdateCommand | registrationAccept]
Jul 30, 2026 2:23:10 PM org.slf4j.helpers.SubstituteLogger info
INFO: [registrationRequest authenticationResponse securityModeComplete registrationComplete | registrationComplete / authenticationRequest securityModeCommand registrationAccept configurationUpdateCommand | null_action]
Jul 30, 2026 2:23:10 PM org.slf4j.helpers.SubstituteLogger info
INFO: [registrationRequest authenticationResponse securityModeComplete registrationComplete | deregistrationRequest / authenticationRequest securityModeCommand registrationAccept configurationUpdateCommand | null_action]
Jul 30, 2026 2:23:10 PM org.slf4j.helpers.SubstituteLogger info
INFO: [registrationRequest authenticationResponse securityModeComplete registrationComplete | serviceRequest / authenticationRequest securityModeCommand registrationAccept configurationUpdateCommand | serviceAccept]
Jul 30, 2026 2:23:10 PM org.slf4j.helpers.SubstituteLogger info
INFO: [registrationRequest authenticationResponse securityModeComplete registrationComplete | securityModeReject / authenticationRequest securityModeCommand registrationAccept configurationUpdateCommand | null_action]
Jul 30, 2026 2:23:10 PM org.slf4j.helpers.SubstituteLogger info
INFO: [registrationRequest authenticationResponse securityModeComplete registrationComplete | authenticationResponse / authenticationRequest securityModeCommand registrationAccept configurationUpdateCommand | null_action]
Jul 30, 2026 2:23:10 PM org.slf4j.helpers.SubstituteLogger info
INFO: [registrationRequest authenticationResponse securityModeComplete registrationComplete | authenticationFailure / authenticationRequest securityModeCommand registrationAccept configurationUpdateCommand | null_action]
Jul 30, 2026 2:23:10 PM org.slf4j.helpers.SubstituteLogger info
INFO: [registrationRequest authenticationResponse securityModeComplete registrationComplete | deregistrationAccept / authenticationRequest securityModeCommand registrationAccept configurationUpdateCommand | null_action]
Jul 30, 2026 2:23:10 PM org.slf4j.helpers.SubstituteLogger info
INFO: [registrationRequest authenticationResponse securityModeComplete registrationComplete | securityModeComplete / authenticationRequest securityModeCommand registrationAccept configurationUpdateCommand | null_action]
Jul 30, 2026 2:23:10 PM org.slf4j.helpers.SubstituteLogger info
INFO: [registrationRequest authenticationResponse securityModeComplete registrationComplete | identityResponse / authenticationRequest securityModeCommand registrationAccept configurationUpdateCommand | null_action]
Jul 30, 2026 2:23:10 PM org.slf4j.helpers.SubstituteLogger info
INFO: [registrationRequest authenticationResponse securityModeComplete registrationComplete | configurationUpdateComplete / authenticationRequest securityModeCommand registrationAccept configurationUpdateCommand | null_action]
Jul 30, 2026 2:23:23 PM org.slf4j.helpers.SubstituteLogger info
INFO: [registrationRequest authenticationResponse securityModeComplete registrationComplete configurationUpdateComplete | registrationRequestGUTI / authenticationRequest securityModeCommand registrationAccept configurationUpdateCommand null_action | registrationAccept]
Jul 30, 2026 2:23:34 PM org.slf4j.helpers.SubstituteLogger info
INFO: [registrationRequest authenticationResponse securityModeComplete registrationComplete identityResponse | registrationRequestGUTI / authenticationRequest securityModeCommand registrationAccept configurationUpdateCommand null_action | registrationAccept]
Jul 30, 2026 2:23:47 PM org.slf4j.helpers.SubstituteLogger info
INFO: [registrationRequest authenticationResponse securityModeComplete registrationComplete securityModeComplete | registrationRequestGUTI / authenticationRequest securityModeCommand registrationAccept configurationUpdateCommand null_action | registrationAccept]
Jul 30, 2026 2:24:01 PM org.slf4j.helpers.SubstituteLogger info
INFO: [registrationRequest authenticationResponse securityModeComplete registrationComplete deregistrationAccept | registrationRequestGUTI / authenticationRequest securityModeCommand registrationAccept configurationUpdateCommand null_action | registrationAccept]
Jul 30, 2026 2:24:14 PM org.slf4j.helpers.SubstituteLogger info
INFO: [registrationRequest authenticationResponse securityModeComplete registrationComplete authenticationFailure | registrationRequestGUTI / authenticationRequest securityModeCommand registrationAccept configurationUpdateCommand null_action | registrationAccept]
Jul 30, 2026 2:24:27 PM org.slf4j.helpers.SubstituteLogger info
INFO: [registrationRequest authenticationResponse securityModeComplete registrationComplete authenticationResponse | registrationRequestGUTI / authenticationRequest securityModeCommand registrationAccept configurationUpdateCommand null_action | registrationAccept]
Jul 30, 2026 2:24:41 PM org.slf4j.helpers.SubstituteLogger info
INFO: [registrationRequest authenticationResponse securityModeComplete registrationComplete securityModeReject | registrationRequestGUTI / authenticationRequest securityModeCommand registrationAccept configurationUpdateCommand null_action | registrationAccept]
Jul 30, 2026 2:25:20 PM org.slf4j.helpers.SubstituteLogger info
INFO: [registrationRequest authenticationResponse securityModeComplete registrationComplete serviceRequest | registrationRequestGUTI / authenticationRequest securityModeCommand registrationAccept configurationUpdateCommand serviceAccept | registrationAccept]
Jul 30, 2026 2:25:35 PM org.slf4j.helpers.SubstituteLogger info
INFO: [registrationRequest authenticationResponse securityModeComplete registrationComplete deregistrationRequest | registrationRequestGUTI / authenticationRequest securityModeCommand registrationAccept configurationUpdateCommand null_action | authenticationRequest]
Jul 30, 2026 2:25:47 PM org.slf4j.helpers.SubstituteLogger info
INFO: [registrationRequest authenticationResponse securityModeComplete registrationComplete registrationComplete | registrationRequestGUTI / authenticationRequest securityModeCommand registrationAccept configurationUpdateCommand null_action | registrationAccept]
Jul 30, 2026 2:25:58 PM org.slf4j.helpers.SubstituteLogger info
INFO: [registrationRequest authenticationResponse securityModeComplete registrationComplete registrationRequestGUTI | registrationRequestGUTI / authenticationRequest securityModeCommand registrationAccept configurationUpdateCommand registrationAccept | authenticationRequest]
Jul 30, 2026 2:26:09 PM org.slf4j.helpers.SubstituteLogger info
INFO: [registrationRequest authenticationResponse securityModeComplete registrationComplete registrationRequest | registrationRequestGUTI / authenticationRequest securityModeCommand registrationAccept configurationUpdateCommand null_action | registrationAccept]
Jul 30, 2026 2:26:09 PM org.slf4j.helpers.SubstituteLogger info
INFO: [registrationRequest authenticationResponse securityModeComplete registrationComplete configurationUpdateComplete | registrationRequestGUTI / authenticationRequest securityModeCommand registrationAccept configurationUpdateCommand null_action | registrationAccept]
Jul 30, 2026 2:26:09 PM org.slf4j.helpers.SubstituteLogger info
INFO: [registrationRequest authenticationResponse securityModeComplete registrationComplete identityResponse | registrationRequestGUTI / authenticationRequest securityModeCommand registrationAccept configurationUpdateCommand null_action | registrationAccept]
Jul 30, 2026 2:26:09 PM org.slf4j.helpers.SubstituteLogger info
INFO: [registrationRequest authenticationResponse securityModeComplete registrationComplete securityModeComplete | registrationRequestGUTI / authenticationRequest securityModeCommand registrationAccept configurationUpdateCommand null_action | registrationAccept]
Jul 30, 2026 2:26:09 PM org.slf4j.helpers.SubstituteLogger info
INFO: [registrationRequest authenticationResponse securityModeComplete registrationComplete deregistrationAccept | registrationRequestGUTI / authenticationRequest securityModeCommand registrationAccept configurationUpdateCommand null_action | registrationAccept]
Jul 30, 2026 2:26:09 PM org.slf4j.helpers.SubstituteLogger info
INFO: [registrationRequest authenticationResponse securityModeComplete registrationComplete authenticationFailure | registrationRequestGUTI / authenticationRequest securityModeCommand registrationAccept configurationUpdateCommand null_action | registrationAccept]
Jul 30, 2026 2:26:09 PM org.slf4j.helpers.SubstituteLogger info
INFO: [registrationRequest authenticationResponse securityModeComplete registrationComplete authenticationResponse | registrationRequestGUTI / authenticationRequest securityModeCommand registrationAccept configurationUpdateCommand null_action | registrationAccept]
Jul 30, 2026 2:26:09 PM org.slf4j.helpers.SubstituteLogger info
INFO: [registrationRequest authenticationResponse securityModeComplete registrationComplete securityModeReject | registrationRequestGUTI / authenticationRequest securityModeCommand registrationAccept configurationUpdateCommand null_action | registrationAccept]
Jul 30, 2026 2:26:09 PM org.slf4j.helpers.SubstituteLogger info
INFO: [registrationRequest authenticationResponse securityModeComplete registrationComplete serviceRequest | registrationRequestGUTI / authenticationRequest securityModeCommand registrationAccept configurationUpdateCommand serviceAccept | registrationAccept]
Jul 30, 2026 2:26:09 PM org.slf4j.helpers.SubstituteLogger info
INFO: [registrationRequest authenticationResponse securityModeComplete registrationComplete deregistrationRequest | registrationRequestGUTI / authenticationRequest securityModeCommand registrationAccept configurationUpdateCommand null_action | authenticationRequest]
Jul 30, 2026 2:26:09 PM org.slf4j.helpers.SubstituteLogger info
INFO: [registrationRequest authenticationResponse securityModeComplete registrationComplete registrationComplete | registrationRequestGUTI / authenticationRequest securityModeCommand registrationAccept configurationUpdateCommand null_action | registrationAccept]
Jul 30, 2026 2:26:09 PM org.slf4j.helpers.SubstituteLogger info
INFO: [registrationRequest authenticationResponse securityModeComplete registrationComplete registrationRequestGUTI | registrationRequestGUTI / authenticationRequest securityModeCommand registrationAccept configurationUpdateCommand registrationAccept | authenticationRequest]
Jul 30, 2026 2:26:09 PM org.slf4j.helpers.SubstituteLogger info
INFO: [registrationRequest authenticationResponse securityModeComplete registrationComplete registrationRequest | registrationRequestGUTI / authenticationRequest securityModeCommand registrationAccept configurationUpdateCommand null_action | registrationAccept]
Jul 30, 2026 2:26:26 PM org.slf4j.helpers.SubstituteLogger info
INFO: [registrationRequest authenticationResponse securityModeComplete registrationComplete deregistrationRequest | authenticationResponse / authenticationRequest securityModeCommand registrationAccept configurationUpdateCommand null_action | null_action]
Jul 30, 2026 2:26:38 PM org.slf4j.helpers.SubstituteLogger info
INFO: [registrationRequest authenticationResponse securityModeComplete registrationComplete registrationRequestGUTI | authenticationResponse / authenticationRequest securityModeCommand registrationAccept configurationUpdateCommand registrationAccept | null_action]
Jul 30, 2026 2:26:38 PM org.slf4j.helpers.SubstituteLogger info
INFO: [registrationRequest authenticationResponse securityModeComplete registrationComplete deregistrationRequest | authenticationResponse / authenticationRequest securityModeCommand registrationAccept configurationUpdateCommand null_action | null_action]
Jul 30, 2026 2:26:38 PM org.slf4j.helpers.SubstituteLogger info
INFO: [registrationRequest authenticationResponse securityModeComplete registrationComplete registrationRequestGUTI | authenticationResponse / authenticationRequest securityModeCommand registrationAccept configurationUpdateCommand registrationAccept | null_action]
Jul 30, 2026 2:26:49 PM org.slf4j.helpers.SubstituteLogger info
INFO: [registrationRequest authenticationResponse securityModeComplete registrationComplete registrationRequestGUTI | registrationRequest / authenticationRequest securityModeCommand registrationAccept configurationUpdateCommand registrationAccept | null_action]
Jul 30, 2026 2:27:02 PM org.slf4j.helpers.SubstituteLogger info
INFO: [registrationRequest authenticationResponse securityModeComplete registrationComplete deregistrationRequest | registrationRequest / authenticationRequest securityModeCommand registrationAccept configurationUpdateCommand null_action | authenticationRequest]
Jul 30, 2026 2:27:02 PM org.slf4j.helpers.SubstituteLogger info
INFO: [registrationRequest authenticationResponse securityModeComplete registrationComplete registrationRequestGUTI | registrationRequest / authenticationRequest securityModeCommand registrationAccept configurationUpdateCommand registrationAccept | null_action]
Jul 30, 2026 2:27:02 PM org.slf4j.helpers.SubstituteLogger info
INFO: [registrationRequest authenticationResponse securityModeComplete registrationComplete deregistrationRequest | registrationRequest / authenticationRequest securityModeCommand registrationAccept configurationUpdateCommand null_action | authenticationRequest]
Jul 30, 2026 2:27:12 PM org.slf4j.helpers.SubstituteLogger info
INFO: [registrationRequest authenticationResponse securityModeComplete registrationRequest | registrationRequest / authenticationRequest securityModeCommand registrationAccept null_action | null_action]
Jul 30, 2026 2:28:02 PM org.slf4j.helpers.SubstituteLogger info
INFO: [registrationRequest authenticationResponse securityModeComplete securityModeReject | registrationRequest / authenticationRequest securityModeCommand registrationAccept null_action | null_action]
Jul 30, 2026 2:28:16 PM org.slf4j.helpers.SubstituteLogger info
INFO: [registrationRequest authenticationResponse securityModeComplete authenticationResponse | registrationRequest / authenticationRequest securityModeCommand registrationAccept null_action | null_action]
Jul 30, 2026 2:28:27 PM org.slf4j.helpers.SubstituteLogger info
INFO: [registrationRequest authenticationResponse securityModeComplete authenticationFailure | registrationRequest / authenticationRequest securityModeCommand registrationAccept null_action | null_action]
Jul 30, 2026 2:28:41 PM org.slf4j.helpers.SubstituteLogger info
INFO: [registrationRequest authenticationResponse securityModeComplete deregistrationAccept | registrationRequest / authenticationRequest securityModeCommand registrationAccept null_action | null_action]
Jul 30, 2026 2:28:53 PM org.slf4j.helpers.SubstituteLogger info
INFO: [registrationRequest authenticationResponse securityModeComplete securityModeComplete | registrationRequest / authenticationRequest securityModeCommand registrationAccept null_action | null_action]
Jul 30, 2026 2:29:04 PM org.slf4j.helpers.SubstituteLogger info
INFO: [registrationRequest authenticationResponse securityModeComplete identityResponse | registrationRequest / authenticationRequest securityModeCommand registrationAccept null_action | null_action]
Jul 30, 2026 2:29:16 PM org.slf4j.helpers.SubstituteLogger info
INFO: [registrationRequest authenticationResponse securityModeComplete configurationUpdateComplete | registrationRequest / authenticationRequest securityModeCommand registrationAccept null_action | null_action]
Jul 30, 2026 2:29:27 PM org.slf4j.helpers.SubstituteLogger info
INFO: [registrationRequest authenticationResponse configurationUpdateComplete | registrationRequest / authenticationRequest securityModeCommand null_action | authenticationRequest]
Jul 30, 2026 2:29:38 PM org.slf4j.helpers.SubstituteLogger info
INFO: [registrationRequest authenticationResponse identityResponse | registrationRequest / authenticationRequest securityModeCommand null_action | authenticationRequest]
Jul 30, 2026 2:29:48 PM org.slf4j.helpers.SubstituteLogger info
INFO: [registrationRequest authenticationResponse deregistrationAccept | registrationRequest / authenticationRequest securityModeCommand null_action | authenticationRequest]
Jul 30, 2026 2:30:24 PM org.slf4j.helpers.SubstituteLogger info
INFO: [registrationRequest authenticationResponse authenticationFailure | registrationRequest / authenticationRequest securityModeCommand null_action | authenticationRequest]
Jul 30, 2026 2:30:37 PM org.slf4j.helpers.SubstituteLogger info
INFO: [registrationRequest authenticationResponse authenticationResponse | registrationRequest / authenticationRequest securityModeCommand null_action | authenticationRequest]
Jul 30, 2026 2:30:47 PM org.slf4j.helpers.SubstituteLogger info
INFO: [registrationRequest authenticationResponse serviceRequest | registrationRequest / authenticationRequest securityModeCommand null_action | authenticationRequest]
Jul 30, 2026 2:30:58 PM org.slf4j.helpers.SubstituteLogger info
INFO: [registrationRequest authenticationResponse registrationComplete | registrationRequest / authenticationRequest securityModeCommand null_action | authenticationRequest]
Jul 30, 2026 2:40:21 PM org.slf4j.helpers.SubstituteLogger info
INFO: [registrationRequest | authenticationFailure registrationRequestGUTI registrationComplete registrationRequest / authenticationRequest | authenticationReject identityRequest null_action authenticationRequest]
Jul 30, 2026 2:40:31 PM org.slf4j.helpers.SubstituteLogger info
INFO: [ε | registrationRequestGUTI registrationComplete registrationRequest / ε | identityRequest null_action authenticationRequest]
Jul 30, 2026 2:40:44 PM org.slf4j.helpers.SubstituteLogger info
INFO: [deregistrationAccept | registrationComplete registrationRequest / null_action | null_action null_action]
Jul 30, 2026 2:40:51 PM org.slf4j.helpers.SubstituteLogger info
INFO: [registrationRequestGUTI | registrationRequest / identityRequest | authenticationRequest]
Jul 30, 2026 2:40:51 PM org.slf4j.helpers.SubstituteLogger info
INFO: [registrationRequestGUTI | registrationRequestGUTI / identityRequest | null_action]
Jul 30, 2026 2:41:36 PM org.slf4j.helpers.SubstituteLogger info
INFO: [registrationRequestGUTI | registrationComplete / identityRequest | null_action]
Jul 30, 2026 2:41:45 PM org.slf4j.helpers.SubstituteLogger info
INFO: [registrationRequestGUTI | deregistrationRequest / identityRequest | null_action]
Jul 30, 2026 2:41:52 PM org.slf4j.helpers.SubstituteLogger info
INFO: [registrationRequestGUTI | serviceRequest / identityRequest | null_action]
Jul 30, 2026 2:42:02 PM org.slf4j.helpers.SubstituteLogger info
INFO: [registrationRequestGUTI | securityModeReject / identityRequest | null_action]
Jul 30, 2026 2:42:13 PM org.slf4j.helpers.SubstituteLogger info
INFO: [registrationRequestGUTI | authenticationResponse / identityRequest | null_action]
Jul 30, 2026 2:42:22 PM org.slf4j.helpers.SubstituteLogger info
INFO: [registrationRequestGUTI | authenticationFailure / identityRequest | null_action]
Jul 30, 2026 2:42:33 PM org.slf4j.helpers.SubstituteLogger info
INFO: [registrationRequestGUTI | deregistrationAccept / identityRequest | null_action]
Jul 30, 2026 2:42:39 PM org.slf4j.helpers.SubstituteLogger info
INFO: [registrationRequestGUTI | securityModeComplete / identityRequest | null_action]
Jul 30, 2026 2:42:48 PM org.slf4j.helpers.SubstituteLogger info
INFO: [registrationRequestGUTI | identityResponse / identityRequest | authenticationRequest]
Jul 30, 2026 2:42:57 PM org.slf4j.helpers.SubstituteLogger info
INFO: [registrationRequestGUTI | configurationUpdateComplete / identityRequest | null_action]
Jul 30, 2026 2:43:47 PM org.slf4j.helpers.SubstituteLogger info
INFO: [registrationRequestGUTI configurationUpdateComplete | registrationRequestGUTI / identityRequest null_action | null_action]
Jul 30, 2026 2:43:54 PM org.slf4j.helpers.SubstituteLogger info
INFO: [registrationRequestGUTI identityResponse | registrationRequestGUTI / identityRequest authenticationRequest | authenticationRequest]
Jul 30, 2026 2:44:04 PM org.slf4j.helpers.SubstituteLogger info
INFO: [registrationRequestGUTI securityModeComplete | registrationRequestGUTI / identityRequest null_action | null_action]
Jul 30, 2026 2:44:16 PM org.slf4j.helpers.SubstituteLogger info
INFO: [registrationRequestGUTI deregistrationAccept | registrationRequestGUTI / identityRequest null_action | null_action]
Jul 30, 2026 2:44:28 PM org.slf4j.helpers.SubstituteLogger info
INFO: [registrationRequestGUTI authenticationFailure | registrationRequestGUTI / identityRequest null_action | null_action]
Jul 30, 2026 2:44:43 PM org.slf4j.helpers.SubstituteLogger info
INFO: [registrationRequestGUTI authenticationResponse | registrationRequestGUTI / identityRequest null_action | null_action]
Jul 30, 2026 2:44:59 PM org.slf4j.helpers.SubstituteLogger info
INFO: [registrationRequestGUTI securityModeReject | registrationRequestGUTI / identityRequest null_action | null_action]
Jul 30, 2026 2:45:09 PM org.slf4j.helpers.SubstituteLogger info
INFO: [registrationRequestGUTI serviceRequest | registrationRequestGUTI / identityRequest null_action | null_action]
Jul 30, 2026 2:45:20 PM org.slf4j.helpers.SubstituteLogger info
INFO: [registrationRequestGUTI deregistrationRequest | registrationRequestGUTI / identityRequest null_action | identityRequest]
Jul 30, 2026 2:45:30 PM org.slf4j.helpers.SubstituteLogger info
INFO: [registrationRequestGUTI registrationComplete | registrationRequestGUTI / identityRequest null_action | null_action]
Jul 30, 2026 2:46:20 PM org.slf4j.helpers.SubstituteLogger info
INFO: [registrationRequestGUTI registrationRequestGUTI | registrationRequestGUTI / identityRequest null_action | null_action]
Jul 30, 2026 2:46:28 PM org.slf4j.helpers.SubstituteLogger info
INFO: [registrationRequestGUTI registrationRequest | registrationRequestGUTI / identityRequest authenticationRequest | authenticationRequest]
Jul 30, 2026 2:46:36 PM org.slf4j.helpers.SubstituteLogger info
INFO: [registrationRequestGUTI identityResponse | authenticationResponse / identityRequest authenticationRequest | securityModeCommand]
Jul 30, 2026 2:46:43 PM org.slf4j.helpers.SubstituteLogger info
INFO: [registrationRequestGUTI registrationRequest | authenticationResponse / identityRequest authenticationRequest | securityModeCommand]
Jul 30, 2026 2:46:53 PM org.slf4j.helpers.SubstituteLogger info
INFO: [registrationRequestGUTI registrationRequestGUTI | registrationRequest / identityRequest null_action | authenticationRequest]
Jul 30, 2026 2:46:53 PM org.slf4j.helpers.SubstituteLogger info
INFO: [registrationRequestGUTI registrationComplete | registrationRequest / identityRequest null_action | authenticationRequest]
Jul 30, 2026 2:47:01 PM org.slf4j.helpers.SubstituteLogger info
INFO: [registrationRequestGUTI serviceRequest | registrationRequest / identityRequest null_action | authenticationRequest]
Jul 30, 2026 2:47:15 PM org.slf4j.helpers.SubstituteLogger info
INFO: [registrationRequestGUTI securityModeReject | registrationRequest / identityRequest null_action | authenticationRequest]
Jul 30, 2026 2:47:24 PM org.slf4j.helpers.SubstituteLogger info
INFO: [registrationRequestGUTI authenticationResponse | registrationRequest / identityRequest null_action | authenticationRequest]
Jul 30, 2026 2:47:36 PM org.slf4j.helpers.SubstituteLogger info
INFO: [registrationRequestGUTI authenticationFailure | registrationRequest / identityRequest null_action | authenticationRequest]
Jul 30, 2026 2:47:46 PM org.slf4j.helpers.SubstituteLogger info
INFO: [registrationRequestGUTI deregistrationAccept | registrationRequest / identityRequest null_action | authenticationRequest]
Jul 30, 2026 2:48:20 PM org.slf4j.helpers.SubstituteLogger info
INFO: [registrationRequestGUTI securityModeComplete | registrationRequest / identityRequest null_action | authenticationRequest]
Jul 30, 2026 2:48:28 PM org.slf4j.helpers.SubstituteLogger info
INFO: [registrationRequestGUTI configurationUpdateComplete | registrationRequest / identityRequest null_action | authenticationRequest]
Jul 30, 2026 2:48:42 PM org.slf4j.helpers.SubstituteLogger info
INFO: [deregistrationAccept registrationRequest | registrationRequest / null_action null_action | null_action]
Jul 30, 2026 2:48:55 PM org.slf4j.helpers.SubstituteLogger info
INFO: [deregistrationAccept registrationRequestGUTI | registrationRequest / null_action null_action | null_action]
Jul 30, 2026 2:48:55 PM org.slf4j.helpers.SubstituteLogger info
INFO: [deregistrationAccept registrationComplete | registrationRequest / null_action null_action | null_action]
Jul 30, 2026 2:49:09 PM org.slf4j.helpers.SubstituteLogger info
INFO: [deregistrationAccept deregistrationRequest | registrationRequest / null_action null_action | null_action]
Jul 30, 2026 2:49:25 PM org.slf4j.helpers.SubstituteLogger info
INFO: [deregistrationAccept serviceRequest | registrationRequest / null_action null_action | null_action]
Jul 30, 2026 2:49:38 PM org.slf4j.helpers.SubstituteLogger info
INFO: [deregistrationAccept securityModeReject | registrationRequest / null_action null_action | null_action]
Jul 30, 2026 2:49:54 PM org.slf4j.helpers.SubstituteLogger info
INFO: [deregistrationAccept authenticationResponse | registrationRequest / null_action null_action | null_action]
Jul 30, 2026 2:50:08 PM org.slf4j.helpers.SubstituteLogger info
INFO: [deregistrationAccept authenticationFailure | registrationRequest / null_action null_action | null_action]
Jul 30, 2026 2:50:21 PM org.slf4j.helpers.SubstituteLogger info
INFO: [deregistrationAccept deregistrationAccept | registrationRequest / null_action null_action | null_action]
Jul 30, 2026 2:50:58 PM org.slf4j.helpers.SubstituteLogger info
INFO: [deregistrationAccept securityModeComplete | registrationRequest / null_action null_action | null_action]
Jul 30, 2026 2:51:10 PM org.slf4j.helpers.SubstituteLogger info
INFO: [deregistrationAccept identityResponse | registrationRequest / null_action null_action | null_action]
Jul 30, 2026 2:51:23 PM org.slf4j.helpers.SubstituteLogger info
INFO: [deregistrationAccept configurationUpdateComplete | registrationRequest / null_action null_action | null_action]
Jul 30, 2026 2:51:34 PM org.slf4j.helpers.SubstituteLogger info
INFO: [authenticationFailure | registrationRequest / null_action | null_action]
Jul 30, 2026 2:51:47 PM org.slf4j.helpers.SubstituteLogger info
INFO: [authenticationResponse | registrationRequest / null_action | null_action]
Jul 30, 2026 2:51:59 PM org.slf4j.helpers.SubstituteLogger info
INFO: [securityModeReject | registrationRequest / null_action | null_action]
Jul 30, 2026 5:46:31 PM org.slf4j.helpers.SubstituteLogger info
INFO: [registrationRequest authenticationResponse | securityModeReject registrationRequest authenticationResponse securityModeComplete / authenticationRequest securityModeCommand | null_action authenticationRequest securityModeCommand null_action]
Jul 30, 2026 5:46:31 PM org.slf4j.helpers.SubstituteLogger info
INFO: [ε | registrationRequest authenticationResponse securityModeComplete / ε | authenticationRequest securityModeCommand registrationAccept]
Jul 30, 2026 5:46:31 PM org.slf4j.helpers.SubstituteLogger info
INFO: [registrationRequest authenticationResponse securityModeReject | registrationRequest / authenticationRequest securityModeCommand null_action | authenticationRequest]
Jul 30, 2026 5:46:31 PM org.slf4j.helpers.SubstituteLogger info
INFO: [registrationRequest authenticationResponse securityModeReject | registrationRequestGUTI / authenticationRequest securityModeCommand null_action | identityRequest]
Jul 30, 2026 5:46:45 PM org.slf4j.helpers.SubstituteLogger info
INFO: [registrationRequest authenticationResponse securityModeReject | registrationComplete / authenticationRequest securityModeCommand null_action | null_action]
Jul 30, 2026 5:47:00 PM org.slf4j.helpers.SubstituteLogger info
INFO: [registrationRequest authenticationResponse securityModeReject | deregistrationRequest / authenticationRequest securityModeCommand null_action | null_action]
Jul 30, 2026 5:47:11 PM org.slf4j.helpers.SubstituteLogger info
INFO: [registrationRequest authenticationResponse securityModeReject | serviceRequest / authenticationRequest securityModeCommand null_action | null_action]
Jul 30, 2026 5:47:24 PM org.slf4j.helpers.SubstituteLogger info
INFO: [registrationRequest authenticationResponse securityModeReject | securityModeReject / authenticationRequest securityModeCommand null_action | null_action]
Jul 30, 2026 5:47:38 PM org.slf4j.helpers.SubstituteLogger info
INFO: [registrationRequest authenticationResponse securityModeReject | authenticationResponse / authenticationRequest securityModeCommand null_action | null_action]
Jul 30, 2026 5:47:53 PM org.slf4j.helpers.SubstituteLogger info
INFO: [registrationRequest authenticationResponse securityModeReject | authenticationFailure / authenticationRequest securityModeCommand null_action | null_action]
Jul 30, 2026 5:48:06 PM org.slf4j.helpers.SubstituteLogger info
INFO: [registrationRequest authenticationResponse securityModeReject | deregistrationAccept / authenticationRequest securityModeCommand null_action | null_action]
Jul 30, 2026 5:48:43 PM org.slf4j.helpers.SubstituteLogger info
INFO: [registrationRequest authenticationResponse securityModeReject | securityModeComplete / authenticationRequest securityModeCommand null_action | null_action]
Jul 30, 2026 5:48:56 PM org.slf4j.helpers.SubstituteLogger info
INFO: [registrationRequest authenticationResponse securityModeReject | identityResponse / authenticationRequest securityModeCommand null_action | null_action]
Jul 30, 2026 5:49:09 PM org.slf4j.helpers.SubstituteLogger info
INFO: [registrationRequest authenticationResponse securityModeReject | configurationUpdateComplete / authenticationRequest securityModeCommand null_action | null_action]
Jul 30, 2026 5:49:25 PM org.slf4j.helpers.SubstituteLogger info
INFO: [registrationRequest authenticationResponse securityModeReject configurationUpdateComplete | registrationRequestGUTI / authenticationRequest securityModeCommand null_action null_action | null_action]
Jul 30, 2026 5:49:36 PM org.slf4j.helpers.SubstituteLogger info
INFO: [registrationRequest authenticationResponse securityModeReject identityResponse | registrationRequestGUTI / authenticationRequest securityModeCommand null_action null_action | identityRequest]
Jul 30, 2026 5:49:52 PM org.slf4j.helpers.SubstituteLogger info
INFO: [registrationRequest authenticationResponse securityModeReject securityModeComplete | registrationRequestGUTI / authenticationRequest securityModeCommand null_action null_action | null_action]
Jul 30, 2026 5:50:10 PM org.slf4j.helpers.SubstituteLogger info
INFO: [registrationRequest authenticationResponse securityModeReject deregistrationAccept | registrationRequestGUTI / authenticationRequest securityModeCommand null_action null_action | null_action]
Jul 30, 2026 5:50:27 PM org.slf4j.helpers.SubstituteLogger info
INFO: [registrationRequest authenticationResponse securityModeReject authenticationFailure | registrationRequestGUTI / authenticationRequest securityModeCommand null_action null_action | null_action]
Jul 30, 2026 5:50:43 PM org.slf4j.helpers.SubstituteLogger info
INFO: [registrationRequest authenticationResponse securityModeReject authenticationResponse | registrationRequestGUTI / authenticationRequest securityModeCommand null_action null_action | null_action]
Jul 30, 2026 5:51:01 PM org.slf4j.helpers.SubstituteLogger info
INFO: [registrationRequest authenticationResponse securityModeReject securityModeReject | registrationRequestGUTI / authenticationRequest securityModeCommand null_action null_action | null_action]
Jul 30, 2026 5:51:37 PM org.slf4j.helpers.SubstituteLogger info
INFO: [registrationRequest authenticationResponse securityModeReject serviceRequest | registrationRequestGUTI / authenticationRequest securityModeCommand null_action null_action | identityRequest]
Jul 30, 2026 5:51:53 PM org.slf4j.helpers.SubstituteLogger info
INFO: [registrationRequest authenticationResponse securityModeReject deregistrationRequest | registrationRequestGUTI / authenticationRequest securityModeCommand null_action null_action | identityRequest]
Jul 30, 2026 5:52:11 PM org.slf4j.helpers.SubstituteLogger info
INFO: [registrationRequest authenticationResponse securityModeReject registrationComplete | registrationRequestGUTI / authenticationRequest securityModeCommand null_action null_action | null_action]
Jul 30, 2026 5:52:25 PM org.slf4j.helpers.SubstituteLogger info
INFO: [registrationRequest authenticationResponse securityModeReject registrationRequestGUTI | registrationRequestGUTI / authenticationRequest securityModeCommand null_action identityRequest | null_action]
Jul 30, 2026 5:52:38 PM org.slf4j.helpers.SubstituteLogger info
INFO: [registrationRequest authenticationResponse securityModeReject registrationRequest | registrationRequestGUTI / authenticationRequest securityModeCommand null_action authenticationRequest | authenticationRequest]
Jul 30, 2026 5:52:54 PM org.slf4j.helpers.SubstituteLogger info
INFO: [registrationRequest authenticationResponse securityModeReject configurationUpdateComplete | registrationRequest / authenticationRequest securityModeCommand null_action null_action | null_action]
Jul 30, 2026 5:53:10 PM org.slf4j.helpers.SubstituteLogger info
INFO: [registrationRequest authenticationResponse securityModeReject securityModeComplete | registrationRequest / authenticationRequest securityModeCommand null_action null_action | null_action]
Jul 30, 2026 5:53:26 PM org.slf4j.helpers.SubstituteLogger info
INFO: [registrationRequest authenticationResponse securityModeReject deregistrationAccept | registrationRequest / authenticationRequest securityModeCommand null_action null_action | null_action]
Jul 30, 2026 5:53:41 PM org.slf4j.helpers.SubstituteLogger info
INFO: [registrationRequest authenticationResponse securityModeReject authenticationFailure | registrationRequest / authenticationRequest securityModeCommand null_action null_action | null_action]
Jul 30, 2026 5:53:57 PM org.slf4j.helpers.SubstituteLogger info
INFO: [registrationRequest authenticationResponse securityModeReject authenticationResponse | registrationRequest / authenticationRequest securityModeCommand null_action null_action | null_action]
Jul 30, 2026 5:54:38 PM org.slf4j.helpers.SubstituteLogger info
INFO: [registrationRequest authenticationResponse securityModeReject securityModeReject | registrationRequest / authenticationRequest securityModeCommand null_action null_action | null_action]
Jul 30, 2026 5:54:53 PM org.slf4j.helpers.SubstituteLogger info
INFO: [registrationRequest authenticationResponse securityModeReject registrationComplete | registrationRequest / authenticationRequest securityModeCommand null_action null_action | null_action]
Jul 30, 2026 5:55:05 PM org.slf4j.helpers.SubstituteLogger info
INFO: [registrationRequest authenticationResponse securityModeReject registrationRequestGUTI | registrationRequest / authenticationRequest securityModeCommand null_action identityRequest | authenticationRequest]
Jul 30, 2026 5:55:17 PM org.slf4j.helpers.SubstituteLogger info
INFO: [registrationRequest authenticationResponse securityModeReject registrationRequest | authenticationResponse / authenticationRequest securityModeCommand null_action authenticationRequest | securityModeCommand]
Jul 30, 2026 5:55:34 PM org.slf4j.helpers.SubstituteLogger info
INFO: [registrationRequest authenticationResponse securityModeReject deregistrationRequest | registrationComplete registrationRequestGUTI / authenticationRequest securityModeCommand null_action null_action | null_action identityRequest]
Jul 30, 2026 5:55:50 PM org.slf4j.helpers.SubstituteLogger info
INFO: [registrationRequest authenticationResponse securityModeReject serviceRequest | registrationComplete registrationRequestGUTI / authenticationRequest securityModeCommand null_action null_action | null_action null_action]
Jul 30, 2026 5:56:07 PM org.slf4j.helpers.SubstituteLogger info
INFO: [registrationRequest authenticationResponse securityModeReject identityResponse | registrationComplete registrationRequestGUTI / authenticationRequest securityModeCommand null_action null_action | null_action null_action]
Jul 30, 2026 5:56:18 PM org.slf4j.helpers.SubstituteLogger info
INFO: [registrationRequestGUTI deregistrationRequest | registrationComplete registrationRequestGUTI / identityRequest null_action | null_action identityRequest]
Jul 30, 2026 5:56:31 PM org.slf4j.helpers.SubstituteLogger info
INFO: [registrationRequest authenticationResponse securityModeComplete deregistrationRequest | registrationComplete registrationRequestGUTI / authenticationRequest securityModeCommand registrationAccept null_action | null_action identityRequest]
Jul 30, 2026 5:56:31 PM org.slf4j.helpers.SubstituteLogger info
INFO: [registrationRequest authenticationResponse securityModeComplete serviceRequest | registrationComplete registrationRequestGUTI / authenticationRequest securityModeCommand registrationAccept serviceReject | null_action identityRequest]
Jul 30, 2026 5:56:42 PM org.slf4j.helpers.SubstituteLogger info
INFO: [registrationRequest authenticationResponse deregistrationRequest | registrationComplete registrationRequestGUTI / authenticationRequest securityModeCommand null_action | null_action identityRequest]
Jul 30, 2026 5:57:28 PM org.slf4j.helpers.SubstituteLogger info
INFO: [configurationUpdateComplete | registrationComplete registrationRequestGUTI / null_action | null_action identityRequest]
Jul 30, 2026 5:57:38 PM org.slf4j.helpers.SubstituteLogger info
INFO: [identityResponse | registrationComplete registrationRequestGUTI / null_action | null_action identityRequest]
Jul 30, 2026 5:57:46 PM org.slf4j.helpers.SubstituteLogger info
INFO: [securityModeComplete | registrationComplete registrationRequestGUTI / null_action | null_action identityRequest]
Jul 30, 2026 5:57:54 PM org.slf4j.helpers.SubstituteLogger info
INFO: [serviceRequest | registrationComplete registrationRequestGUTI / null_action | null_action identityRequest]
Jul 30, 2026 5:58:03 PM org.slf4j.helpers.SubstituteLogger info
INFO: [deregistrationRequest | registrationComplete registrationRequestGUTI / null_action | null_action identityRequest]
Jul 30, 2026 5:58:11 PM org.slf4j.helpers.SubstituteLogger info
INFO: [registrationComplete | registrationComplete registrationRequestGUTI / null_action | null_action identityRequest]
Jul 30, 2026 5:58:22 PM org.slf4j.helpers.SubstituteLogger info
INFO: [registrationRequest authenticationFailure | registrationComplete registrationRequestGUTI / authenticationRequest authenticationReject | null_action identityRequest]
Jul 30, 2026 5:58:36 PM org.slf4j.helpers.SubstituteLogger info
INFO: [registrationRequest deregistrationRequest | registrationComplete registrationRequestGUTI / authenticationRequest null_action | null_action identityRequest]
Jul 30, 2026 5:58:36 PM org.slf4j.helpers.SubstituteLogger info
INFO: [registrationRequest authenticationResponse | securityModeReject registrationRequest authenticationResponse securityModeComplete / authenticationRequest securityModeCommand | null_action authenticationRequest securityModeCommand null_action]
Jul 30, 2026 5:58:36 PM org.slf4j.helpers.SubstituteLogger info
INFO: [registrationRequest authenticationResponse securityModeReject | registrationRequest authenticationResponse securityModeComplete / authenticationRequest securityModeCommand null_action | authenticationRequest securityModeCommand null_action]
Jul 30, 2026 5:58:36 PM org.slf4j.helpers.SubstituteLogger info
INFO: [registrationRequest | authenticationResponse securityModeComplete / authenticationRequest | securityModeCommand registrationAccept]
Jul 30, 2026 5:58:48 PM org.slf4j.helpers.SubstituteLogger info
INFO: [registrationRequest authenticationResponse securityModeReject registrationRequest | registrationRequest / authenticationRequest securityModeCommand null_action authenticationRequest | authenticationRequest]
Jul 30, 2026 5:58:48 PM org.slf4j.helpers.SubstituteLogger info
INFO: [registrationRequest authenticationResponse securityModeReject registrationRequest | registrationRequestGUTI / authenticationRequest securityModeCommand null_action authenticationRequest | authenticationRequest]
Jul 30, 2026 5:59:02 PM org.slf4j.helpers.SubstituteLogger info
INFO: [registrationRequest authenticationResponse securityModeReject registrationRequest | registrationComplete / authenticationRequest securityModeCommand null_action authenticationRequest | null_action]
Jul 30, 2026 5:59:40 PM org.slf4j.helpers.SubstituteLogger info
INFO: [registrationRequest authenticationResponse securityModeReject registrationRequest | deregistrationRequest / authenticationRequest securityModeCommand null_action authenticationRequest | null_action]
Jul 30, 2026 5:59:52 PM org.slf4j.helpers.SubstituteLogger info
INFO: [registrationRequest authenticationResponse securityModeReject registrationRequest | serviceRequest / authenticationRequest securityModeCommand null_action authenticationRequest | null_action]
Jul 30, 2026 6:00:08 PM org.slf4j.helpers.SubstituteLogger info
INFO: [registrationRequest authenticationResponse securityModeReject registrationRequest | securityModeReject / authenticationRequest securityModeCommand null_action authenticationRequest | null_action]
Jul 30, 2026 6:00:08 PM org.slf4j.helpers.SubstituteLogger info
INFO: [registrationRequest authenticationResponse securityModeReject registrationRequest | authenticationResponse / authenticationRequest securityModeCommand null_action authenticationRequest | securityModeCommand]
Jul 30, 2026 6:00:20 PM org.slf4j.helpers.SubstituteLogger info
INFO: [registrationRequest authenticationResponse securityModeReject registrationRequest | authenticationFailure / authenticationRequest securityModeCommand null_action authenticationRequest | authenticationReject]
Jul 30, 2026 6:00:33 PM org.slf4j.helpers.SubstituteLogger info
INFO: [registrationRequest authenticationResponse securityModeReject registrationRequest | deregistrationAccept / authenticationRequest securityModeCommand null_action authenticationRequest | null_action]
Jul 30, 2026 6:00:47 PM org.slf4j.helpers.SubstituteLogger info
INFO: [registrationRequest authenticationResponse securityModeReject registrationRequest | securityModeComplete / authenticationRequest securityModeCommand null_action authenticationRequest | null_action]
Jul 30, 2026 6:01:01 PM org.slf4j.helpers.SubstituteLogger info
INFO: [registrationRequest authenticationResponse securityModeReject registrationRequest | identityResponse / authenticationRequest securityModeCommand null_action authenticationRequest | null_action]
Jul 30, 2026 6:01:15 PM org.slf4j.helpers.SubstituteLogger info
INFO: [registrationRequest authenticationResponse securityModeReject registrationRequest | configurationUpdateComplete / authenticationRequest securityModeCommand null_action authenticationRequest | null_action]
Jul 30, 2026 6:01:30 PM org.slf4j.helpers.SubstituteLogger info
INFO: [registrationRequest authenticationResponse securityModeReject registrationRequest configurationUpdateComplete | registrationRequestGUTI / authenticationRequest securityModeCommand null_action authenticationRequest null_action | authenticationRequest]
Jul 30, 2026 6:01:46 PM org.slf4j.helpers.SubstituteLogger info
INFO: [registrationRequest authenticationResponse securityModeReject registrationRequest identityResponse | registrationRequestGUTI / authenticationRequest securityModeCommand null_action authenticationRequest null_action | authenticationRequest]
Jul 30, 2026 6:02:26 PM org.slf4j.helpers.SubstituteLogger info
INFO: [registrationRequest authenticationResponse securityModeReject registrationRequest securityModeComplete | registrationRequestGUTI / authenticationRequest securityModeCommand null_action authenticationRequest null_action | authenticationRequest]
Jul 30, 2026 6:02:41 PM org.slf4j.helpers.SubstituteLogger info
INFO: [registrationRequest authenticationResponse securityModeReject registrationRequest deregistrationAccept | registrationRequestGUTI / authenticationRequest securityModeCommand null_action authenticationRequest null_action | authenticationRequest]
Jul 30, 2026 6:02:53 PM org.slf4j.helpers.SubstituteLogger info
INFO: [registrationRequest authenticationResponse securityModeReject registrationRequest authenticationFailure | registrationRequestGUTI / authenticationRequest securityModeCommand null_action authenticationRequest authenticationReject | identityRequest]
Jul 30, 2026 6:03:08 PM org.slf4j.helpers.SubstituteLogger info
INFO: [registrationRequest authenticationResponse securityModeReject registrationRequest authenticationResponse | registrationRequestGUTI / authenticationRequest securityModeCommand null_action authenticationRequest securityModeCommand | authenticationRequest]
Jul 30, 2026 6:03:25 PM org.slf4j.helpers.SubstituteLogger info
INFO: [registrationRequest authenticationResponse securityModeReject registrationRequest securityModeReject | registrationRequestGUTI / authenticationRequest securityModeCommand null_action authenticationRequest null_action | authenticationRequest]
Jul 30, 2026 6:03:37 PM org.slf4j.helpers.SubstituteLogger info
INFO: [registrationRequest authenticationResponse securityModeReject registrationRequest serviceRequest | registrationRequestGUTI / authenticationRequest securityModeCommand null_action authenticationRequest null_action | authenticationRequest]
Jul 30, 2026 6:03:56 PM org.slf4j.helpers.SubstituteLogger info
INFO: [registrationRequest authenticationResponse securityModeReject registrationRequest deregistrationRequest | registrationRequestGUTI / authenticationRequest securityModeCommand null_action authenticationRequest null_action | identityRequest]
Jul 30, 2026 6:04:11 PM org.slf4j.helpers.SubstituteLogger info
INFO: [registrationRequest authenticationResponse securityModeReject registrationRequest registrationComplete | registrationRequestGUTI / authenticationRequest securityModeCommand null_action authenticationRequest null_action | authenticationRequest]
Jul 30, 2026 6:04:24 PM org.slf4j.helpers.SubstituteLogger info
INFO: [registrationRequest authenticationResponse securityModeReject registrationRequest registrationRequestGUTI | registrationRequestGUTI / authenticationRequest securityModeCommand null_action authenticationRequest authenticationRequest | authenticationRequest]
Jul 30, 2026 6:04:38 PM org.slf4j.helpers.SubstituteLogger info
INFO: [registrationRequest authenticationResponse securityModeReject registrationRequest registrationRequest | registrationRequestGUTI / authenticationRequest securityModeCommand null_action authenticationRequest authenticationRequest | authenticationRequest]
Jul 30, 2026 6:05:32 PM org.slf4j.helpers.SubstituteLogger info
INFO: [registrationRequest authenticationResponse securityModeReject registrationRequest configurationUpdateComplete | authenticationResponse / authenticationRequest securityModeCommand null_action authenticationRequest null_action | securityModeCommand]
Jul 30, 2026 6:05:48 PM org.slf4j.helpers.SubstituteLogger info
INFO: [registrationRequest authenticationResponse securityModeReject registrationRequest identityResponse | authenticationResponse / authenticationRequest securityModeCommand null_action authenticationRequest null_action | securityModeCommand]
Jul 30, 2026 6:06:03 PM org.slf4j.helpers.SubstituteLogger info
INFO: [registrationRequest authenticationResponse securityModeReject registrationRequest securityModeComplete | authenticationResponse / authenticationRequest securityModeCommand null_action authenticationRequest null_action | securityModeCommand]
Jul 30, 2026 6:06:20 PM org.slf4j.helpers.SubstituteLogger info
INFO: [registrationRequest authenticationResponse securityModeReject registrationRequest deregistrationAccept | authenticationResponse / authenticationRequest securityModeCommand null_action authenticationRequest null_action | securityModeCommand]
Jul 30, 2026 6:06:34 PM org.slf4j.helpers.SubstituteLogger info
INFO: [registrationRequest authenticationResponse securityModeReject registrationRequest authenticationFailure | registrationComplete registrationRequestGUTI / authenticationRequest securityModeCommand null_action authenticationRequest authenticationReject | null_action identityRequest]
Jul 30, 2026 6:06:48 PM org.slf4j.helpers.SubstituteLogger info
INFO: [registrationRequest authenticationResponse securityModeReject registrationRequest authenticationResponse | authenticationResponse / authenticationRequest securityModeCommand null_action authenticationRequest securityModeCommand | null_action]
Jul 30, 2026 6:07:05 PM org.slf4j.helpers.SubstituteLogger info
INFO: [registrationRequest authenticationResponse securityModeReject registrationRequest securityModeReject | authenticationResponse / authenticationRequest securityModeCommand null_action authenticationRequest null_action | securityModeCommand]
Jul 30, 2026 6:07:18 PM org.slf4j.helpers.SubstituteLogger info
INFO: [registrationRequest authenticationResponse securityModeReject registrationRequest serviceRequest | authenticationResponse / authenticationRequest securityModeCommand null_action authenticationRequest null_action | securityModeCommand]
Jul 30, 2026 6:07:34 PM org.slf4j.helpers.SubstituteLogger info
INFO: [registrationRequest authenticationResponse securityModeReject registrationRequest deregistrationRequest | registrationComplete registrationRequestGUTI / authenticationRequest securityModeCommand null_action authenticationRequest null_action | null_action identityRequest]
Jul 30, 2026 6:07:48 PM org.slf4j.helpers.SubstituteLogger info
INFO: [registrationRequest authenticationResponse securityModeReject registrationRequest registrationComplete | authenticationResponse / authenticationRequest securityModeCommand null_action authenticationRequest null_action | securityModeCommand]
Jul 30, 2026 6:08:26 PM org.slf4j.helpers.SubstituteLogger info
INFO: [registrationRequest authenticationResponse securityModeReject registrationRequest registrationRequestGUTI | authenticationResponse / authenticationRequest securityModeCommand null_action authenticationRequest authenticationRequest | securityModeCommand]
Jul 30, 2026 6:08:39 PM org.slf4j.helpers.SubstituteLogger info
INFO: [registrationRequest authenticationResponse securityModeReject registrationRequest registrationRequest | authenticationResponse / authenticationRequest securityModeCommand null_action authenticationRequest authenticationRequest | securityModeCommand]
Jul 30, 2026 6:08:51 PM org.slf4j.helpers.SubstituteLogger info
INFO: [registrationRequest authenticationResponse securityModeReject registrationRequest authenticationResponse | registrationRequest / authenticationRequest securityModeCommand null_action authenticationRequest securityModeCommand | authenticationRequest]
Jul 30, 2026 6:08:51 PM org.slf4j.helpers.SubstituteLogger info
INFO: [registrationRequest authenticationResponse securityModeReject registrationRequest authenticationResponse | registrationRequest / authenticationRequest securityModeCommand null_action authenticationRequest securityModeCommand | authenticationRequest]
Jul 30, 2026 6:08:51 PM org.slf4j.helpers.SubstituteLogger info
INFO: [registrationRequest authenticationResponse securityModeReject registrationRequest authenticationResponse | registrationRequestGUTI / authenticationRequest securityModeCommand null_action authenticationRequest securityModeCommand | authenticationRequest]
Jul 30, 2026 6:09:06 PM org.slf4j.helpers.SubstituteLogger info
INFO: [registrationRequest authenticationResponse securityModeReject registrationRequest authenticationResponse | registrationComplete / authenticationRequest securityModeCommand null_action authenticationRequest securityModeCommand | null_action]
Jul 30, 2026 6:09:21 PM org.slf4j.helpers.SubstituteLogger info
INFO: [registrationRequest authenticationResponse securityModeReject registrationRequest authenticationResponse | deregistrationRequest / authenticationRequest securityModeCommand null_action authenticationRequest securityModeCommand | null_action]
Jul 30, 2026 6:09:34 PM org.slf4j.helpers.SubstituteLogger info
INFO: [registrationRequest authenticationResponse securityModeReject registrationRequest authenticationResponse | serviceRequest / authenticationRequest securityModeCommand null_action authenticationRequest securityModeCommand | null_action]
Jul 30, 2026 6:09:49 PM org.slf4j.helpers.SubstituteLogger info
INFO: [registrationRequest authenticationResponse securityModeReject registrationRequest authenticationResponse | securityModeReject / authenticationRequest securityModeCommand null_action authenticationRequest securityModeCommand | null_action]
Jul 30, 2026 6:09:49 PM org.slf4j.helpers.SubstituteLogger info
INFO: [registrationRequest authenticationResponse securityModeReject registrationRequest authenticationResponse | authenticationResponse / authenticationRequest securityModeCommand null_action authenticationRequest securityModeCommand | null_action]
Jul 30, 2026 6:10:03 PM org.slf4j.helpers.SubstituteLogger info
INFO: [registrationRequest authenticationResponse securityModeReject registrationRequest authenticationResponse | authenticationFailure / authenticationRequest securityModeCommand null_action authenticationRequest securityModeCommand | null_action]
Jul 30, 2026 6:10:18 PM org.slf4j.helpers.SubstituteLogger info
INFO: [registrationRequest authenticationResponse securityModeReject registrationRequest authenticationResponse | deregistrationAccept / authenticationRequest securityModeCommand null_action authenticationRequest securityModeCommand | null_action]
Jul 30, 2026 6:10:18 PM org.slf4j.helpers.SubstituteLogger info
INFO: [registrationRequest authenticationResponse securityModeReject registrationRequest authenticationResponse | securityModeComplete / authenticationRequest securityModeCommand null_action authenticationRequest securityModeCommand | null_action]
Jul 30, 2026 6:10:33 PM org.slf4j.helpers.SubstituteLogger info
INFO: [registrationRequest authenticationResponse securityModeReject registrationRequest authenticationResponse | identityResponse / authenticationRequest securityModeCommand null_action authenticationRequest securityModeCommand | null_action]
Jul 30, 2026 6:11:12 PM org.slf4j.helpers.SubstituteLogger info
INFO: [registrationRequest authenticationResponse securityModeReject registrationRequest authenticationResponse | configurationUpdateComplete / authenticationRequest securityModeCommand null_action authenticationRequest securityModeCommand | null_action]
Jul 30, 2026 6:11:30 PM org.slf4j.helpers.SubstituteLogger info
INFO: [registrationRequest authenticationResponse securityModeReject registrationRequest authenticationResponse configurationUpdateComplete | registrationRequestGUTI / authenticationRequest securityModeCommand null_action authenticationRequest securityModeCommand null_action | authenticationRequest]
Jul 30, 2026 6:11:46 PM org.slf4j.helpers.SubstituteLogger info
INFO: [registrationRequest authenticationResponse securityModeReject registrationRequest authenticationResponse identityResponse | registrationRequestGUTI / authenticationRequest securityModeCommand null_action authenticationRequest securityModeCommand null_action | authenticationRequest]
Jul 30, 2026 6:12:04 PM org.slf4j.helpers.SubstituteLogger info
INFO: [registrationRequest authenticationResponse securityModeReject registrationRequest authenticationResponse securityModeComplete | registrationRequestGUTI / authenticationRequest securityModeCommand null_action authenticationRequest securityModeCommand null_action | authenticationRequest]
Jul 30, 2026 6:12:21 PM org.slf4j.helpers.SubstituteLogger info
INFO: [registrationRequest authenticationResponse securityModeReject registrationRequest authenticationResponse deregistrationAccept | registrationRequestGUTI / authenticationRequest securityModeCommand null_action authenticationRequest securityModeCommand null_action | authenticationRequest]
Jul 30, 2026 6:12:37 PM org.slf4j.helpers.SubstituteLogger info
INFO: [registrationRequest authenticationResponse securityModeReject registrationRequest authenticationResponse authenticationFailure | registrationRequestGUTI / authenticationRequest securityModeCommand null_action authenticationRequest securityModeCommand null_action | authenticationRequest]
Jul 30, 2026 6:12:53 PM org.slf4j.helpers.SubstituteLogger info
INFO: [registrationRequest authenticationResponse securityModeReject registrationRequest authenticationResponse authenticationResponse | registrationRequestGUTI / authenticationRequest securityModeCommand null_action authenticationRequest securityModeCommand null_action | authenticationRequest]
Jul 30, 2026 6:13:09 PM org.slf4j.helpers.SubstituteLogger info
INFO: [registrationRequest authenticationResponse securityModeReject registrationRequest authenticationResponse securityModeReject | registrationRequestGUTI / authenticationRequest securityModeCommand null_action authenticationRequest securityModeCommand null_action | identityRequest]
Jul 30, 2026 6:13:26 PM org.slf4j.helpers.SubstituteLogger info
INFO: [registrationRequest authenticationResponse securityModeReject registrationRequest authenticationResponse serviceRequest | registrationRequestGUTI / authenticationRequest securityModeCommand null_action authenticationRequest securityModeCommand null_action | authenticationRequest]
Jul 30, 2026 6:13:42 PM org.slf4j.helpers.SubstituteLogger info
INFO: [registrationRequest authenticationResponse securityModeReject registrationRequest authenticationResponse deregistrationRequest | registrationRequestGUTI / authenticationRequest securityModeCommand null_action authenticationRequest securityModeCommand null_action | identityRequest]
Jul 30, 2026 6:14:25 PM org.slf4j.helpers.SubstituteLogger info
INFO: [registrationRequest authenticationResponse securityModeReject registrationRequest authenticationResponse registrationComplete | registrationRequestGUTI / authenticationRequest securityModeCommand null_action authenticationRequest securityModeCommand null_action | authenticationRequest]
Jul 30, 2026 6:14:38 PM org.slf4j.helpers.SubstituteLogger info
INFO: [registrationRequest authenticationResponse securityModeReject registrationRequest authenticationResponse registrationRequestGUTI | registrationRequestGUTI / authenticationRequest securityModeCommand null_action authenticationRequest securityModeCommand authenticationRequest | authenticationRequest]
Jul 30, 2026 6:14:52 PM org.slf4j.helpers.SubstituteLogger info
INFO: [registrationRequest authenticationResponse securityModeReject registrationRequest authenticationResponse registrationRequest | registrationRequestGUTI / authenticationRequest securityModeCommand null_action authenticationRequest securityModeCommand authenticationRequest | authenticationRequest]
Jul 30, 2026 6:15:12 PM org.slf4j.helpers.SubstituteLogger info
INFO: [registrationRequest authenticationResponse securityModeReject registrationRequest authenticationResponse configurationUpdateComplete | authenticationResponse / authenticationRequest securityModeCommand null_action authenticationRequest securityModeCommand null_action | null_action]
Jul 30, 2026 6:15:30 PM org.slf4j.helpers.SubstituteLogger info
INFO: [registrationRequest authenticationResponse securityModeReject registrationRequest authenticationResponse identityResponse | authenticationResponse / authenticationRequest securityModeCommand null_action authenticationRequest securityModeCommand null_action | null_action]
Jul 30, 2026 6:15:47 PM org.slf4j.helpers.SubstituteLogger info
INFO: [registrationRequest authenticationResponse securityModeReject registrationRequest authenticationResponse securityModeComplete | authenticationResponse / authenticationRequest securityModeCommand null_action authenticationRequest securityModeCommand null_action | null_action]
Jul 30, 2026 6:16:07 PM org.slf4j.helpers.SubstituteLogger info
INFO: [registrationRequest authenticationResponse securityModeReject registrationRequest authenticationResponse deregistrationAccept | authenticationResponse / authenticationRequest securityModeCommand null_action authenticationRequest securityModeCommand null_action | null_action]
Jul 30, 2026 6:16:27 PM org.slf4j.helpers.SubstituteLogger info
INFO: [registrationRequest authenticationResponse securityModeReject registrationRequest authenticationResponse authenticationFailure | authenticationResponse / authenticationRequest securityModeCommand null_action authenticationRequest securityModeCommand null_action | null_action]
Jul 30, 2026 6:16:49 PM org.slf4j.helpers.SubstituteLogger info
INFO: [registrationRequest authenticationResponse securityModeReject registrationRequest authenticationResponse authenticationResponse | authenticationResponse / authenticationRequest securityModeCommand null_action authenticationRequest securityModeCommand null_action | null_action]
Jul 30, 2026 6:17:09 PM org.slf4j.helpers.SubstituteLogger info
INFO: [registrationRequest authenticationResponse securityModeReject registrationRequest authenticationResponse securityModeReject | registrationComplete registrationRequestGUTI / authenticationRequest securityModeCommand null_action authenticationRequest securityModeCommand null_action | null_action null_action]
Jul 30, 2026 6:17:50 PM org.slf4j.helpers.SubstituteLogger info
INFO: [registrationRequest authenticationResponse securityModeReject registrationRequest authenticationResponse serviceRequest | authenticationResponse / authenticationRequest securityModeCommand null_action authenticationRequest securityModeCommand null_action | null_action]
Jul 30, 2026 6:18:09 PM org.slf4j.helpers.SubstituteLogger info
INFO: [registrationRequest authenticationResponse securityModeReject registrationRequest authenticationResponse deregistrationRequest | registrationComplete registrationRequestGUTI / authenticationRequest securityModeCommand null_action authenticationRequest securityModeCommand null_action | null_action identityRequest]
Jul 30, 2026 6:18:28 PM org.slf4j.helpers.SubstituteLogger info
INFO: [registrationRequest authenticationResponse securityModeReject registrationRequest authenticationResponse registrationComplete | authenticationResponse / authenticationRequest securityModeCommand null_action authenticationRequest securityModeCommand null_action | null_action]
Jul 30, 2026 6:18:42 PM org.slf4j.helpers.SubstituteLogger info
INFO: [registrationRequest authenticationResponse securityModeReject registrationRequest authenticationResponse registrationRequestGUTI | authenticationResponse / authenticationRequest securityModeCommand null_action authenticationRequest securityModeCommand authenticationRequest | securityModeCommand]
Jul 30, 2026 6:18:56 PM org.slf4j.helpers.SubstituteLogger info
INFO: [registrationRequest authenticationResponse securityModeReject registrationRequest authenticationResponse registrationRequest | authenticationResponse / authenticationRequest securityModeCommand null_action authenticationRequest securityModeCommand authenticationRequest | securityModeCommand]
Jul 30, 2026 6:19:14 PM org.slf4j.helpers.SubstituteLogger info
INFO: [registrationRequest authenticationResponse securityModeReject registrationRequest authenticationResponse configurationUpdateComplete | registrationRequest / authenticationRequest securityModeCommand null_action authenticationRequest securityModeCommand null_action | authenticationRequest]
Jul 30, 2026 6:19:29 PM org.slf4j.helpers.SubstituteLogger info
INFO: [registrationRequest authenticationResponse securityModeReject registrationRequest authenticationResponse identityResponse | registrationRequest / authenticationRequest securityModeCommand null_action authenticationRequest securityModeCommand null_action | authenticationRequest]
Jul 30, 2026 6:19:45 PM org.slf4j.helpers.SubstituteLogger info
INFO: [registrationRequest authenticationResponse securityModeReject registrationRequest authenticationResponse securityModeComplete | registrationRequest / authenticationRequest securityModeCommand null_action authenticationRequest securityModeCommand null_action | authenticationRequest]
Jul 30, 2026 6:20:01 PM org.slf4j.helpers.SubstituteLogger info
INFO: [registrationRequest authenticationResponse securityModeReject registrationRequest authenticationResponse deregistrationAccept | registrationRequest / authenticationRequest securityModeCommand null_action authenticationRequest securityModeCommand null_action | authenticationRequest]
Jul 30, 2026 6:20:19 PM org.slf4j.helpers.SubstituteLogger info
INFO: [registrationRequest authenticationResponse securityModeReject registrationRequest authenticationResponse authenticationFailure | registrationRequest / authenticationRequest securityModeCommand null_action authenticationRequest securityModeCommand null_action | authenticationRequest]
Jul 30, 2026 6:20:59 PM org.slf4j.helpers.SubstituteLogger info
INFO: [registrationRequest authenticationResponse securityModeReject registrationRequest authenticationResponse authenticationResponse | registrationRequest / authenticationRequest securityModeCommand null_action authenticationRequest securityModeCommand null_action | authenticationRequest]
Jul 30, 2026 6:21:13 PM org.slf4j.helpers.SubstituteLogger info
INFO: [registrationRequest authenticationResponse securityModeReject registrationRequest authenticationResponse serviceRequest | registrationRequest / authenticationRequest securityModeCommand null_action authenticationRequest securityModeCommand null_action | authenticationRequest]
Jul 30, 2026 6:21:29 PM org.slf4j.helpers.SubstituteLogger info
INFO: [registrationRequest authenticationResponse securityModeReject registrationRequest authenticationResponse registrationComplete | registrationRequest / authenticationRequest securityModeCommand null_action authenticationRequest securityModeCommand null_action | authenticationRequest]
Jul 30, 2026 6:21:47 PM org.slf4j.helpers.SubstituteLogger info
INFO: [registrationRequest authenticationResponse securityModeReject registrationRequest authenticationResponse registrationComplete | securityModeComplete / authenticationRequest securityModeCommand null_action authenticationRequest securityModeCommand null_action | null_action]
Jul 30, 2026 6:22:02 PM org.slf4j.helpers.SubstituteLogger info
INFO: [registrationRequest authenticationResponse securityModeReject registrationRequest authenticationResponse serviceRequest | securityModeComplete / authenticationRequest securityModeCommand null_action authenticationRequest securityModeCommand null_action | null_action]
Jul 30, 2026 6:22:22 PM org.slf4j.helpers.SubstituteLogger info
INFO: [registrationRequest authenticationResponse securityModeReject registrationRequest authenticationResponse authenticationResponse | securityModeComplete / authenticationRequest securityModeCommand null_action authenticationRequest securityModeCommand null_action | null_action]
Jul 30, 2026 6:22:42 PM org.slf4j.helpers.SubstituteLogger info
INFO: [registrationRequest authenticationResponse securityModeReject registrationRequest authenticationResponse authenticationFailure | securityModeComplete / authenticationRequest securityModeCommand null_action authenticationRequest securityModeCommand null_action | null_action]
Jul 30, 2026 6:23:00 PM org.slf4j.helpers.SubstituteLogger info
INFO: [registrationRequest authenticationResponse securityModeReject registrationRequest authenticationResponse deregistrationAccept | securityModeComplete / authenticationRequest securityModeCommand null_action authenticationRequest securityModeCommand null_action | null_action]
Jul 30, 2026 6:23:17 PM org.slf4j.helpers.SubstituteLogger info
INFO: [registrationRequest authenticationResponse securityModeReject registrationRequest authenticationResponse securityModeComplete | securityModeComplete / authenticationRequest securityModeCommand null_action authenticationRequest securityModeCommand null_action | null_action]
Jul 30, 2026 6:23:35 PM org.slf4j.helpers.SubstituteLogger info
INFO: [registrationRequest authenticationResponse securityModeReject registrationRequest authenticationResponse identityResponse | securityModeComplete / authenticationRequest securityModeCommand null_action authenticationRequest securityModeCommand null_action | null_action]
Jul 30, 2026 6:24:20 PM org.slf4j.helpers.SubstituteLogger info
INFO: [registrationRequest authenticationResponse securityModeReject registrationRequest authenticationResponse configurationUpdateComplete | securityModeComplete / authenticationRequest securityModeCommand null_action authenticationRequest securityModeCommand null_action | null_action]
Jul 30, 2026 6:24:30 PM org.slf4j.helpers.SubstituteLogger info
INFO: [registrationRequest authenticationResponse registrationComplete | securityModeComplete / authenticationRequest securityModeCommand null_action | registrationAccept]
Jul 30, 2026 6:24:41 PM org.slf4j.helpers.SubstituteLogger info
INFO: [registrationRequest authenticationResponse serviceRequest | securityModeComplete / authenticationRequest securityModeCommand null_action | registrationAccept]
Jul 30, 2026 6:24:52 PM org.slf4j.helpers.SubstituteLogger info
INFO: [registrationRequest authenticationResponse authenticationResponse | securityModeComplete / authenticationRequest securityModeCommand null_action | registrationAccept]
Jul 30, 2026 6:25:03 PM org.slf4j.helpers.SubstituteLogger info
INFO: [registrationRequest authenticationResponse authenticationFailure | securityModeComplete / authenticationRequest securityModeCommand null_action | registrationAccept]
Jul 30, 2026 6:25:13 PM org.slf4j.helpers.SubstituteLogger info
INFO: [registrationRequest authenticationResponse deregistrationAccept | securityModeComplete / authenticationRequest securityModeCommand null_action | registrationAccept]
Jul 30, 2026 6:25:24 PM org.slf4j.helpers.SubstituteLogger info
INFO: [registrationRequest authenticationResponse identityResponse | securityModeComplete / authenticationRequest securityModeCommand null_action | registrationAccept]
Jul 30, 2026 6:25:39 PM org.slf4j.helpers.SubstituteLogger info
INFO: [registrationRequest authenticationResponse configurationUpdateComplete | securityModeComplete / authenticationRequest securityModeCommand null_action | registrationAccept]
Jul 30, 2026 6:25:53 PM org.slf4j.helpers.SubstituteLogger info
INFO: [registrationRequest authenticationResponse securityModeComplete registrationComplete deregistrationRequest | securityModeComplete / authenticationRequest securityModeCommand registrationAccept configurationUpdateCommand null_action | null_action]
Jul 30, 2026 6:25:53 PM org.slf4j.helpers.SubstituteLogger info
INFO: [registrationRequest authenticationResponse securityModeComplete registrationComplete deregistrationRequest | securityModeComplete / authenticationRequest securityModeCommand registrationAccept configurationUpdateCommand null_action | null_action]
Jul 30, 2026 6:26:12 PM org.slf4j.helpers.SubstituteLogger info
INFO: [registrationRequest authenticationResponse securityModeReject registrationRequest authenticationResponse registrationRequest | authenticationResponse securityModeComplete / authenticationRequest securityModeCommand null_action authenticationRequest securityModeCommand authenticationRequest | securityModeCommand null_action]
Jul 30, 2026 6:26:54 PM org.slf4j.helpers.SubstituteLogger info
INFO: [registrationRequest authenticationResponse securityModeReject registrationRequest authenticationResponse registrationRequestGUTI | authenticationResponse securityModeComplete / authenticationRequest securityModeCommand null_action authenticationRequest securityModeCommand authenticationRequest | securityModeCommand null_action]
Jul 30, 2026 6:27:08 PM org.slf4j.helpers.SubstituteLogger info
INFO: [registrationRequest authenticationResponse securityModeReject registrationRequest registrationRequest | authenticationResponse securityModeComplete / authenticationRequest securityModeCommand null_action authenticationRequest authenticationRequest | securityModeCommand registrationAccept]
Jul 30, 2026 6:27:21 PM org.slf4j.helpers.SubstituteLogger info
INFO: [registrationRequest authenticationResponse securityModeReject registrationRequest registrationRequestGUTI | authenticationResponse securityModeComplete / authenticationRequest securityModeCommand null_action authenticationRequest authenticationRequest | securityModeCommand registrationAccept]
Jul 30, 2026 6:27:41 PM org.slf4j.helpers.SubstituteLogger info
INFO: [registrationRequest authenticationResponse securityModeReject registrationRequest registrationComplete | authenticationResponse securityModeComplete / authenticationRequest securityModeCommand null_action authenticationRequest null_action | securityModeCommand null_action]
Jul 30, 2026 6:27:59 PM org.slf4j.helpers.SubstituteLogger info
INFO: [registrationRequest authenticationResponse securityModeReject registrationRequest serviceRequest | authenticationResponse securityModeComplete / authenticationRequest securityModeCommand null_action authenticationRequest null_action | securityModeCommand null_action]
Jul 30, 2026 6:28:17 PM org.slf4j.helpers.SubstituteLogger info
INFO: [registrationRequest authenticationResponse securityModeReject registrationRequest securityModeReject | authenticationResponse securityModeComplete / authenticationRequest securityModeCommand null_action authenticationRequest null_action | securityModeCommand null_action]
Jul 30, 2026 6:28:34 PM org.slf4j.helpers.SubstituteLogger info
INFO: [registrationRequest authenticationResponse securityModeReject registrationRequest deregistrationAccept | authenticationResponse securityModeComplete / authenticationRequest securityModeCommand null_action authenticationRequest null_action | securityModeCommand null_action]
Jul 30, 2026 6:28:54 PM org.slf4j.helpers.SubstituteLogger info
INFO: [registrationRequest authenticationResponse securityModeReject registrationRequest securityModeComplete | authenticationResponse securityModeComplete / authenticationRequest securityModeCommand null_action authenticationRequest null_action | securityModeCommand null_action]
Jul 30, 2026 6:29:12 PM org.slf4j.helpers.SubstituteLogger info
INFO: [registrationRequest authenticationResponse securityModeReject registrationRequest identityResponse | authenticationResponse securityModeComplete / authenticationRequest securityModeCommand null_action authenticationRequest null_action | securityModeCommand null_action]
Jul 30, 2026 6:29:30 PM org.slf4j.helpers.SubstituteLogger info
INFO: [registrationRequest authenticationResponse securityModeReject registrationRequest configurationUpdateComplete | authenticationResponse securityModeComplete / authenticationRequest securityModeCommand null_action authenticationRequest null_action | securityModeCommand null_action]
Jul 30, 2026 6:30:17 PM org.slf4j.helpers.SubstituteLogger info
INFO: [registrationRequestGUTI registrationRequest | authenticationResponse securityModeComplete / identityRequest authenticationRequest | securityModeCommand registrationAccept]
Jul 30, 2026 6:30:28 PM org.slf4j.helpers.SubstituteLogger info
INFO: [registrationRequestGUTI identityResponse | authenticationResponse securityModeComplete / identityRequest authenticationRequest | securityModeCommand registrationAccept]
Jul 30, 2026 6:30:40 PM org.slf4j.helpers.SubstituteLogger info
INFO: [registrationRequest authenticationResponse securityModeComplete registrationRequestGUTI | authenticationResponse securityModeComplete / authenticationRequest securityModeCommand registrationAccept authenticationRequest | securityModeCommand registrationAccept]
Jul 30, 2026 6:30:49 PM org.slf4j.helpers.SubstituteLogger info
INFO: [registrationRequest registrationRequest | authenticationResponse securityModeComplete / authenticationRequest authenticationRequest | securityModeCommand registrationAccept]
Jul 30, 2026 6:30:58 PM org.slf4j.helpers.SubstituteLogger info
INFO: [registrationRequest registrationRequestGUTI | authenticationResponse securityModeComplete / authenticationRequest authenticationRequest | securityModeCommand registrationAccept]
Jul 30, 2026 6:31:07 PM org.slf4j.helpers.SubstituteLogger info
INFO: [registrationRequest registrationComplete | authenticationResponse securityModeComplete / authenticationRequest null_action | securityModeCommand registrationAccept]
Jul 30, 2026 6:31:15 PM org.slf4j.helpers.SubstituteLogger info
INFO: [registrationRequest serviceRequest | authenticationResponse securityModeComplete / authenticationRequest null_action | securityModeCommand registrationAccept]
Jul 30, 2026 6:31:26 PM org.slf4j.helpers.SubstituteLogger info
INFO: [registrationRequest securityModeReject | authenticationResponse securityModeComplete / authenticationRequest null_action | securityModeCommand registrationAccept]
Jul 30, 2026 6:31:37 PM org.slf4j.helpers.SubstituteLogger info
INFO: [registrationRequest deregistrationAccept | authenticationResponse securityModeComplete / authenticationRequest null_action | securityModeCommand registrationAccept]
Jul 30, 2026 6:31:48 PM org.slf4j.helpers.SubstituteLogger info
INFO: [registrationRequest securityModeComplete | authenticationResponse securityModeComplete / authenticationRequest null_action | securityModeCommand registrationAccept]
Jul 30, 2026 6:32:37 PM org.slf4j.helpers.SubstituteLogger info
INFO: [registrationRequest identityResponse | authenticationResponse securityModeComplete / authenticationRequest null_action | securityModeCommand registrationAccept]
Jul 30, 2026 6:32:47 PM org.slf4j.helpers.SubstituteLogger info
INFO: [registrationRequest configurationUpdateComplete | authenticationResponse securityModeComplete / authenticationRequest null_action | securityModeCommand registrationAccept]
Jul 30, 2026 6:32:57 PM org.slf4j.helpers.SubstituteLogger info
INFO: [registrationRequest authenticationResponse registrationRequestGUTI | authenticationResponse securityModeComplete / authenticationRequest securityModeCommand authenticationRequest | securityModeCommand registrationAccept]
Jul 30, 2026 6:33:07 PM org.slf4j.helpers.SubstituteLogger info
INFO: [registrationRequest authenticationResponse registrationRequest | authenticationResponse securityModeComplete / authenticationRequest securityModeCommand authenticationRequest | securityModeCommand registrationAccept]
Jul 30, 2026 8:51:23 PM org.slf4j.helpers.SubstituteLogger info
INFO: [registrationRequest authenticationResponse securityModeReject registrationRequest | authenticationResponse registrationRequestGUTI registrationRequest authenticationResponse securityModeComplete / authenticationRequest securityModeCommand null_action authenticationRequest | securityModeCommand authenticationRequest authenticationRequest securityModeCommand null_action]
Jul 30, 2026 8:51:23 PM org.slf4j.helpers.SubstituteLogger info
INFO: [registrationRequest authenticationResponse securityModeReject registrationRequest | registrationRequest authenticationResponse securityModeComplete / authenticationRequest securityModeCommand null_action authenticationRequest | authenticationRequest securityModeCommand registrationAccept]
Jul 30, 2026 8:51:23 PM org.slf4j.helpers.SubstituteLogger info
INFO: [registrationRequest authenticationResponse securityModeReject registrationRequest authenticationResponse | registrationRequestGUTI registrationRequest authenticationResponse securityModeComplete / authenticationRequest securityModeCommand null_action authenticationRequest securityModeCommand | authenticationRequest authenticationRequest securityModeCommand null_action]
Jul 30, 2026 8:51:23 PM org.slf4j.helpers.SubstituteLogger info
INFO: [registrationRequest authenticationResponse securityModeReject registrationRequest authenticationResponse registrationRequestGUTI | registrationRequest / authenticationRequest securityModeCommand null_action authenticationRequest securityModeCommand authenticationRequest | authenticationRequest]
Jul 30, 2026 8:51:23 PM org.slf4j.helpers.SubstituteLogger info
INFO: [registrationRequest authenticationResponse securityModeReject registrationRequest authenticationResponse registrationRequestGUTI | registrationRequestGUTI / authenticationRequest securityModeCommand null_action authenticationRequest securityModeCommand authenticationRequest | authenticationRequest]
Jul 30, 2026 8:51:39 PM org.slf4j.helpers.SubstituteLogger info
INFO: [registrationRequest authenticationResponse securityModeReject registrationRequest authenticationResponse registrationRequestGUTI | registrationComplete / authenticationRequest securityModeCommand null_action authenticationRequest securityModeCommand authenticationRequest | null_action]
Jul 30, 2026 8:51:54 PM org.slf4j.helpers.SubstituteLogger info
INFO: [registrationRequest authenticationResponse securityModeReject registrationRequest authenticationResponse registrationRequestGUTI | deregistrationRequest / authenticationRequest securityModeCommand null_action authenticationRequest securityModeCommand authenticationRequest | null_action]
Jul 30, 2026 8:52:08 PM org.slf4j.helpers.SubstituteLogger info
INFO: [registrationRequest authenticationResponse securityModeReject registrationRequest authenticationResponse registrationRequestGUTI | serviceRequest / authenticationRequest securityModeCommand null_action authenticationRequest securityModeCommand authenticationRequest | null_action]
Jul 30, 2026 8:52:24 PM org.slf4j.helpers.SubstituteLogger info
INFO: [registrationRequest authenticationResponse securityModeReject registrationRequest authenticationResponse registrationRequestGUTI | securityModeReject / authenticationRequest securityModeCommand null_action authenticationRequest securityModeCommand authenticationRequest | null_action]
Jul 30, 2026 8:52:24 PM org.slf4j.helpers.SubstituteLogger info
INFO: [registrationRequest authenticationResponse securityModeReject registrationRequest authenticationResponse registrationRequestGUTI | authenticationResponse / authenticationRequest securityModeCommand null_action authenticationRequest securityModeCommand authenticationRequest | securityModeCommand]
Jul 30, 2026 8:52:38 PM org.slf4j.helpers.SubstituteLogger info
INFO: [registrationRequest authenticationResponse securityModeReject registrationRequest authenticationResponse registrationRequestGUTI | authenticationFailure / authenticationRequest securityModeCommand null_action authenticationRequest securityModeCommand authenticationRequest | authenticationReject]
Jul 30, 2026 8:53:20 PM org.slf4j.helpers.SubstituteLogger info
INFO: [registrationRequest authenticationResponse securityModeReject registrationRequest authenticationResponse registrationRequestGUTI | deregistrationAccept / authenticationRequest securityModeCommand null_action authenticationRequest securityModeCommand authenticationRequest | null_action]
Jul 30, 2026 8:53:20 PM org.slf4j.helpers.SubstituteLogger info
INFO: [registrationRequest authenticationResponse securityModeReject registrationRequest authenticationResponse registrationRequestGUTI | securityModeComplete / authenticationRequest securityModeCommand null_action authenticationRequest securityModeCommand authenticationRequest | null_action]
Jul 30, 2026 8:53:38 PM org.slf4j.helpers.SubstituteLogger info
INFO: [registrationRequest authenticationResponse securityModeReject registrationRequest authenticationResponse registrationRequestGUTI | identityResponse / authenticationRequest securityModeCommand null_action authenticationRequest securityModeCommand authenticationRequest | null_action]
Jul 30, 2026 8:53:54 PM org.slf4j.helpers.SubstituteLogger info
INFO: [registrationRequest authenticationResponse securityModeReject registrationRequest authenticationResponse registrationRequestGUTI | configurationUpdateComplete / authenticationRequest securityModeCommand null_action authenticationRequest securityModeCommand authenticationRequest | null_action]
Jul 30, 2026 8:54:11 PM org.slf4j.helpers.SubstituteLogger info
INFO: [registrationRequest authenticationResponse securityModeReject registrationRequest authenticationResponse registrationRequestGUTI configurationUpdateComplete | registrationRequestGUTI / authenticationRequest securityModeCommand null_action authenticationRequest securityModeCommand authenticationRequest null_action | authenticationRequest]
Jul 30, 2026 8:54:29 PM org.slf4j.helpers.SubstituteLogger info
INFO: [registrationRequest authenticationResponse securityModeReject registrationRequest authenticationResponse registrationRequestGUTI identityResponse | registrationRequestGUTI / authenticationRequest securityModeCommand null_action authenticationRequest securityModeCommand authenticationRequest null_action | authenticationRequest]
Jul 30, 2026 8:54:46 PM org.slf4j.helpers.SubstituteLogger info
INFO: [registrationRequest authenticationResponse securityModeReject registrationRequest authenticationResponse registrationRequestGUTI securityModeComplete | registrationRequestGUTI / authenticationRequest securityModeCommand null_action authenticationRequest securityModeCommand authenticationRequest null_action | authenticationRequest]
Jul 30, 2026 8:55:03 PM org.slf4j.helpers.SubstituteLogger info
INFO: [registrationRequest authenticationResponse securityModeReject registrationRequest authenticationResponse registrationRequestGUTI deregistrationAccept | registrationRequestGUTI / authenticationRequest securityModeCommand null_action authenticationRequest securityModeCommand authenticationRequest null_action | authenticationRequest]
Jul 30, 2026 8:55:20 PM org.slf4j.helpers.SubstituteLogger info
INFO: [registrationRequest authenticationResponse securityModeReject registrationRequest authenticationResponse registrationRequestGUTI authenticationFailure | registrationRequestGUTI / authenticationRequest securityModeCommand null_action authenticationRequest securityModeCommand authenticationRequest authenticationReject | identityRequest]
Jul 30, 2026 8:55:34 PM org.slf4j.helpers.SubstituteLogger info
INFO: [registrationRequest authenticationResponse securityModeReject registrationRequest authenticationResponse registrationRequestGUTI authenticationResponse | registrationRequestGUTI / authenticationRequest securityModeCommand null_action authenticationRequest securityModeCommand authenticationRequest securityModeCommand | authenticationRequest]
Jul 30, 2026 8:55:51 PM org.slf4j.helpers.SubstituteLogger info
INFO: [registrationRequest authenticationResponse securityModeReject registrationRequest authenticationResponse registrationRequestGUTI securityModeReject | registrationRequestGUTI / authenticationRequest securityModeCommand null_action authenticationRequest securityModeCommand authenticationRequest null_action | authenticationRequest]
Jul 30, 2026 8:56:46 PM org.slf4j.helpers.SubstituteLogger info
INFO: [registrationRequest authenticationResponse securityModeReject registrationRequest authenticationResponse registrationRequestGUTI serviceRequest | registrationRequestGUTI / authenticationRequest securityModeCommand null_action authenticationRequest securityModeCommand authenticationRequest null_action | authenticationRequest]
Jul 30, 2026 8:57:03 PM org.slf4j.helpers.SubstituteLogger info
INFO: [registrationRequest authenticationResponse securityModeReject registrationRequest authenticationResponse registrationRequestGUTI deregistrationRequest | registrationRequestGUTI / authenticationRequest securityModeCommand null_action authenticationRequest securityModeCommand authenticationRequest null_action | identityRequest]
Jul 30, 2026 8:57:20 PM org.slf4j.helpers.SubstituteLogger info
INFO: [registrationRequest authenticationResponse securityModeReject registrationRequest authenticationResponse registrationRequestGUTI registrationComplete | registrationRequestGUTI / authenticationRequest securityModeCommand null_action authenticationRequest securityModeCommand authenticationRequest null_action | authenticationRequest]
Jul 30, 2026 8:57:35 PM org.slf4j.helpers.SubstituteLogger info
INFO: [registrationRequest authenticationResponse securityModeReject registrationRequest authenticationResponse registrationRequestGUTI registrationRequestGUTI | registrationRequestGUTI / authenticationRequest securityModeCommand null_action authenticationRequest securityModeCommand authenticationRequest authenticationRequest | authenticationRequest]
Jul 30, 2026 8:57:35 PM org.slf4j.helpers.SubstituteLogger info
INFO: [registrationRequest authenticationResponse securityModeReject registrationRequest authenticationResponse registrationRequestGUTI registrationRequest | registrationRequestGUTI / authenticationRequest securityModeCommand null_action authenticationRequest securityModeCommand authenticationRequest authenticationRequest | authenticationRequest]
Jul 30, 2026 8:57:52 PM org.slf4j.helpers.SubstituteLogger info
INFO: [registrationRequest authenticationResponse securityModeReject registrationRequest authenticationResponse registrationRequestGUTI configurationUpdateComplete | authenticationResponse / authenticationRequest securityModeCommand null_action authenticationRequest securityModeCommand authenticationRequest null_action | securityModeCommand]
Jul 30, 2026 8:58:10 PM org.slf4j.helpers.SubstituteLogger info
INFO: [registrationRequest authenticationResponse securityModeReject registrationRequest authenticationResponse registrationRequestGUTI identityResponse | authenticationResponse / authenticationRequest securityModeCommand null_action authenticationRequest securityModeCommand authenticationRequest null_action | securityModeCommand]
Jul 30, 2026 8:58:27 PM org.slf4j.helpers.SubstituteLogger info
INFO: [registrationRequest authenticationResponse securityModeReject registrationRequest authenticationResponse registrationRequestGUTI securityModeComplete | authenticationResponse / authenticationRequest securityModeCommand null_action authenticationRequest securityModeCommand authenticationRequest null_action | securityModeCommand]
Jul 30, 2026 8:58:44 PM org.slf4j.helpers.SubstituteLogger info
INFO: [registrationRequest authenticationResponse securityModeReject registrationRequest authenticationResponse registrationRequestGUTI deregistrationAccept | authenticationResponse / authenticationRequest securityModeCommand null_action authenticationRequest securityModeCommand authenticationRequest null_action | securityModeCommand]
Jul 30, 2026 8:59:02 PM org.slf4j.helpers.SubstituteLogger info
INFO: [registrationRequest authenticationResponse securityModeReject registrationRequest authenticationResponse registrationRequestGUTI authenticationFailure | registrationComplete registrationRequestGUTI / authenticationRequest securityModeCommand null_action authenticationRequest securityModeCommand authenticationRequest authenticationReject | null_action identityRequest]
Jul 30, 2026 8:59:19 PM org.slf4j.helpers.SubstituteLogger info
INFO: [registrationRequest authenticationResponse securityModeReject registrationRequest authenticationResponse registrationRequestGUTI authenticationResponse | authenticationResponse / authenticationRequest securityModeCommand null_action authenticationRequest securityModeCommand authenticationRequest securityModeCommand | null_action]
Jul 30, 2026 9:00:14 PM org.slf4j.helpers.SubstituteLogger info
INFO: [registrationRequest authenticationResponse securityModeReject registrationRequest authenticationResponse registrationRequestGUTI securityModeReject | authenticationResponse / authenticationRequest securityModeCommand null_action authenticationRequest securityModeCommand authenticationRequest null_action | securityModeCommand]
Jul 30, 2026 9:00:31 PM org.slf4j.helpers.SubstituteLogger info
INFO: [registrationRequest authenticationResponse securityModeReject registrationRequest authenticationResponse registrationRequestGUTI serviceRequest | authenticationResponse / authenticationRequest securityModeCommand null_action authenticationRequest securityModeCommand authenticationRequest null_action | securityModeCommand]
Jul 30, 2026 9:00:48 PM org.slf4j.helpers.SubstituteLogger info
INFO: [registrationRequest authenticationResponse securityModeReject registrationRequest authenticationResponse registrationRequestGUTI deregistrationRequest | registrationComplete registrationRequestGUTI / authenticationRequest securityModeCommand null_action authenticationRequest securityModeCommand authenticationRequest null_action | null_action identityRequest]
Jul 30, 2026 9:01:07 PM org.slf4j.helpers.SubstituteLogger info
INFO: [registrationRequest authenticationResponse securityModeReject registrationRequest authenticationResponse registrationRequestGUTI registrationComplete | authenticationResponse / authenticationRequest securityModeCommand null_action authenticationRequest securityModeCommand authenticationRequest null_action | securityModeCommand]
Jul 30, 2026 9:01:22 PM org.slf4j.helpers.SubstituteLogger info
INFO: [registrationRequest authenticationResponse securityModeReject registrationRequest authenticationResponse registrationRequestGUTI registrationRequestGUTI | authenticationResponse / authenticationRequest securityModeCommand null_action authenticationRequest securityModeCommand authenticationRequest authenticationRequest | securityModeCommand]
Jul 30, 2026 9:01:22 PM org.slf4j.helpers.SubstituteLogger info
INFO: [registrationRequest authenticationResponse securityModeReject registrationRequest authenticationResponse registrationRequestGUTI registrationRequest | authenticationResponse / authenticationRequest securityModeCommand null_action authenticationRequest securityModeCommand authenticationRequest authenticationRequest | securityModeCommand]
Jul 30, 2026 9:01:42 PM org.slf4j.helpers.SubstituteLogger info
INFO: [registrationRequest authenticationResponse securityModeReject registrationRequest authenticationResponse registrationRequestGUTI configurationUpdateComplete | authenticationResponse securityModeComplete / authenticationRequest securityModeCommand null_action authenticationRequest securityModeCommand authenticationRequest null_action | securityModeCommand null_action]
Jul 30, 2026 9:02:02 PM org.slf4j.helpers.SubstituteLogger info
INFO: [registrationRequest authenticationResponse securityModeReject registrationRequest authenticationResponse registrationRequestGUTI identityResponse | authenticationResponse securityModeComplete / authenticationRequest securityModeCommand null_action authenticationRequest securityModeCommand authenticationRequest null_action | securityModeCommand null_action]
Jul 30, 2026 9:02:21 PM org.slf4j.helpers.SubstituteLogger info
INFO: [registrationRequest authenticationResponse securityModeReject registrationRequest authenticationResponse registrationRequestGUTI securityModeComplete | authenticationResponse securityModeComplete / authenticationRequest securityModeCommand null_action authenticationRequest securityModeCommand authenticationRequest null_action | securityModeCommand null_action]
Jul 30, 2026 9:02:41 PM org.slf4j.helpers.SubstituteLogger info
INFO: [registrationRequest authenticationResponse securityModeReject registrationRequest authenticationResponse registrationRequestGUTI deregistrationAccept | authenticationResponse securityModeComplete / authenticationRequest securityModeCommand null_action authenticationRequest securityModeCommand authenticationRequest null_action | securityModeCommand null_action]
Jul 30, 2026 9:02:58 PM org.slf4j.helpers.SubstituteLogger info
INFO: [registrationRequest authenticationResponse securityModeReject registrationRequest authenticationResponse registrationRequestGUTI authenticationResponse | registrationRequest / authenticationRequest securityModeCommand null_action authenticationRequest securityModeCommand authenticationRequest securityModeCommand | authenticationRequest]
Jul 30, 2026 9:03:44 PM org.slf4j.helpers.SubstituteLogger info
INFO: [registrationRequest authenticationResponse securityModeReject registrationRequest authenticationResponse registrationRequestGUTI securityModeReject | authenticationResponse securityModeComplete / authenticationRequest securityModeCommand null_action authenticationRequest securityModeCommand authenticationRequest null_action | securityModeCommand null_action]
Jul 30, 2026 9:04:04 PM org.slf4j.helpers.SubstituteLogger info
INFO: [registrationRequest authenticationResponse securityModeReject registrationRequest authenticationResponse registrationRequestGUTI serviceRequest | authenticationResponse securityModeComplete / authenticationRequest securityModeCommand null_action authenticationRequest securityModeCommand authenticationRequest null_action | securityModeCommand null_action]
Jul 30, 2026 9:04:24 PM org.slf4j.helpers.SubstituteLogger info
INFO: [registrationRequest authenticationResponse securityModeReject registrationRequest authenticationResponse registrationRequestGUTI registrationComplete | authenticationResponse securityModeComplete / authenticationRequest securityModeCommand null_action authenticationRequest securityModeCommand authenticationRequest null_action | securityModeCommand null_action]
Jul 30, 2026 9:04:42 PM org.slf4j.helpers.SubstituteLogger info
INFO: [registrationRequest authenticationResponse securityModeReject registrationRequest authenticationResponse registrationRequestGUTI registrationRequestGUTI | authenticationResponse securityModeComplete / authenticationRequest securityModeCommand null_action authenticationRequest securityModeCommand authenticationRequest authenticationRequest | securityModeCommand null_action]
Jul 30, 2026 9:04:42 PM org.slf4j.helpers.SubstituteLogger info
INFO: [registrationRequest authenticationResponse securityModeReject registrationRequest authenticationResponse registrationRequestGUTI registrationRequest | authenticationResponse securityModeComplete / authenticationRequest securityModeCommand null_action authenticationRequest securityModeCommand authenticationRequest authenticationRequest | securityModeCommand null_action]
Jul 30, 2026 9:04:42 PM org.slf4j.helpers.SubstituteLogger info
INFO: [registrationRequest authenticationResponse securityModeReject registrationRequest authenticationResponse registrationRequestGUTI authenticationResponse | securityModeComplete / authenticationRequest securityModeCommand null_action authenticationRequest securityModeCommand authenticationRequest securityModeCommand | null_action]
Jul 30, 2026 9:05:03 PM org.slf4j.helpers.SubstituteLogger info
INFO: [registrationRequest authenticationResponse securityModeReject registrationRequest authenticationResponse registrationRequestGUTI registrationRequest | registrationRequest authenticationResponse securityModeComplete / authenticationRequest securityModeCommand null_action authenticationRequest securityModeCommand authenticationRequest authenticationRequest | authenticationRequest securityModeCommand null_action]
Jul 30, 2026 9:05:23 PM org.slf4j.helpers.SubstituteLogger info
INFO: [registrationRequest authenticationResponse securityModeReject registrationRequest authenticationResponse registrationRequestGUTI registrationRequestGUTI | registrationRequest authenticationResponse securityModeComplete / authenticationRequest securityModeCommand null_action authenticationRequest securityModeCommand authenticationRequest authenticationRequest | authenticationRequest securityModeCommand null_action]
Jul 30, 2026 9:05:44 PM org.slf4j.helpers.SubstituteLogger info
INFO: [registrationRequest authenticationResponse securityModeReject registrationRequest authenticationResponse registrationRequestGUTI registrationComplete | registrationRequest authenticationResponse securityModeComplete / authenticationRequest securityModeCommand null_action authenticationRequest securityModeCommand authenticationRequest null_action | authenticationRequest securityModeCommand null_action]
Jul 30, 2026 9:06:03 PM org.slf4j.helpers.SubstituteLogger info
INFO: [registrationRequest authenticationResponse securityModeReject registrationRequest authenticationResponse registrationRequestGUTI serviceRequest | registrationRequest authenticationResponse securityModeComplete / authenticationRequest securityModeCommand null_action authenticationRequest securityModeCommand authenticationRequest null_action | authenticationRequest securityModeCommand null_action]
Jul 30, 2026 9:06:24 PM org.slf4j.helpers.SubstituteLogger info
INFO: [registrationRequest authenticationResponse securityModeReject registrationRequest authenticationResponse registrationRequestGUTI securityModeReject | registrationRequest authenticationResponse securityModeComplete / authenticationRequest securityModeCommand null_action authenticationRequest securityModeCommand authenticationRequest null_action | authenticationRequest securityModeCommand null_action]
Jul 30, 2026 9:06:45 PM org.slf4j.helpers.SubstituteLogger info
INFO: [registrationRequest authenticationResponse securityModeReject registrationRequest authenticationResponse registrationRequestGUTI deregistrationAccept | registrationRequest authenticationResponse securityModeComplete / authenticationRequest securityModeCommand null_action authenticationRequest securityModeCommand authenticationRequest null_action | authenticationRequest securityModeCommand null_action]
Jul 30, 2026 9:07:44 PM org.slf4j.helpers.SubstituteLogger info
INFO: [registrationRequest authenticationResponse securityModeReject registrationRequest authenticationResponse registrationRequestGUTI securityModeComplete | registrationRequest authenticationResponse securityModeComplete / authenticationRequest securityModeCommand null_action authenticationRequest securityModeCommand authenticationRequest null_action | authenticationRequest securityModeCommand null_action]
Jul 30, 2026 9:08:05 PM org.slf4j.helpers.SubstituteLogger info
INFO: [registrationRequest authenticationResponse securityModeReject registrationRequest authenticationResponse registrationRequestGUTI identityResponse | registrationRequest authenticationResponse securityModeComplete / authenticationRequest securityModeCommand null_action authenticationRequest securityModeCommand authenticationRequest null_action | authenticationRequest securityModeCommand null_action]
Jul 30, 2026 9:08:27 PM org.slf4j.helpers.SubstituteLogger info
INFO: [registrationRequest authenticationResponse securityModeReject registrationRequest authenticationResponse registrationRequestGUTI configurationUpdateComplete | registrationRequest authenticationResponse securityModeComplete / authenticationRequest securityModeCommand null_action authenticationRequest securityModeCommand authenticationRequest null_action | authenticationRequest securityModeCommand null_action]
Jul 30, 2026 9:08:44 PM org.slf4j.helpers.SubstituteLogger info
INFO: [registrationRequest authenticationResponse securityModeReject registrationRequest configurationUpdateComplete | registrationRequest authenticationResponse securityModeComplete / authenticationRequest securityModeCommand null_action authenticationRequest null_action | authenticationRequest securityModeCommand registrationAccept]
Jul 30, 2026 9:08:44 PM org.slf4j.helpers.SubstituteLogger info
INFO: [registrationRequest authenticationResponse securityModeReject registrationRequest identityResponse | registrationRequest authenticationResponse securityModeComplete / authenticationRequest securityModeCommand null_action authenticationRequest null_action | authenticationRequest securityModeCommand registrationAccept]
Jul 30, 2026 9:09:05 PM org.slf4j.helpers.SubstituteLogger info
INFO: [registrationRequest authenticationResponse securityModeReject registrationRequest securityModeComplete | registrationRequest authenticationResponse securityModeComplete / authenticationRequest securityModeCommand null_action authenticationRequest null_action | authenticationRequest securityModeCommand registrationAccept]
Jul 30, 2026 9:09:22 PM org.slf4j.helpers.SubstituteLogger info
INFO: [registrationRequest authenticationResponse securityModeReject registrationRequest deregistrationAccept | registrationRequest authenticationResponse securityModeComplete / authenticationRequest securityModeCommand null_action authenticationRequest null_action | authenticationRequest securityModeCommand registrationAccept]
Jul 30, 2026 9:09:39 PM org.slf4j.helpers.SubstituteLogger info
INFO: [registrationRequest authenticationResponse securityModeReject registrationRequest securityModeReject | registrationRequest authenticationResponse securityModeComplete / authenticationRequest securityModeCommand null_action authenticationRequest null_action | authenticationRequest securityModeCommand registrationAccept]
Jul 30, 2026 9:09:39 PM org.slf4j.helpers.SubstituteLogger info
INFO: [registrationRequest authenticationResponse securityModeReject registrationRequest serviceRequest | registrationRequest authenticationResponse securityModeComplete / authenticationRequest securityModeCommand null_action authenticationRequest null_action | authenticationRequest securityModeCommand registrationAccept]
Jul 30, 2026 9:09:39 PM org.slf4j.helpers.SubstituteLogger info
INFO: [registrationRequest authenticationResponse securityModeReject registrationRequest registrationComplete | registrationRequest authenticationResponse securityModeComplete / authenticationRequest securityModeCommand null_action authenticationRequest null_action | authenticationRequest securityModeCommand registrationAccept]
Jul 30, 2026 9:09:56 PM org.slf4j.helpers.SubstituteLogger info
INFO: [registrationRequest authenticationResponse securityModeReject registrationRequest authenticationResponse registrationRequest | registrationRequest authenticationResponse securityModeComplete / authenticationRequest securityModeCommand null_action authenticationRequest securityModeCommand authenticationRequest | authenticationRequest securityModeCommand null_action]
Jul 30, 2026 9:22:00 PM org.slf4j.helpers.SubstituteLogger info
INFO: [registrationRequest authenticationResponse securityModeReject registrationRequest | authenticationResponse deregistrationRequest registrationRequest authenticationResponse securityModeComplete / authenticationRequest securityModeCommand null_action authenticationRequest | securityModeCommand null_action authenticationRequest securityModeCommand null_action]
Jul 30, 2026 9:22:00 PM org.slf4j.helpers.SubstituteLogger info
INFO: [ε | registrationRequest authenticationResponse securityModeComplete / ε | authenticationRequest securityModeCommand registrationAccept]
Jul 30, 2026 9:22:00 PM org.slf4j.helpers.SubstituteLogger info
INFO: [registrationRequest authenticationResponse securityModeReject registrationRequest authenticationResponse | deregistrationRequest registrationRequest authenticationResponse securityModeComplete / authenticationRequest securityModeCommand null_action authenticationRequest securityModeCommand | null_action authenticationRequest securityModeCommand null_action]
Jul 30, 2026 9:22:00 PM org.slf4j.helpers.SubstituteLogger info
INFO: [registrationRequest authenticationResponse securityModeReject registrationRequest authenticationResponse deregistrationRequest | registrationRequest / authenticationRequest securityModeCommand null_action authenticationRequest securityModeCommand null_action | authenticationRequest]
Jul 30, 2026 9:22:00 PM org.slf4j.helpers.SubstituteLogger info
INFO: [registrationRequest authenticationResponse securityModeReject registrationRequest authenticationResponse deregistrationRequest | registrationRequestGUTI / authenticationRequest securityModeCommand null_action authenticationRequest securityModeCommand null_action | identityRequest]
Jul 30, 2026 9:22:15 PM org.slf4j.helpers.SubstituteLogger info
INFO: [registrationRequest authenticationResponse securityModeReject registrationRequest authenticationResponse deregistrationRequest | registrationComplete / authenticationRequest securityModeCommand null_action authenticationRequest securityModeCommand null_action | null_action]
Jul 30, 2026 9:22:33 PM org.slf4j.helpers.SubstituteLogger info
INFO: [registrationRequest authenticationResponse securityModeReject registrationRequest authenticationResponse deregistrationRequest | deregistrationRequest / authenticationRequest securityModeCommand null_action authenticationRequest securityModeCommand null_action | null_action]
Jul 30, 2026 9:22:49 PM org.slf4j.helpers.SubstituteLogger info
INFO: [registrationRequest authenticationResponse securityModeReject registrationRequest authenticationResponse deregistrationRequest | serviceRequest / authenticationRequest securityModeCommand null_action authenticationRequest securityModeCommand null_action | null_action]
Jul 30, 2026 9:23:45 PM org.slf4j.helpers.SubstituteLogger info
INFO: [registrationRequest authenticationResponse securityModeReject registrationRequest authenticationResponse deregistrationRequest | securityModeReject / authenticationRequest securityModeCommand null_action authenticationRequest securityModeCommand null_action | null_action]
Jul 30, 2026 9:23:45 PM org.slf4j.helpers.SubstituteLogger info
INFO: [registrationRequest authenticationResponse securityModeReject registrationRequest authenticationResponse deregistrationRequest | authenticationResponse / authenticationRequest securityModeCommand null_action authenticationRequest securityModeCommand null_action | null_action]
Jul 30, 2026 9:24:03 PM org.slf4j.helpers.SubstituteLogger info
INFO: [registrationRequest authenticationResponse securityModeReject registrationRequest authenticationResponse deregistrationRequest | authenticationFailure / authenticationRequest securityModeCommand null_action authenticationRequest securityModeCommand null_action | null_action]
Jul 30, 2026 9:24:23 PM org.slf4j.helpers.SubstituteLogger info
INFO: [registrationRequest authenticationResponse securityModeReject registrationRequest authenticationResponse deregistrationRequest | deregistrationAccept / authenticationRequest securityModeCommand null_action authenticationRequest securityModeCommand null_action | null_action]
Jul 30, 2026 9:24:23 PM org.slf4j.helpers.SubstituteLogger info
INFO: [registrationRequest authenticationResponse securityModeReject registrationRequest authenticationResponse deregistrationRequest | securityModeComplete / authenticationRequest securityModeCommand null_action authenticationRequest securityModeCommand null_action | null_action]
Jul 30, 2026 9:24:41 PM org.slf4j.helpers.SubstituteLogger info
INFO: [registrationRequest authenticationResponse securityModeReject registrationRequest authenticationResponse deregistrationRequest | identityResponse / authenticationRequest securityModeCommand null_action authenticationRequest securityModeCommand null_action | null_action]
Jul 30, 2026 9:24:56 PM org.slf4j.helpers.SubstituteLogger info
INFO: [registrationRequest authenticationResponse securityModeReject registrationRequest authenticationResponse deregistrationRequest | configurationUpdateComplete / authenticationRequest securityModeCommand null_action authenticationRequest securityModeCommand null_action | null_action]
Jul 30, 2026 9:25:13 PM org.slf4j.helpers.SubstituteLogger info
INFO: [registrationRequest authenticationResponse securityModeReject registrationRequest authenticationResponse deregistrationRequest configurationUpdateComplete | registrationRequestGUTI / authenticationRequest securityModeCommand null_action authenticationRequest securityModeCommand null_action null_action | identityRequest]
Jul 30, 2026 9:25:30 PM org.slf4j.helpers.SubstituteLogger info
INFO: [registrationRequest authenticationResponse securityModeReject registrationRequest authenticationResponse deregistrationRequest identityResponse | registrationRequestGUTI / authenticationRequest securityModeCommand null_action authenticationRequest securityModeCommand null_action null_action | identityRequest]
Jul 30, 2026 9:25:47 PM org.slf4j.helpers.SubstituteLogger info
INFO: [registrationRequest authenticationResponse securityModeReject registrationRequest authenticationResponse deregistrationRequest securityModeComplete | registrationRequestGUTI / authenticationRequest securityModeCommand null_action authenticationRequest securityModeCommand null_action null_action | identityRequest]
Jul 30, 2026 9:26:09 PM org.slf4j.helpers.SubstituteLogger info
INFO: [registrationRequest authenticationResponse securityModeReject registrationRequest authenticationResponse deregistrationRequest deregistrationAccept | registrationRequestGUTI / authenticationRequest securityModeCommand null_action authenticationRequest securityModeCommand null_action null_action | null_action]
Jul 30, 2026 9:26:32 PM org.slf4j.helpers.SubstituteLogger info
INFO: [registrationRequest authenticationResponse securityModeReject registrationRequest authenticationResponse deregistrationRequest authenticationFailure | registrationRequestGUTI / authenticationRequest securityModeCommand null_action authenticationRequest securityModeCommand null_action null_action | null_action]
Jul 30, 2026 9:27:18 PM org.slf4j.helpers.SubstituteLogger info
INFO: [registrationRequest authenticationResponse securityModeReject registrationRequest authenticationResponse deregistrationRequest authenticationResponse | registrationRequestGUTI / authenticationRequest securityModeCommand null_action authenticationRequest securityModeCommand null_action null_action | null_action]
Jul 30, 2026 9:27:40 PM org.slf4j.helpers.SubstituteLogger info
INFO: [registrationRequest authenticationResponse securityModeReject registrationRequest authenticationResponse deregistrationRequest securityModeReject | registrationRequestGUTI / authenticationRequest securityModeCommand null_action authenticationRequest securityModeCommand null_action null_action | null_action]
Jul 30, 2026 9:27:57 PM org.slf4j.helpers.SubstituteLogger info
INFO: [registrationRequest authenticationResponse securityModeReject registrationRequest authenticationResponse deregistrationRequest serviceRequest | registrationRequestGUTI / authenticationRequest securityModeCommand null_action authenticationRequest securityModeCommand null_action null_action | identityRequest]
Jul 30, 2026 9:28:20 PM org.slf4j.helpers.SubstituteLogger info
INFO: [registrationRequest authenticationResponse securityModeReject registrationRequest authenticationResponse deregistrationRequest deregistrationRequest | registrationRequestGUTI / authenticationRequest securityModeCommand null_action authenticationRequest securityModeCommand null_action null_action | identityRequest]
Jul 30, 2026 9:28:20 PM org.slf4j.helpers.SubstituteLogger info
INFO: [registrationRequest authenticationResponse securityModeReject registrationRequest authenticationResponse deregistrationRequest registrationComplete | registrationRequestGUTI / authenticationRequest securityModeCommand null_action authenticationRequest securityModeCommand null_action null_action | identityRequest]
Jul 30, 2026 9:28:41 PM org.slf4j.helpers.SubstituteLogger info
INFO: [registrationRequest authenticationResponse securityModeReject registrationRequest authenticationResponse deregistrationRequest registrationRequestGUTI | registrationRequestGUTI / authenticationRequest securityModeCommand null_action authenticationRequest securityModeCommand null_action identityRequest | null_action]
Jul 30, 2026 9:28:59 PM org.slf4j.helpers.SubstituteLogger info
INFO: [registrationRequest authenticationResponse securityModeReject registrationRequest authenticationResponse deregistrationRequest registrationRequest | registrationRequestGUTI / authenticationRequest securityModeCommand null_action authenticationRequest securityModeCommand null_action authenticationRequest | authenticationRequest]
Jul 30, 2026 9:29:17 PM org.slf4j.helpers.SubstituteLogger info
INFO: [registrationRequest authenticationResponse securityModeReject registrationRequest authenticationResponse deregistrationRequest configurationUpdateComplete | registrationComplete registrationRequestGUTI / authenticationRequest securityModeCommand null_action authenticationRequest securityModeCommand null_action null_action | null_action identityRequest]
Jul 30, 2026 9:29:35 PM org.slf4j.helpers.SubstituteLogger info
INFO: [registrationRequest authenticationResponse securityModeReject registrationRequest authenticationResponse deregistrationRequest identityResponse | registrationComplete registrationRequestGUTI / authenticationRequest securityModeCommand null_action authenticationRequest securityModeCommand null_action null_action | null_action identityRequest]
Jul 30, 2026 9:29:53 PM org.slf4j.helpers.SubstituteLogger info
INFO: [registrationRequest authenticationResponse securityModeReject registrationRequest authenticationResponse deregistrationRequest securityModeComplete | registrationComplete registrationRequestGUTI / authenticationRequest securityModeCommand null_action authenticationRequest securityModeCommand null_action null_action | null_action identityRequest]
Jul 30, 2026 9:30:16 PM org.slf4j.helpers.SubstituteLogger info
INFO: [registrationRequest authenticationResponse securityModeReject registrationRequest authenticationResponse deregistrationRequest deregistrationAccept | registrationRequest / authenticationRequest securityModeCommand null_action authenticationRequest securityModeCommand null_action null_action | null_action]
Jul 30, 2026 9:31:01 PM org.slf4j.helpers.SubstituteLogger info
INFO: [registrationRequest authenticationResponse securityModeReject registrationRequest authenticationResponse deregistrationRequest authenticationFailure | registrationRequest / authenticationRequest securityModeCommand null_action authenticationRequest securityModeCommand null_action null_action | null_action]
Jul 30, 2026 9:31:24 PM org.slf4j.helpers.SubstituteLogger info
INFO: [registrationRequest authenticationResponse securityModeReject registrationRequest authenticationResponse deregistrationRequest authenticationResponse | registrationRequest / authenticationRequest securityModeCommand null_action authenticationRequest securityModeCommand null_action null_action | null_action]
Jul 30, 2026 9:31:45 PM org.slf4j.helpers.SubstituteLogger info
INFO: [registrationRequest authenticationResponse securityModeReject registrationRequest authenticationResponse deregistrationRequest securityModeReject | registrationRequest / authenticationRequest securityModeCommand null_action authenticationRequest securityModeCommand null_action null_action | null_action]
Jul 30, 2026 9:32:04 PM org.slf4j.helpers.SubstituteLogger info
INFO: [registrationRequest authenticationResponse securityModeReject registrationRequest authenticationResponse deregistrationRequest serviceRequest | registrationComplete registrationRequestGUTI / authenticationRequest securityModeCommand null_action authenticationRequest securityModeCommand null_action null_action | null_action identityRequest]
Jul 30, 2026 9:32:24 PM org.slf4j.helpers.SubstituteLogger info
INFO: [registrationRequest authenticationResponse securityModeReject registrationRequest authenticationResponse deregistrationRequest deregistrationRequest | registrationComplete registrationRequestGUTI / authenticationRequest securityModeCommand null_action authenticationRequest securityModeCommand null_action null_action | null_action identityRequest]
Jul 30, 2026 9:32:42 PM org.slf4j.helpers.SubstituteLogger info
INFO: [registrationRequest authenticationResponse securityModeReject registrationRequest authenticationResponse deregistrationRequest registrationComplete | registrationComplete registrationRequestGUTI / authenticationRequest securityModeCommand null_action authenticationRequest securityModeCommand null_action null_action | null_action identityRequest]
Jul 30, 2026 9:33:01 PM org.slf4j.helpers.SubstituteLogger info
INFO: [registrationRequest authenticationResponse securityModeReject registrationRequest authenticationResponse deregistrationRequest registrationRequestGUTI | registrationRequest / authenticationRequest securityModeCommand null_action authenticationRequest securityModeCommand null_action identityRequest | authenticationRequest]
Jul 30, 2026 9:33:20 PM org.slf4j.helpers.SubstituteLogger info
INFO: [registrationRequest authenticationResponse securityModeReject registrationRequest authenticationResponse deregistrationRequest registrationRequest | authenticationResponse / authenticationRequest securityModeCommand null_action authenticationRequest securityModeCommand null_action authenticationRequest | securityModeCommand]
Jul 30, 2026 9:33:20 PM org.slf4j.helpers.SubstituteLogger info
INFO: [registrationRequest authenticationResponse securityModeReject registrationRequest authenticationResponse deregistrationRequest registrationRequest | authenticationResponse securityModeComplete / authenticationRequest securityModeCommand null_action authenticationRequest securityModeCommand null_action authenticationRequest | securityModeCommand null_action]
Jul 30, 2026 9:33:40 PM org.slf4j.helpers.SubstituteLogger info
INFO: [registrationRequest authenticationResponse securityModeReject registrationRequest authenticationResponse deregistrationRequest registrationRequest | registrationRequest authenticationResponse securityModeComplete / authenticationRequest securityModeCommand null_action authenticationRequest securityModeCommand null_action authenticationRequest | authenticationRequest securityModeCommand null_action]
Jul 30, 2026 9:34:01 PM org.slf4j.helpers.SubstituteLogger info
INFO: [registrationRequest authenticationResponse securityModeReject registrationRequest authenticationResponse deregistrationRequest registrationComplete | registrationRequest authenticationResponse securityModeComplete / authenticationRequest securityModeCommand null_action authenticationRequest securityModeCommand null_action null_action | authenticationRequest securityModeCommand null_action]
Jul 30, 2026 9:35:02 PM org.slf4j.helpers.SubstituteLogger info
INFO: [registrationRequest authenticationResponse securityModeReject registrationRequest authenticationResponse deregistrationRequest deregistrationRequest | registrationRequest authenticationResponse securityModeComplete / authenticationRequest securityModeCommand null_action authenticationRequest securityModeCommand null_action null_action | authenticationRequest securityModeCommand null_action]
Jul 30, 2026 9:35:25 PM org.slf4j.helpers.SubstituteLogger info
INFO: [registrationRequest authenticationResponse securityModeReject registrationRequest authenticationResponse deregistrationRequest serviceRequest | registrationRequest authenticationResponse securityModeComplete / authenticationRequest securityModeCommand null_action authenticationRequest securityModeCommand null_action null_action | authenticationRequest securityModeCommand null_action]
Jul 30, 2026 9:35:46 PM org.slf4j.helpers.SubstituteLogger info
INFO: [registrationRequest authenticationResponse securityModeReject registrationRequest authenticationResponse deregistrationRequest securityModeComplete | registrationRequest authenticationResponse securityModeComplete / authenticationRequest securityModeCommand null_action authenticationRequest securityModeCommand null_action null_action | authenticationRequest securityModeCommand null_action]
Jul 30, 2026 9:36:07 PM org.slf4j.helpers.SubstituteLogger info
INFO: [registrationRequest authenticationResponse securityModeReject registrationRequest authenticationResponse deregistrationRequest identityResponse | registrationRequest authenticationResponse securityModeComplete / authenticationRequest securityModeCommand null_action authenticationRequest securityModeCommand null_action null_action | authenticationRequest securityModeCommand null_action]
Jul 30, 2026 9:36:28 PM org.slf4j.helpers.SubstituteLogger info
INFO: [registrationRequest authenticationResponse securityModeReject registrationRequest authenticationResponse deregistrationRequest configurationUpdateComplete | registrationRequest authenticationResponse securityModeComplete / authenticationRequest securityModeCommand null_action authenticationRequest securityModeCommand null_action null_action | authenticationRequest securityModeCommand null_action]
Jul 30, 2026 9:36:49 PM org.slf4j.helpers.SubstituteLogger info
INFO: [registrationRequest authenticationResponse securityModeReject registrationRequest authenticationResponse registrationRequestGUTI deregistrationRequest | registrationRequest authenticationResponse securityModeComplete / authenticationRequest securityModeCommand null_action authenticationRequest securityModeCommand authenticationRequest null_action | authenticationRequest securityModeCommand null_action]
Jul 30, 2026 9:37:05 PM org.slf4j.helpers.SubstituteLogger info
INFO: [registrationRequest authenticationResponse securityModeReject registrationRequest authenticationResponse registrationRequestGUTI authenticationFailure | registrationRequest authenticationResponse securityModeComplete / authenticationRequest securityModeCommand null_action authenticationRequest securityModeCommand authenticationRequest authenticationReject | authenticationRequest securityModeCommand registrationAccept]
Jul 30, 2026 9:37:24 PM org.slf4j.helpers.SubstituteLogger info
INFO: [registrationRequest authenticationResponse securityModeReject registrationRequest deregistrationRequest | registrationRequest authenticationResponse securityModeComplete / authenticationRequest securityModeCommand null_action authenticationRequest null_action | authenticationRequest securityModeCommand registrationAccept]
Jul 30, 2026 9:37:41 PM org.slf4j.helpers.SubstituteLogger info
INFO: [registrationRequest authenticationResponse securityModeReject registrationRequest authenticationFailure | registrationRequest authenticationResponse securityModeComplete / authenticationRequest securityModeCommand null_action authenticationRequest authenticationReject | authenticationRequest securityModeCommand registrationAccept]
Jul 30, 2026 9:37:41 PM org.slf4j.helpers.SubstituteLogger info
INFO: [registrationRequest deregistrationRequest | registrationRequest authenticationResponse securityModeComplete / authenticationRequest null_action | authenticationRequest securityModeCommand registrationAccept]
Jul 30, 2026 9:37:41 PM org.slf4j.helpers.SubstituteLogger info
INFO: [registrationRequest authenticationFailure | registrationRequest authenticationResponse securityModeComplete / authenticationRequest authenticationReject | authenticationRequest securityModeCommand registrationAccept]
Jul 30, 2026 9:37:41 PM org.slf4j.helpers.SubstituteLogger info
INFO: [registrationComplete | registrationRequest authenticationResponse securityModeComplete / null_action | authenticationRequest securityModeCommand registrationAccept]
Jul 30, 2026 9:37:41 PM org.slf4j.helpers.SubstituteLogger info
INFO: [deregistrationRequest | registrationRequest authenticationResponse securityModeComplete / null_action | authenticationRequest securityModeCommand registrationAccept]
Jul 30, 2026 9:37:41 PM org.slf4j.helpers.SubstituteLogger info
INFO: [serviceRequest | registrationRequest authenticationResponse securityModeComplete / null_action | authenticationRequest securityModeCommand registrationAccept]
Jul 30, 2026 9:37:54 PM org.slf4j.helpers.SubstituteLogger info
INFO: [securityModeComplete | registrationRequest authenticationResponse securityModeComplete / null_action | authenticationRequest securityModeCommand registrationAccept]
Jul 30, 2026 9:37:54 PM org.slf4j.helpers.SubstituteLogger info
INFO: [identityResponse | registrationRequest authenticationResponse securityModeComplete / null_action | authenticationRequest securityModeCommand registrationAccept]
Jul 30, 2026 9:37:54 PM org.slf4j.helpers.SubstituteLogger info
INFO: [configurationUpdateComplete | registrationRequest authenticationResponse securityModeComplete / null_action | authenticationRequest securityModeCommand registrationAccept]
Jul 30, 2026 9:38:45 PM org.slf4j.helpers.SubstituteLogger info
INFO: [registrationRequest authenticationResponse deregistrationRequest | registrationRequest authenticationResponse securityModeComplete / authenticationRequest securityModeCommand null_action | authenticationRequest securityModeCommand registrationAccept]
Jul 30, 2026 9:38:58 PM org.slf4j.helpers.SubstituteLogger info
INFO: [registrationRequest authenticationResponse securityModeComplete serviceRequest | registrationRequest authenticationResponse securityModeComplete / authenticationRequest securityModeCommand registrationAccept serviceReject | authenticationRequest securityModeCommand registrationAccept]
Jul 30, 2026 9:38:58 PM org.slf4j.helpers.SubstituteLogger info
INFO: [registrationRequest authenticationResponse securityModeComplete deregistrationRequest | registrationRequest authenticationResponse securityModeComplete / authenticationRequest securityModeCommand registrationAccept null_action | authenticationRequest securityModeCommand registrationAccept]
Jul 30, 2026 9:39:09 PM org.slf4j.helpers.SubstituteLogger info
INFO: [registrationRequestGUTI deregistrationRequest | registrationRequest authenticationResponse securityModeComplete / identityRequest null_action | authenticationRequest securityModeCommand registrationAccept]
Jul 30, 2026 9:39:25 PM org.slf4j.helpers.SubstituteLogger info
INFO: [registrationRequest authenticationResponse securityModeReject deregistrationRequest | registrationRequest authenticationResponse securityModeComplete / authenticationRequest securityModeCommand null_action null_action | authenticationRequest securityModeCommand registrationAccept]
Jul 30, 2026 9:50:08 PM org.slf4j.helpers.SubstituteLogger info
INFO: [registrationRequest authenticationResponse securityModeComplete | registrationComplete deregistrationRequest registrationRequest authenticationResponse securityModeComplete / authenticationRequest securityModeCommand registrationAccept | configurationUpdateCommand null_action authenticationRequest securityModeCommand registrationAccept]
Jul 30, 2026 9:50:08 PM org.slf4j.helpers.SubstituteLogger info
INFO: [registrationRequest authenticationResponse securityModeReject registrationRequest authenticationResponse | registrationRequest authenticationResponse securityModeComplete / authenticationRequest securityModeCommand null_action authenticationRequest securityModeCommand | authenticationRequest securityModeCommand null_action]
Jul 30, 2026 9:50:08 PM org.slf4j.helpers.SubstituteLogger info
INFO: [registrationRequest authenticationResponse securityModeComplete registrationComplete | deregistrationRequest registrationRequest authenticationResponse securityModeComplete / authenticationRequest securityModeCommand registrationAccept configurationUpdateCommand | null_action authenticationRequest securityModeCommand registrationAccept]
Jul 30, 2026 9:50:08 PM org.slf4j.helpers.SubstituteLogger info
INFO: [registrationRequest authenticationResponse securityModeComplete registrationComplete deregistrationRequest | registrationRequest / authenticationRequest securityModeCommand registrationAccept configurationUpdateCommand null_action | authenticationRequest]
Jul 30, 2026 9:50:08 PM org.slf4j.helpers.SubstituteLogger info
INFO: [registrationRequest authenticationResponse securityModeComplete registrationComplete deregistrationRequest | registrationRequestGUTI / authenticationRequest securityModeCommand registrationAccept configurationUpdateCommand null_action | authenticationRequest]
Jul 30, 2026 9:50:21 PM org.slf4j.helpers.SubstituteLogger info
INFO: [registrationRequest authenticationResponse securityModeComplete registrationComplete deregistrationRequest | registrationComplete / authenticationRequest securityModeCommand registrationAccept configurationUpdateCommand null_action | null_action]
Jul 30, 2026 9:50:39 PM org.slf4j.helpers.SubstituteLogger info
INFO: [registrationRequest authenticationResponse securityModeComplete registrationComplete deregistrationRequest | deregistrationRequest / authenticationRequest securityModeCommand registrationAccept configurationUpdateCommand null_action | null_action]
Jul 30, 2026 9:50:52 PM org.slf4j.helpers.SubstituteLogger info
INFO: [registrationRequest authenticationResponse securityModeComplete registrationComplete deregistrationRequest | serviceRequest / authenticationRequest securityModeCommand registrationAccept configurationUpdateCommand null_action | null_action]
Jul 30, 2026 9:51:07 PM org.slf4j.helpers.SubstituteLogger info
INFO: [registrationRequest authenticationResponse securityModeComplete registrationComplete deregistrationRequest | securityModeReject / authenticationRequest securityModeCommand registrationAccept configurationUpdateCommand null_action | null_action]
Jul 30, 2026 9:51:07 PM org.slf4j.helpers.SubstituteLogger info
INFO: [registrationRequest authenticationResponse securityModeComplete registrationComplete deregistrationRequest | authenticationResponse / authenticationRequest securityModeCommand registrationAccept configurationUpdateCommand null_action | null_action]
Jul 30, 2026 9:51:22 PM org.slf4j.helpers.SubstituteLogger info
INFO: [registrationRequest authenticationResponse securityModeComplete registrationComplete deregistrationRequest | authenticationFailure / authenticationRequest securityModeCommand registrationAccept configurationUpdateCommand null_action | null_action]
Jul 30, 2026 9:51:38 PM org.slf4j.helpers.SubstituteLogger info
INFO: [registrationRequest authenticationResponse securityModeComplete registrationComplete deregistrationRequest | deregistrationAccept / authenticationRequest securityModeCommand registrationAccept configurationUpdateCommand null_action | null_action]
Jul 30, 2026 9:51:38 PM org.slf4j.helpers.SubstituteLogger info
INFO: [registrationRequest authenticationResponse securityModeComplete registrationComplete deregistrationRequest | securityModeComplete / authenticationRequest securityModeCommand registrationAccept configurationUpdateCommand null_action | null_action]
Jul 30, 2026 9:51:51 PM org.slf4j.helpers.SubstituteLogger info
INFO: [registrationRequest authenticationResponse securityModeComplete registrationComplete deregistrationRequest | identityResponse / authenticationRequest securityModeCommand registrationAccept configurationUpdateCommand null_action | null_action]
Jul 30, 2026 9:52:44 PM org.slf4j.helpers.SubstituteLogger info
INFO: [registrationRequest authenticationResponse securityModeComplete registrationComplete deregistrationRequest | configurationUpdateComplete / authenticationRequest securityModeCommand registrationAccept configurationUpdateCommand null_action | null_action]
Jul 30, 2026 9:53:00 PM org.slf4j.helpers.SubstituteLogger info
INFO: [registrationRequest authenticationResponse securityModeComplete registrationComplete deregistrationRequest configurationUpdateComplete | registrationRequestGUTI / authenticationRequest securityModeCommand registrationAccept configurationUpdateCommand null_action null_action | authenticationRequest]
Jul 30, 2026 9:53:14 PM org.slf4j.helpers.SubstituteLogger info
INFO: [registrationRequest authenticationResponse securityModeComplete registrationComplete deregistrationRequest identityResponse | registrationRequestGUTI / authenticationRequest securityModeCommand registrationAccept configurationUpdateCommand null_action null_action | authenticationRequest]
Jul 30, 2026 9:53:30 PM org.slf4j.helpers.SubstituteLogger info
INFO: [registrationRequest authenticationResponse securityModeComplete registrationComplete deregistrationRequest securityModeComplete | registrationRequestGUTI / authenticationRequest securityModeCommand registrationAccept configurationUpdateCommand null_action null_action | authenticationRequest]
Jul 30, 2026 9:53:47 PM org.slf4j.helpers.SubstituteLogger info
INFO: [registrationRequest authenticationResponse securityModeComplete registrationComplete deregistrationRequest deregistrationAccept | registrationRequestGUTI / authenticationRequest securityModeCommand registrationAccept configurationUpdateCommand null_action null_action | null_action]
Jul 30, 2026 9:54:05 PM org.slf4j.helpers.SubstituteLogger info
INFO: [registrationRequest authenticationResponse securityModeComplete registrationComplete deregistrationRequest authenticationFailure | registrationRequestGUTI / authenticationRequest securityModeCommand registrationAccept configurationUpdateCommand null_action null_action | null_action]
Jul 30, 2026 9:54:23 PM org.slf4j.helpers.SubstituteLogger info
INFO: [registrationRequest authenticationResponse securityModeComplete registrationComplete deregistrationRequest authenticationResponse | registrationRequestGUTI / authenticationRequest securityModeCommand registrationAccept configurationUpdateCommand null_action null_action | null_action]
Jul 30, 2026 9:54:41 PM org.slf4j.helpers.SubstituteLogger info
INFO: [registrationRequest authenticationResponse securityModeComplete registrationComplete deregistrationRequest securityModeReject | registrationRequestGUTI / authenticationRequest securityModeCommand registrationAccept configurationUpdateCommand null_action null_action | null_action]
Jul 30, 2026 9:54:55 PM org.slf4j.helpers.SubstituteLogger info
INFO: [registrationRequest authenticationResponse securityModeComplete registrationComplete deregistrationRequest serviceRequest | registrationRequestGUTI / authenticationRequest securityModeCommand registrationAccept configurationUpdateCommand null_action null_action | authenticationRequest]
Jul 30, 2026 9:55:10 PM org.slf4j.helpers.SubstituteLogger info
INFO: [registrationRequest authenticationResponse securityModeComplete registrationComplete deregistrationRequest deregistrationRequest | registrationRequestGUTI / authenticationRequest securityModeCommand registrationAccept configurationUpdateCommand null_action null_action | authenticationRequest]
Jul 30, 2026 9:55:49 PM org.slf4j.helpers.SubstituteLogger info
INFO: [registrationRequest authenticationResponse securityModeComplete registrationComplete deregistrationRequest registrationComplete | registrationRequestGUTI / authenticationRequest securityModeCommand registrationAccept configurationUpdateCommand null_action null_action | authenticationRequest]
Jul 30, 2026 9:56:03 PM org.slf4j.helpers.SubstituteLogger info
INFO: [registrationRequest authenticationResponse securityModeComplete registrationComplete deregistrationRequest registrationRequestGUTI | registrationRequestGUTI / authenticationRequest securityModeCommand registrationAccept configurationUpdateCommand null_action authenticationRequest | authenticationRequest]
Jul 30, 2026 9:56:16 PM org.slf4j.helpers.SubstituteLogger info
INFO: [registrationRequest authenticationResponse securityModeComplete registrationComplete deregistrationRequest registrationRequest | registrationRequestGUTI / authenticationRequest securityModeCommand registrationAccept configurationUpdateCommand null_action authenticationRequest | authenticationRequest]
Jul 30, 2026 9:56:32 PM org.slf4j.helpers.SubstituteLogger info
INFO: [registrationRequest authenticationResponse securityModeComplete registrationComplete deregistrationRequest configurationUpdateComplete | authenticationResponse / authenticationRequest securityModeCommand registrationAccept configurationUpdateCommand null_action null_action | null_action]
Jul 30, 2026 9:56:50 PM org.slf4j.helpers.SubstituteLogger info
INFO: [registrationRequest authenticationResponse securityModeComplete registrationComplete deregistrationRequest identityResponse | authenticationResponse / authenticationRequest securityModeCommand registrationAccept configurationUpdateCommand null_action null_action | null_action]
Jul 30, 2026 9:57:08 PM org.slf4j.helpers.SubstituteLogger info
INFO: [registrationRequest authenticationResponse securityModeComplete registrationComplete deregistrationRequest securityModeComplete | authenticationResponse / authenticationRequest securityModeCommand registrationAccept configurationUpdateCommand null_action null_action | null_action]
Jul 30, 2026 9:57:27 PM org.slf4j.helpers.SubstituteLogger info
INFO: [registrationRequest authenticationResponse securityModeComplete registrationComplete deregistrationRequest deregistrationAccept | registrationRequest / authenticationRequest securityModeCommand registrationAccept configurationUpdateCommand null_action null_action | null_action]
Jul 30, 2026 9:57:49 PM org.slf4j.helpers.SubstituteLogger info
INFO: [registrationRequest authenticationResponse securityModeComplete registrationComplete deregistrationRequest authenticationFailure | registrationRequest / authenticationRequest securityModeCommand registrationAccept configurationUpdateCommand null_action null_action | null_action]
Jul 30, 2026 9:58:07 PM org.slf4j.helpers.SubstituteLogger info
INFO: [registrationRequest authenticationResponse securityModeComplete registrationComplete deregistrationRequest authenticationResponse | registrationRequest / authenticationRequest securityModeCommand registrationAccept configurationUpdateCommand null_action null_action | null_action]
Jul 30, 2026 9:58:27 PM org.slf4j.helpers.SubstituteLogger info
INFO: [registrationRequest authenticationResponse securityModeComplete registrationComplete deregistrationRequest securityModeReject | registrationRequest / authenticationRequest securityModeCommand registrationAccept configurationUpdateCommand null_action null_action | null_action]
Jul 30, 2026 9:59:07 PM org.slf4j.helpers.SubstituteLogger info
INFO: [registrationRequest authenticationResponse securityModeComplete registrationComplete deregistrationRequest serviceRequest | authenticationResponse / authenticationRequest securityModeCommand registrationAccept configurationUpdateCommand null_action null_action | null_action]
Jul 30, 2026 9:59:27 PM org.slf4j.helpers.SubstituteLogger info
INFO: [registrationRequest authenticationResponse securityModeComplete registrationComplete deregistrationRequest deregistrationRequest | authenticationResponse / authenticationRequest securityModeCommand registrationAccept configurationUpdateCommand null_action null_action | null_action]
Jul 30, 2026 9:59:43 PM org.slf4j.helpers.SubstituteLogger info
INFO: [registrationRequest authenticationResponse securityModeComplete registrationComplete deregistrationRequest registrationComplete | authenticationResponse / authenticationRequest securityModeCommand registrationAccept configurationUpdateCommand null_action null_action | null_action]
Jul 30, 2026 9:59:57 PM org.slf4j.helpers.SubstituteLogger info
INFO: [registrationRequest authenticationResponse securityModeComplete registrationComplete deregistrationRequest registrationRequestGUTI | authenticationResponse / authenticationRequest securityModeCommand registrationAccept configurationUpdateCommand null_action authenticationRequest | securityModeCommand]
Jul 30, 2026 10:00:12 PM org.slf4j.helpers.SubstituteLogger info
INFO: [registrationRequest authenticationResponse securityModeComplete registrationComplete deregistrationRequest registrationRequest | authenticationResponse / authenticationRequest securityModeCommand registrationAccept configurationUpdateCommand null_action authenticationRequest | securityModeCommand]
Jul 30, 2026 10:00:28 PM org.slf4j.helpers.SubstituteLogger info
INFO: [registrationRequest authenticationResponse securityModeComplete registrationComplete deregistrationRequest configurationUpdateComplete | registrationRequest / authenticationRequest securityModeCommand registrationAccept configurationUpdateCommand null_action null_action | authenticationRequest]
Jul 30, 2026 10:00:42 PM org.slf4j.helpers.SubstituteLogger info
INFO: [registrationRequest authenticationResponse securityModeComplete registrationComplete deregistrationRequest identityResponse | registrationRequest / authenticationRequest securityModeCommand registrationAccept configurationUpdateCommand null_action null_action | authenticationRequest]
Jul 30, 2026 10:00:56 PM org.slf4j.helpers.SubstituteLogger info
INFO: [registrationRequest authenticationResponse securityModeComplete registrationComplete deregistrationRequest securityModeComplete | registrationRequest / authenticationRequest securityModeCommand registrationAccept configurationUpdateCommand null_action null_action | authenticationRequest]
Jul 30, 2026 10:01:10 PM org.slf4j.helpers.SubstituteLogger info
INFO: [registrationRequest authenticationResponse securityModeComplete registrationComplete deregistrationRequest serviceRequest | registrationRequest / authenticationRequest securityModeCommand registrationAccept configurationUpdateCommand null_action null_action | authenticationRequest]
Jul 30, 2026 10:01:29 PM org.slf4j.helpers.SubstituteLogger info
INFO: [registrationRequest authenticationResponse securityModeComplete registrationComplete deregistrationRequest deregistrationRequest | registrationRequest / authenticationRequest securityModeCommand registrationAccept configurationUpdateCommand null_action null_action | authenticationRequest]
Jul 30, 2026 10:01:29 PM org.slf4j.helpers.SubstituteLogger info
INFO: [registrationRequest authenticationResponse securityModeComplete registrationComplete deregistrationRequest registrationComplete | registrationRequest / authenticationRequest securityModeCommand registrationAccept configurationUpdateCommand null_action null_action | authenticationRequest]
Jul 30, 2026 10:02:22 PM org.slf4j.helpers.SubstituteLogger info
INFO: [registrationRequest authenticationResponse securityModeComplete registrationComplete deregistrationRequest registrationRequestGUTI | authenticationResponse securityModeComplete / authenticationRequest securityModeCommand registrationAccept configurationUpdateCommand null_action authenticationRequest | securityModeCommand registrationAccept]
Jul 30, 2026 10:02:23 PM org.slf4j.helpers.SubstituteLogger info
INFO: [registrationRequest authenticationResponse securityModeComplete registrationComplete deregistrationRequest registrationRequest | authenticationResponse securityModeComplete / authenticationRequest securityModeCommand registrationAccept configurationUpdateCommand null_action authenticationRequest | securityModeCommand registrationAccept]
Jul 30, 2026 10:02:40 PM org.slf4j.helpers.SubstituteLogger info
INFO: [registrationRequest authenticationResponse securityModeComplete registrationComplete deregistrationRequest configurationUpdateComplete | securityModeComplete / authenticationRequest securityModeCommand registrationAccept configurationUpdateCommand null_action null_action | null_action]
Jul 30, 2026 10:02:56 PM org.slf4j.helpers.SubstituteLogger info
INFO: [registrationRequest authenticationResponse securityModeComplete registrationComplete deregistrationRequest identityResponse | securityModeComplete / authenticationRequest securityModeCommand registrationAccept configurationUpdateCommand null_action null_action | null_action]
Jul 30, 2026 10:03:10 PM org.slf4j.helpers.SubstituteLogger info
INFO: [registrationRequest authenticationResponse securityModeComplete registrationComplete deregistrationRequest securityModeComplete | securityModeComplete / authenticationRequest securityModeCommand registrationAccept configurationUpdateCommand null_action null_action | null_action]
Jul 30, 2026 10:03:24 PM org.slf4j.helpers.SubstituteLogger info
INFO: [registrationRequest authenticationResponse securityModeComplete registrationComplete deregistrationRequest serviceRequest | securityModeComplete / authenticationRequest securityModeCommand registrationAccept configurationUpdateCommand null_action null_action | null_action]
Jul 30, 2026 10:03:39 PM org.slf4j.helpers.SubstituteLogger info
INFO: [registrationRequest authenticationResponse securityModeComplete registrationComplete deregistrationRequest deregistrationRequest | securityModeComplete / authenticationRequest securityModeCommand registrationAccept configurationUpdateCommand null_action null_action | null_action]
Jul 30, 2026 10:03:57 PM org.slf4j.helpers.SubstituteLogger info
INFO: [registrationRequest authenticationResponse securityModeComplete registrationComplete deregistrationRequest registrationComplete | securityModeComplete / authenticationRequest securityModeCommand registrationAccept configurationUpdateCommand null_action null_action | null_action]
Jul 30, 2026 10:04:14 PM org.slf4j.helpers.SubstituteLogger info
INFO: [registrationRequest authenticationResponse securityModeComplete registrationComplete deregistrationRequest registrationComplete | deregistrationRequest registrationRequestGUTI / authenticationRequest securityModeCommand registrationAccept configurationUpdateCommand null_action null_action | null_action authenticationRequest]
Jul 30, 2026 10:04:33 PM org.slf4j.helpers.SubstituteLogger info
INFO: [registrationRequest authenticationResponse securityModeComplete registrationComplete deregistrationRequest deregistrationRequest | deregistrationRequest registrationRequestGUTI / authenticationRequest securityModeCommand registrationAccept configurationUpdateCommand null_action null_action | null_action authenticationRequest]
Jul 30, 2026 10:04:49 PM org.slf4j.helpers.SubstituteLogger info
INFO: [registrationRequest authenticationResponse securityModeComplete registrationComplete deregistrationRequest serviceRequest | deregistrationRequest registrationRequestGUTI / authenticationRequest securityModeCommand registrationAccept configurationUpdateCommand null_action null_action | null_action authenticationRequest]
Jul 30, 2026 10:05:31 PM org.slf4j.helpers.SubstituteLogger info
INFO: [registrationRequest authenticationResponse securityModeComplete registrationComplete deregistrationRequest securityModeComplete | deregistrationRequest registrationRequestGUTI / authenticationRequest securityModeCommand registrationAccept configurationUpdateCommand null_action null_action | null_action authenticationRequest]
Jul 30, 2026 10:05:48 PM org.slf4j.helpers.SubstituteLogger info
INFO: [registrationRequest authenticationResponse securityModeComplete registrationComplete deregistrationRequest identityResponse | deregistrationRequest registrationRequestGUTI / authenticationRequest securityModeCommand registrationAccept configurationUpdateCommand null_action null_action | null_action authenticationRequest]
Jul 30, 2026 10:06:05 PM org.slf4j.helpers.SubstituteLogger info
INFO: [registrationRequest authenticationResponse securityModeComplete registrationComplete deregistrationRequest configurationUpdateComplete | deregistrationRequest registrationRequestGUTI / authenticationRequest securityModeCommand registrationAccept configurationUpdateCommand null_action null_action | null_action authenticationRequest]
Jul 30, 2026 10:06:22 PM org.slf4j.helpers.SubstituteLogger info
INFO: [registrationRequest authenticationResponse securityModeReject registrationRequest authenticationResponse registrationRequestGUTI authenticationResponse | deregistrationRequest registrationRequestGUTI / authenticationRequest securityModeCommand null_action authenticationRequest securityModeCommand authenticationRequest securityModeCommand | null_action identityRequest]
Jul 30, 2026 10:06:22 PM org.slf4j.helpers.SubstituteLogger info
INFO: [registrationRequest authenticationResponse securityModeComplete registrationComplete deregistrationRequest | deregistrationRequest registrationRequestGUTI / authenticationRequest securityModeCommand registrationAccept configurationUpdateCommand null_action | null_action authenticationRequest]
Jul 30, 2026 10:06:41 PM org.slf4j.helpers.SubstituteLogger info
INFO: [registrationRequest authenticationResponse securityModeReject registrationRequest authenticationResponse configurationUpdateComplete | deregistrationRequest registrationRequestGUTI / authenticationRequest securityModeCommand null_action authenticationRequest securityModeCommand null_action | null_action identityRequest]
Jul 30, 2026 10:07:02 PM org.slf4j.helpers.SubstituteLogger info
INFO: [registrationRequest authenticationResponse securityModeReject registrationRequest authenticationResponse identityResponse | deregistrationRequest registrationRequestGUTI / authenticationRequest securityModeCommand null_action authenticationRequest securityModeCommand null_action | null_action identityRequest]
Jul 30, 2026 10:07:21 PM org.slf4j.helpers.SubstituteLogger info
INFO: [registrationRequest authenticationResponse securityModeReject registrationRequest authenticationResponse securityModeComplete | deregistrationRequest registrationRequestGUTI / authenticationRequest securityModeCommand null_action authenticationRequest securityModeCommand null_action | null_action identityRequest]
Jul 30, 2026 10:07:40 PM org.slf4j.helpers.SubstituteLogger info
INFO: [registrationRequest authenticationResponse securityModeReject registrationRequest authenticationResponse deregistrationAccept | deregistrationRequest registrationRequestGUTI / authenticationRequest securityModeCommand null_action authenticationRequest securityModeCommand null_action | null_action identityRequest]
Jul 30, 2026 10:07:58 PM org.slf4j.helpers.SubstituteLogger info
INFO: [registrationRequest authenticationResponse securityModeReject registrationRequest authenticationResponse authenticationFailure | deregistrationRequest registrationRequestGUTI / authenticationRequest securityModeCommand null_action authenticationRequest securityModeCommand null_action | null_action identityRequest]
Jul 30, 2026 10:08:19 PM org.slf4j.helpers.SubstituteLogger info
INFO: [registrationRequest authenticationResponse securityModeReject registrationRequest authenticationResponse authenticationResponse | deregistrationRequest registrationRequestGUTI / authenticationRequest securityModeCommand null_action authenticationRequest securityModeCommand null_action | null_action identityRequest]
Jul 30, 2026 10:09:01 PM org.slf4j.helpers.SubstituteLogger info
INFO: [registrationRequest authenticationResponse securityModeReject registrationRequest authenticationResponse serviceRequest | deregistrationRequest registrationRequestGUTI / authenticationRequest securityModeCommand null_action authenticationRequest securityModeCommand null_action | null_action identityRequest]
Jul 30, 2026 10:09:19 PM org.slf4j.helpers.SubstituteLogger info
INFO: [registrationRequest authenticationResponse securityModeReject registrationRequest authenticationResponse registrationComplete | deregistrationRequest registrationRequestGUTI / authenticationRequest securityModeCommand null_action authenticationRequest securityModeCommand null_action | null_action identityRequest]
Jul 30, 2026 10:11:32 PM org.slf4j.helpers.SubstituteLogger info
INFO: [registrationRequest authenticationResponse securityModeComplete | registrationComplete deregistrationRequest registrationRequest deregistrationRequest registrationRequestGUTI / authenticationRequest securityModeCommand registrationAccept | configurationUpdateCommand null_action authenticationRequest null_action authenticationRequest]
Jul 30, 2026 10:11:32 PM org.slf4j.helpers.SubstituteLogger info
INFO: [registrationRequest authenticationResponse securityModeComplete registrationComplete deregistrationRequest | registrationRequest deregistrationRequest registrationRequestGUTI / authenticationRequest securityModeCommand registrationAccept configurationUpdateCommand null_action | authenticationRequest null_action authenticationRequest]
Jul 30, 2026 10:11:32 PM org.slf4j.helpers.SubstituteLogger info
INFO: [registrationRequest | deregistrationRequest registrationRequestGUTI / authenticationRequest | null_action identityRequest]
Jul 30, 2026 10:11:32 PM org.slf4j.helpers.SubstituteLogger info
INFO: [registrationRequest authenticationResponse securityModeComplete registrationComplete deregistrationRequest registrationRequest | registrationRequest / authenticationRequest securityModeCommand registrationAccept configurationUpdateCommand null_action authenticationRequest | authenticationRequest]
Jul 30, 2026 10:11:32 PM org.slf4j.helpers.SubstituteLogger info
INFO: [registrationRequest authenticationResponse securityModeComplete registrationComplete deregistrationRequest registrationRequest | registrationRequestGUTI / authenticationRequest securityModeCommand registrationAccept configurationUpdateCommand null_action authenticationRequest | authenticationRequest]
Jul 30, 2026 10:12:24 PM org.slf4j.helpers.SubstituteLogger info
INFO: [registrationRequest authenticationResponse securityModeComplete registrationComplete deregistrationRequest registrationRequest | registrationComplete / authenticationRequest securityModeCommand registrationAccept configurationUpdateCommand null_action authenticationRequest | null_action]
Jul 30, 2026 10:12:40 PM org.slf4j.helpers.SubstituteLogger info
INFO: [registrationRequest authenticationResponse securityModeComplete registrationComplete deregistrationRequest registrationRequest | deregistrationRequest / authenticationRequest securityModeCommand registrationAccept configurationUpdateCommand null_action authenticationRequest | null_action]
Jul 30, 2026 10:12:56 PM org.slf4j.helpers.SubstituteLogger info
INFO: [registrationRequest authenticationResponse securityModeComplete registrationComplete deregistrationRequest registrationRequest | serviceRequest / authenticationRequest securityModeCommand registrationAccept configurationUpdateCommand null_action authenticationRequest | null_action]
Jul 30, 2026 10:13:11 PM org.slf4j.helpers.SubstituteLogger info
INFO: [registrationRequest authenticationResponse securityModeComplete registrationComplete deregistrationRequest registrationRequest | securityModeReject / authenticationRequest securityModeCommand registrationAccept configurationUpdateCommand null_action authenticationRequest | null_action]
Jul 30, 2026 10:13:11 PM org.slf4j.helpers.SubstituteLogger info
INFO: [registrationRequest authenticationResponse securityModeComplete registrationComplete deregistrationRequest registrationRequest | authenticationResponse / authenticationRequest securityModeCommand registrationAccept configurationUpdateCommand null_action authenticationRequest | securityModeCommand]
Jul 30, 2026 10:13:25 PM org.slf4j.helpers.SubstituteLogger info
INFO: [registrationRequest authenticationResponse securityModeComplete registrationComplete deregistrationRequest registrationRequest | authenticationFailure / authenticationRequest securityModeCommand registrationAccept configurationUpdateCommand null_action authenticationRequest | authenticationReject]
Jul 30, 2026 10:13:41 PM org.slf4j.helpers.SubstituteLogger info
INFO: [registrationRequest authenticationResponse securityModeComplete registrationComplete deregistrationRequest registrationRequest | deregistrationAccept / authenticationRequest securityModeCommand registrationAccept configurationUpdateCommand null_action authenticationRequest | null_action]
Jul 30, 2026 10:13:41 PM org.slf4j.helpers.SubstituteLogger info
INFO: [registrationRequest authenticationResponse securityModeComplete registrationComplete deregistrationRequest registrationRequest | securityModeComplete / authenticationRequest securityModeCommand registrationAccept configurationUpdateCommand null_action authenticationRequest | null_action]
Jul 30, 2026 10:13:59 PM org.slf4j.helpers.SubstituteLogger info
INFO: [registrationRequest authenticationResponse securityModeComplete registrationComplete deregistrationRequest registrationRequest | identityResponse / authenticationRequest securityModeCommand registrationAccept configurationUpdateCommand null_action authenticationRequest | null_action]
Jul 30, 2026 10:14:12 PM org.slf4j.helpers.SubstituteLogger info
INFO: [registrationRequest authenticationResponse securityModeComplete registrationComplete deregistrationRequest registrationRequest | configurationUpdateComplete / authenticationRequest securityModeCommand registrationAccept configurationUpdateCommand null_action authenticationRequest | null_action]
Jul 30, 2026 10:14:27 PM org.slf4j.helpers.SubstituteLogger info
INFO: [registrationRequest authenticationResponse securityModeComplete registrationComplete deregistrationRequest registrationRequest configurationUpdateComplete | registrationRequestGUTI / authenticationRequest securityModeCommand registrationAccept configurationUpdateCommand null_action authenticationRequest null_action | authenticationRequest]
Jul 30, 2026 10:14:44 PM org.slf4j.helpers.SubstituteLogger info
INFO: [registrationRequest authenticationResponse securityModeComplete registrationComplete deregistrationRequest registrationRequest identityResponse | registrationRequestGUTI / authenticationRequest securityModeCommand registrationAccept configurationUpdateCommand null_action authenticationRequest null_action | authenticationRequest]
Jul 30, 2026 10:15:24 PM org.slf4j.helpers.SubstituteLogger info
INFO: [registrationRequest authenticationResponse securityModeComplete registrationComplete deregistrationRequest registrationRequest securityModeComplete | registrationRequestGUTI / authenticationRequest securityModeCommand registrationAccept configurationUpdateCommand null_action authenticationRequest null_action | authenticationRequest]
Jul 30, 2026 10:15:41 PM org.slf4j.helpers.SubstituteLogger info
INFO: [registrationRequest authenticationResponse securityModeComplete registrationComplete deregistrationRequest registrationRequest deregistrationAccept | registrationRequestGUTI / authenticationRequest securityModeCommand registrationAccept configurationUpdateCommand null_action authenticationRequest null_action | authenticationRequest]
Jul 30, 2026 10:15:55 PM org.slf4j.helpers.SubstituteLogger info
INFO: [registrationRequest authenticationResponse securityModeComplete registrationComplete deregistrationRequest registrationRequest authenticationFailure | registrationRequestGUTI / authenticationRequest securityModeCommand registrationAccept configurationUpdateCommand null_action authenticationRequest authenticationReject | identityRequest]
Jul 30, 2026 10:16:12 PM org.slf4j.helpers.SubstituteLogger info
INFO: [registrationRequest authenticationResponse securityModeComplete registrationComplete deregistrationRequest registrationRequest authenticationResponse | registrationRequestGUTI / authenticationRequest securityModeCommand registrationAccept configurationUpdateCommand null_action authenticationRequest securityModeCommand | authenticationRequest]
Jul 30, 2026 10:16:29 PM org.slf4j.helpers.SubstituteLogger info
INFO: [registrationRequest authenticationResponse securityModeComplete registrationComplete deregistrationRequest registrationRequest securityModeReject | registrationRequestGUTI / authenticationRequest securityModeCommand registrationAccept configurationUpdateCommand null_action authenticationRequest null_action | authenticationRequest]
Jul 30, 2026 10:16:44 PM org.slf4j.helpers.SubstituteLogger info
INFO: [registrationRequest authenticationResponse securityModeComplete registrationComplete deregistrationRequest registrationRequest serviceRequest | registrationRequestGUTI / authenticationRequest securityModeCommand registrationAccept configurationUpdateCommand null_action authenticationRequest null_action | authenticationRequest]
Jul 30, 2026 10:16:44 PM org.slf4j.helpers.SubstituteLogger info
INFO: [registrationRequest authenticationResponse securityModeComplete registrationComplete deregistrationRequest registrationRequest deregistrationRequest | registrationRequestGUTI / authenticationRequest securityModeCommand registrationAccept configurationUpdateCommand null_action authenticationRequest null_action | authenticationRequest]
Jul 30, 2026 10:16:59 PM org.slf4j.helpers.SubstituteLogger info
INFO: [registrationRequest authenticationResponse securityModeComplete registrationComplete deregistrationRequest registrationRequest registrationComplete | registrationRequestGUTI / authenticationRequest securityModeCommand registrationAccept configurationUpdateCommand null_action authenticationRequest null_action | authenticationRequest]
Jul 30, 2026 10:17:13 PM org.slf4j.helpers.SubstituteLogger info
INFO: [registrationRequest authenticationResponse securityModeComplete registrationComplete deregistrationRequest registrationRequest registrationRequestGUTI | registrationRequestGUTI / authenticationRequest securityModeCommand registrationAccept configurationUpdateCommand null_action authenticationRequest authenticationRequest | authenticationRequest]
Jul 30, 2026 10:17:28 PM org.slf4j.helpers.SubstituteLogger info
INFO: [registrationRequest authenticationResponse securityModeComplete registrationComplete deregistrationRequest registrationRequest registrationRequest | registrationRequestGUTI / authenticationRequest securityModeCommand registrationAccept configurationUpdateCommand null_action authenticationRequest authenticationRequest | authenticationRequest]
Jul 30, 2026 10:17:43 PM org.slf4j.helpers.SubstituteLogger info
INFO: [registrationRequest authenticationResponse securityModeComplete registrationComplete deregistrationRequest registrationRequest configurationUpdateComplete | authenticationResponse / authenticationRequest securityModeCommand registrationAccept configurationUpdateCommand null_action authenticationRequest null_action | securityModeCommand]
Jul 30, 2026 10:18:25 PM org.slf4j.helpers.SubstituteLogger info
INFO: [registrationRequest authenticationResponse securityModeComplete registrationComplete deregistrationRequest registrationRequest identityResponse | authenticationResponse / authenticationRequest securityModeCommand registrationAccept configurationUpdateCommand null_action authenticationRequest null_action | securityModeCommand]
Jul 30, 2026 10:18:41 PM org.slf4j.helpers.SubstituteLogger info
INFO: [registrationRequest authenticationResponse securityModeComplete registrationComplete deregistrationRequest registrationRequest securityModeComplete | authenticationResponse / authenticationRequest securityModeCommand registrationAccept configurationUpdateCommand null_action authenticationRequest null_action | securityModeCommand]
Jul 30, 2026 10:19:00 PM org.slf4j.helpers.SubstituteLogger info
INFO: [registrationRequest authenticationResponse securityModeComplete registrationComplete deregistrationRequest registrationRequest deregistrationAccept | authenticationResponse / authenticationRequest securityModeCommand registrationAccept configurationUpdateCommand null_action authenticationRequest null_action | securityModeCommand]
Jul 30, 2026 10:19:16 PM org.slf4j.helpers.SubstituteLogger info
INFO: [registrationRequest authenticationResponse securityModeComplete registrationComplete deregistrationRequest registrationRequest authenticationFailure | registrationComplete registrationRequestGUTI / authenticationRequest securityModeCommand registrationAccept configurationUpdateCommand null_action authenticationRequest authenticationReject | null_action identityRequest]
Jul 30, 2026 10:19:33 PM org.slf4j.helpers.SubstituteLogger info
INFO: [registrationRequest authenticationResponse securityModeComplete registrationComplete deregistrationRequest registrationRequest authenticationResponse | authenticationResponse / authenticationRequest securityModeCommand registrationAccept configurationUpdateCommand null_action authenticationRequest securityModeCommand | null_action]
Jul 30, 2026 10:19:51 PM org.slf4j.helpers.SubstituteLogger info
INFO: [registrationRequest authenticationResponse securityModeComplete registrationComplete deregistrationRequest registrationRequest securityModeReject | authenticationResponse / authenticationRequest securityModeCommand registrationAccept configurationUpdateCommand null_action authenticationRequest null_action | securityModeCommand]
Jul 30, 2026 10:20:06 PM org.slf4j.helpers.SubstituteLogger info
INFO: [registrationRequest authenticationResponse securityModeComplete registrationComplete deregistrationRequest registrationRequest serviceRequest | authenticationResponse / authenticationRequest securityModeCommand registrationAccept configurationUpdateCommand null_action authenticationRequest null_action | securityModeCommand]
Jul 30, 2026 10:20:25 PM org.slf4j.helpers.SubstituteLogger info
INFO: [registrationRequest authenticationResponse securityModeComplete registrationComplete deregistrationRequest registrationRequest deregistrationRequest | authenticationResponse / authenticationRequest securityModeCommand registrationAccept configurationUpdateCommand null_action authenticationRequest null_action | null_action]
Jul 30, 2026 10:20:40 PM org.slf4j.helpers.SubstituteLogger info
INFO: [registrationRequest authenticationResponse securityModeComplete registrationComplete deregistrationRequest registrationRequest registrationComplete | authenticationResponse / authenticationRequest securityModeCommand registrationAccept configurationUpdateCommand null_action authenticationRequest null_action | securityModeCommand]
Jul 30, 2026 10:20:57 PM org.slf4j.helpers.SubstituteLogger info
INFO: [registrationRequest authenticationResponse securityModeComplete registrationComplete deregistrationRequest registrationRequest registrationRequestGUTI | authenticationResponse / authenticationRequest securityModeCommand registrationAccept configurationUpdateCommand null_action authenticationRequest authenticationRequest | securityModeCommand]
Jul 30, 2026 10:21:50 PM org.slf4j.helpers.SubstituteLogger info
INFO: [registrationRequest authenticationResponse securityModeComplete registrationComplete deregistrationRequest registrationRequest registrationRequest | authenticationResponse / authenticationRequest securityModeCommand registrationAccept configurationUpdateCommand null_action authenticationRequest authenticationRequest | securityModeCommand]
Jul 30, 2026 10:22:06 PM org.slf4j.helpers.SubstituteLogger info
INFO: [registrationRequest authenticationResponse securityModeComplete registrationComplete deregistrationRequest registrationRequest configurationUpdateComplete | authenticationResponse securityModeComplete / authenticationRequest securityModeCommand registrationAccept configurationUpdateCommand null_action authenticationRequest null_action | securityModeCommand registrationAccept]
Jul 30, 2026 10:22:23 PM org.slf4j.helpers.SubstituteLogger info
INFO: [registrationRequest authenticationResponse securityModeComplete registrationComplete deregistrationRequest registrationRequest identityResponse | authenticationResponse securityModeComplete / authenticationRequest securityModeCommand registrationAccept configurationUpdateCommand null_action authenticationRequest null_action | securityModeCommand registrationAccept]
Jul 30, 2026 10:22:39 PM org.slf4j.helpers.SubstituteLogger info
INFO: [registrationRequest authenticationResponse securityModeComplete registrationComplete deregistrationRequest registrationRequest securityModeComplete | authenticationResponse securityModeComplete / authenticationRequest securityModeCommand registrationAccept configurationUpdateCommand null_action authenticationRequest null_action | securityModeCommand registrationAccept]
Jul 30, 2026 10:22:57 PM org.slf4j.helpers.SubstituteLogger info
INFO: [registrationRequest authenticationResponse securityModeComplete registrationComplete deregistrationRequest registrationRequest deregistrationAccept | authenticationResponse securityModeComplete / authenticationRequest securityModeCommand registrationAccept configurationUpdateCommand null_action authenticationRequest null_action | securityModeCommand registrationAccept]
Jul 30, 2026 10:23:16 PM org.slf4j.helpers.SubstituteLogger info
INFO: [registrationRequest authenticationResponse securityModeComplete registrationComplete deregistrationRequest registrationRequest authenticationFailure | registrationRequest authenticationResponse securityModeComplete / authenticationRequest securityModeCommand registrationAccept configurationUpdateCommand null_action authenticationRequest authenticationReject | authenticationRequest securityModeCommand registrationAccept]
Jul 30, 2026 10:23:33 PM org.slf4j.helpers.SubstituteLogger info
INFO: [registrationRequest authenticationResponse securityModeComplete registrationComplete deregistrationRequest registrationRequest authenticationResponse | registrationRequest / authenticationRequest securityModeCommand registrationAccept configurationUpdateCommand null_action authenticationRequest securityModeCommand | authenticationRequest]
Jul 30, 2026 10:23:53 PM org.slf4j.helpers.SubstituteLogger info
INFO: [registrationRequest authenticationResponse securityModeComplete registrationComplete deregistrationRequest registrationRequest securityModeReject | authenticationResponse securityModeComplete / authenticationRequest securityModeCommand registrationAccept configurationUpdateCommand null_action authenticationRequest null_action | securityModeCommand registrationAccept]
Jul 30, 2026 10:24:08 PM org.slf4j.helpers.SubstituteLogger info
INFO: [registrationRequest authenticationResponse securityModeComplete registrationComplete deregistrationRequest registrationRequest serviceRequest | authenticationResponse securityModeComplete / authenticationRequest securityModeCommand registrationAccept configurationUpdateCommand null_action authenticationRequest null_action | securityModeCommand registrationAccept]
Jul 30, 2026 10:24:27 PM org.slf4j.helpers.SubstituteLogger info
INFO: [registrationRequest authenticationResponse securityModeComplete registrationComplete deregistrationRequest registrationRequest deregistrationRequest | registrationRequest / authenticationRequest securityModeCommand registrationAccept configurationUpdateCommand null_action authenticationRequest null_action | authenticationRequest]
Jul 30, 2026 10:25:08 PM org.slf4j.helpers.SubstituteLogger info
INFO: [registrationRequest authenticationResponse securityModeComplete registrationComplete deregistrationRequest registrationRequest registrationComplete | authenticationResponse securityModeComplete / authenticationRequest securityModeCommand registrationAccept configurationUpdateCommand null_action authenticationRequest null_action | securityModeCommand registrationAccept]
Jul 30, 2026 10:25:24 PM org.slf4j.helpers.SubstituteLogger info
INFO: [registrationRequest authenticationResponse securityModeComplete registrationComplete deregistrationRequest registrationRequest registrationRequestGUTI | authenticationResponse securityModeComplete / authenticationRequest securityModeCommand registrationAccept configurationUpdateCommand null_action authenticationRequest authenticationRequest | securityModeCommand registrationAccept]
Jul 30, 2026 10:25:39 PM org.slf4j.helpers.SubstituteLogger info
INFO: [registrationRequest authenticationResponse securityModeComplete registrationComplete deregistrationRequest registrationRequest registrationRequest | authenticationResponse securityModeComplete / authenticationRequest securityModeCommand registrationAccept configurationUpdateCommand null_action authenticationRequest authenticationRequest | securityModeCommand registrationAccept]
Jul 30, 2026 10:25:39 PM org.slf4j.helpers.SubstituteLogger info
INFO: [registrationRequest authenticationResponse securityModeComplete registrationComplete deregistrationRequest registrationRequest authenticationResponse | securityModeComplete / authenticationRequest securityModeCommand registrationAccept configurationUpdateCommand null_action authenticationRequest securityModeCommand | registrationAccept]
Jul 30, 2026 10:25:58 PM org.slf4j.helpers.SubstituteLogger info
INFO: [registrationRequest authenticationResponse securityModeComplete registrationComplete deregistrationRequest registrationRequest deregistrationRequest | securityModeComplete / authenticationRequest securityModeCommand registrationAccept configurationUpdateCommand null_action authenticationRequest null_action | null_action]
Jul 30, 2026 10:26:20 PM org.slf4j.helpers.SubstituteLogger info
INFO: [registrationRequest authenticationResponse securityModeComplete registrationComplete deregistrationRequest registrationRequest deregistrationRequest | deregistrationRequest registrationRequestGUTI / authenticationRequest securityModeCommand registrationAccept configurationUpdateCommand null_action authenticationRequest null_action | null_action authenticationRequest]
Jul 30, 2026 10:26:38 PM org.slf4j.helpers.SubstituteLogger info
INFO: [registrationRequest authenticationResponse securityModeComplete registrationComplete deregistrationRequest registrationRequest registrationRequest | deregistrationRequest registrationRequestGUTI / authenticationRequest securityModeCommand registrationAccept configurationUpdateCommand null_action authenticationRequest authenticationRequest | null_action authenticationRequest]
Jul 30, 2026 10:26:57 PM org.slf4j.helpers.SubstituteLogger info
INFO: [registrationRequest authenticationResponse securityModeComplete registrationComplete deregistrationRequest registrationRequest registrationRequestGUTI | deregistrationRequest registrationRequestGUTI / authenticationRequest securityModeCommand registrationAccept configurationUpdateCommand null_action authenticationRequest authenticationRequest | null_action authenticationRequest]
Jul 30, 2026 10:27:15 PM org.slf4j.helpers.SubstituteLogger info
INFO: [registrationRequest authenticationResponse securityModeComplete registrationComplete deregistrationRequest registrationRequest registrationComplete | deregistrationRequest registrationRequestGUTI / authenticationRequest securityModeCommand registrationAccept configurationUpdateCommand null_action authenticationRequest null_action | null_action authenticationRequest]
Jul 30, 2026 10:27:35 PM org.slf4j.helpers.SubstituteLogger info
INFO: [registrationRequest authenticationResponse securityModeComplete registrationComplete deregistrationRequest registrationRequest serviceRequest | deregistrationRequest registrationRequestGUTI / authenticationRequest securityModeCommand registrationAccept configurationUpdateCommand null_action authenticationRequest null_action | null_action authenticationRequest]
Jul 30, 2026 10:27:55 PM org.slf4j.helpers.SubstituteLogger info
INFO: [registrationRequest authenticationResponse securityModeComplete registrationComplete deregistrationRequest registrationRequest securityModeReject | deregistrationRequest registrationRequestGUTI / authenticationRequest securityModeCommand registrationAccept configurationUpdateCommand null_action authenticationRequest null_action | null_action authenticationRequest]
Jul 30, 2026 10:28:41 PM org.slf4j.helpers.SubstituteLogger info
INFO: [registrationRequest authenticationResponse securityModeComplete registrationComplete deregistrationRequest registrationRequest deregistrationAccept | deregistrationRequest registrationRequestGUTI / authenticationRequest securityModeCommand registrationAccept configurationUpdateCommand null_action authenticationRequest null_action | null_action authenticationRequest]
Jul 30, 2026 10:28:59 PM org.slf4j.helpers.SubstituteLogger info
INFO: [registrationRequest authenticationResponse securityModeComplete registrationComplete deregistrationRequest registrationRequest securityModeComplete | deregistrationRequest registrationRequestGUTI / authenticationRequest securityModeCommand registrationAccept configurationUpdateCommand null_action authenticationRequest null_action | null_action authenticationRequest]
Jul 30, 2026 10:29:21 PM org.slf4j.helpers.SubstituteLogger info
INFO: [registrationRequest authenticationResponse securityModeComplete registrationComplete deregistrationRequest registrationRequest identityResponse | deregistrationRequest registrationRequestGUTI / authenticationRequest securityModeCommand registrationAccept configurationUpdateCommand null_action authenticationRequest null_action | null_action authenticationRequest]
Jul 30, 2026 10:29:39 PM org.slf4j.helpers.SubstituteLogger info
INFO: [registrationRequest authenticationResponse securityModeComplete registrationComplete deregistrationRequest registrationRequest configurationUpdateComplete | deregistrationRequest registrationRequestGUTI / authenticationRequest securityModeCommand registrationAccept configurationUpdateCommand null_action authenticationRequest null_action | null_action authenticationRequest]
Jul 30, 2026 10:29:56 PM org.slf4j.helpers.SubstituteLogger info
INFO: [registrationRequest authenticationResponse securityModeComplete registrationComplete deregistrationRequest registrationRequestGUTI | deregistrationRequest registrationRequestGUTI / authenticationRequest securityModeCommand registrationAccept configurationUpdateCommand null_action authenticationRequest | null_action authenticationRequest]
Jul 30, 2026 10:29:56 PM org.slf4j.helpers.SubstituteLogger info
INFO: [registrationRequest authenticationResponse registrationRequest | deregistrationRequest registrationRequestGUTI / authenticationRequest securityModeCommand authenticationRequest | null_action identityRequest]
Jul 30, 2026 10:30:07 PM org.slf4j.helpers.SubstituteLogger info
INFO: [registrationRequest authenticationResponse registrationRequestGUTI | deregistrationRequest registrationRequestGUTI / authenticationRequest securityModeCommand authenticationRequest | null_action identityRequest]
Jul 30, 2026 10:30:20 PM org.slf4j.helpers.SubstituteLogger info
INFO: [registrationRequest configurationUpdateComplete | deregistrationRequest registrationRequestGUTI / authenticationRequest null_action | null_action identityRequest]
Jul 30, 2026 10:30:33 PM org.slf4j.helpers.SubstituteLogger info
INFO: [registrationRequest identityResponse | deregistrationRequest registrationRequestGUTI / authenticationRequest null_action | null_action identityRequest]
Jul 30, 2026 10:30:44 PM org.slf4j.helpers.SubstituteLogger info
INFO: [registrationRequest securityModeComplete | deregistrationRequest registrationRequestGUTI / authenticationRequest null_action | null_action identityRequest]
Jul 30, 2026 10:30:56 PM org.slf4j.helpers.SubstituteLogger info
INFO: [registrationRequest deregistrationAccept | deregistrationRequest registrationRequestGUTI / authenticationRequest null_action | null_action identityRequest]
Jul 30, 2026 10:31:36 PM org.slf4j.helpers.SubstituteLogger info
INFO: [registrationRequest securityModeReject | deregistrationRequest registrationRequestGUTI / authenticationRequest null_action | null_action identityRequest]
Jul 30, 2026 10:31:49 PM org.slf4j.helpers.SubstituteLogger info
INFO: [registrationRequest serviceRequest | deregistrationRequest registrationRequestGUTI / authenticationRequest null_action | null_action identityRequest]
Jul 30, 2026 10:31:59 PM org.slf4j.helpers.SubstituteLogger info
INFO: [registrationRequest registrationComplete | deregistrationRequest registrationRequestGUTI / authenticationRequest null_action | null_action identityRequest]
Jul 30, 2026 10:32:10 PM org.slf4j.helpers.SubstituteLogger info
INFO: [registrationRequest registrationRequestGUTI | deregistrationRequest registrationRequestGUTI / authenticationRequest authenticationRequest | null_action identityRequest]
Jul 30, 2026 10:32:21 PM org.slf4j.helpers.SubstituteLogger info
INFO: [registrationRequest registrationRequest | deregistrationRequest registrationRequestGUTI / authenticationRequest authenticationRequest | null_action identityRequest]
Jul 30, 2026 10:32:36 PM org.slf4j.helpers.SubstituteLogger info
INFO: [registrationRequest authenticationResponse securityModeComplete registrationRequestGUTI | deregistrationRequest registrationRequestGUTI / authenticationRequest securityModeCommand registrationAccept authenticationRequest | null_action identityRequest]
Jul 30, 2026 10:32:46 PM org.slf4j.helpers.SubstituteLogger info
INFO: [registrationRequestGUTI identityResponse | deregistrationRequest registrationRequestGUTI / identityRequest authenticationRequest | null_action identityRequest]
Jul 30, 2026 10:32:57 PM org.slf4j.helpers.SubstituteLogger info
INFO: [registrationRequestGUTI registrationRequest | deregistrationRequest registrationRequestGUTI / identityRequest authenticationRequest | null_action identityRequest]
Jul 30, 2026 10:33:15 PM org.slf4j.helpers.SubstituteLogger info
INFO: [registrationRequest authenticationResponse securityModeReject registrationRequest registrationRequestGUTI | deregistrationRequest registrationRequestGUTI / authenticationRequest securityModeCommand null_action authenticationRequest authenticationRequest | null_action identityRequest]
Jul 30, 2026 10:33:33 PM org.slf4j.helpers.SubstituteLogger info
INFO: [registrationRequest authenticationResponse securityModeReject registrationRequest registrationRequest | deregistrationRequest registrationRequestGUTI / authenticationRequest securityModeCommand null_action authenticationRequest authenticationRequest | null_action identityRequest]
Jul 30, 2026 11:25:11 PM org.slf4j.helpers.SubstituteLogger info
INFO: [registrationRequest authenticationResponse securityModeComplete registrationComplete | deregistrationRequest registrationRequest authenticationResponse deregistrationRequest registrationRequestGUTI / authenticationRequest securityModeCommand registrationAccept configurationUpdateCommand | null_action authenticationRequest securityModeCommand null_action authenticationRequest]
Jul 30, 2026 11:25:11 PM org.slf4j.helpers.SubstituteLogger info
INFO: [registrationRequest authenticationResponse securityModeComplete registrationComplete deregistrationRequest registrationRequest | authenticationResponse deregistrationRequest registrationRequestGUTI / authenticationRequest securityModeCommand registrationAccept configurationUpdateCommand null_action authenticationRequest | securityModeCommand null_action authenticationRequest]
Jul 30, 2026 11:25:11 PM org.slf4j.helpers.SubstituteLogger info
INFO: [registrationRequest authenticationResponse | deregistrationRequest registrationRequestGUTI / authenticationRequest securityModeCommand | null_action identityRequest]
Jul 30, 2026 11:25:11 PM org.slf4j.helpers.SubstituteLogger info
INFO: [registrationRequest authenticationResponse securityModeComplete registrationComplete deregistrationRequest registrationRequest authenticationResponse | registrationRequest / authenticationRequest securityModeCommand registrationAccept configurationUpdateCommand null_action authenticationRequest securityModeCommand | authenticationRequest]
Jul 30, 2026 11:25:11 PM org.slf4j.helpers.SubstituteLogger info
INFO: [registrationRequest authenticationResponse securityModeComplete registrationComplete deregistrationRequest registrationRequest authenticationResponse | registrationRequestGUTI / authenticationRequest securityModeCommand registrationAccept configurationUpdateCommand null_action authenticationRequest securityModeCommand | authenticationRequest]
Jul 30, 2026 11:25:28 PM org.slf4j.helpers.SubstituteLogger info
INFO: [registrationRequest authenticationResponse securityModeComplete registrationComplete deregistrationRequest registrationRequest authenticationResponse | registrationComplete / authenticationRequest securityModeCommand registrationAccept configurationUpdateCommand null_action authenticationRequest securityModeCommand | null_action]
Jul 30, 2026 11:25:47 PM org.slf4j.helpers.SubstituteLogger info
INFO: [registrationRequest authenticationResponse securityModeComplete registrationComplete deregistrationRequest registrationRequest authenticationResponse | deregistrationRequest / authenticationRequest securityModeCommand registrationAccept configurationUpdateCommand null_action authenticationRequest securityModeCommand | null_action]
Jul 30, 2026 11:26:40 PM org.slf4j.helpers.SubstituteLogger info
INFO: [registrationRequest authenticationResponse securityModeComplete registrationComplete deregistrationRequest registrationRequest authenticationResponse | serviceRequest / authenticationRequest securityModeCommand registrationAccept configurationUpdateCommand null_action authenticationRequest securityModeCommand | null_action]
Jul 30, 2026 11:26:59 PM org.slf4j.helpers.SubstituteLogger info
INFO: [registrationRequest authenticationResponse securityModeComplete registrationComplete deregistrationRequest registrationRequest authenticationResponse | securityModeReject / authenticationRequest securityModeCommand registrationAccept configurationUpdateCommand null_action authenticationRequest securityModeCommand | null_action]
Jul 30, 2026 11:26:59 PM org.slf4j.helpers.SubstituteLogger info
INFO: [registrationRequest authenticationResponse securityModeComplete registrationComplete deregistrationRequest registrationRequest authenticationResponse | authenticationResponse / authenticationRequest securityModeCommand registrationAccept configurationUpdateCommand null_action authenticationRequest securityModeCommand | null_action]
Jul 30, 2026 11:27:16 PM org.slf4j.helpers.SubstituteLogger info
INFO: [registrationRequest authenticationResponse securityModeComplete registrationComplete deregistrationRequest registrationRequest authenticationResponse | authenticationFailure / authenticationRequest securityModeCommand registrationAccept configurationUpdateCommand null_action authenticationRequest securityModeCommand | null_action]
Jul 30, 2026 11:27:34 PM org.slf4j.helpers.SubstituteLogger info
INFO: [registrationRequest authenticationResponse securityModeComplete registrationComplete deregistrationRequest registrationRequest authenticationResponse | deregistrationAccept / authenticationRequest securityModeCommand registrationAccept configurationUpdateCommand null_action authenticationRequest securityModeCommand | null_action]
Jul 30, 2026 11:27:34 PM org.slf4j.helpers.SubstituteLogger info
INFO: [registrationRequest authenticationResponse securityModeComplete registrationComplete deregistrationRequest registrationRequest authenticationResponse | securityModeComplete / authenticationRequest securityModeCommand registrationAccept configurationUpdateCommand null_action authenticationRequest securityModeCommand | registrationAccept]
Jul 30, 2026 11:27:51 PM org.slf4j.helpers.SubstituteLogger info
INFO: [registrationRequest authenticationResponse securityModeComplete registrationComplete deregistrationRequest registrationRequest authenticationResponse | identityResponse / authenticationRequest securityModeCommand registrationAccept configurationUpdateCommand null_action authenticationRequest securityModeCommand | null_action]
Jul 30, 2026 11:28:08 PM org.slf4j.helpers.SubstituteLogger info
INFO: [registrationRequest authenticationResponse securityModeComplete registrationComplete deregistrationRequest registrationRequest authenticationResponse | configurationUpdateComplete / authenticationRequest securityModeCommand registrationAccept configurationUpdateCommand null_action authenticationRequest securityModeCommand | null_action]
Jul 30, 2026 11:28:28 PM org.slf4j.helpers.SubstituteLogger info
INFO: [registrationRequest authenticationResponse securityModeComplete registrationComplete deregistrationRequest registrationRequest authenticationResponse configurationUpdateComplete | registrationRequestGUTI / authenticationRequest securityModeCommand registrationAccept configurationUpdateCommand null_action authenticationRequest securityModeCommand null_action | authenticationRequest]
Jul 30, 2026 11:28:46 PM org.slf4j.helpers.SubstituteLogger info
INFO: [registrationRequest authenticationResponse securityModeComplete registrationComplete deregistrationRequest registrationRequest authenticationResponse identityResponse | registrationRequestGUTI / authenticationRequest securityModeCommand registrationAccept configurationUpdateCommand null_action authenticationRequest securityModeCommand null_action | authenticationRequest]
Jul 30, 2026 11:29:01 PM org.slf4j.helpers.SubstituteLogger info
INFO: [registrationRequest authenticationResponse securityModeComplete registrationComplete deregistrationRequest registrationRequest authenticationResponse securityModeComplete | registrationRequestGUTI / authenticationRequest securityModeCommand registrationAccept configurationUpdateCommand null_action authenticationRequest securityModeCommand registrationAccept | authenticationRequest]
Jul 30, 2026 11:29:21 PM org.slf4j.helpers.SubstituteLogger info
INFO: [registrationRequest authenticationResponse securityModeComplete registrationComplete deregistrationRequest registrationRequest authenticationResponse deregistrationAccept | registrationRequestGUTI / authenticationRequest securityModeCommand registrationAccept configurationUpdateCommand null_action authenticationRequest securityModeCommand null_action | authenticationRequest]
Jul 30, 2026 11:30:19 PM org.slf4j.helpers.SubstituteLogger info
INFO: [registrationRequest authenticationResponse securityModeComplete registrationComplete deregistrationRequest registrationRequest authenticationResponse authenticationFailure | registrationRequestGUTI / authenticationRequest securityModeCommand registrationAccept configurationUpdateCommand null_action authenticationRequest securityModeCommand null_action | authenticationRequest]
Jul 30, 2026 11:30:39 PM org.slf4j.helpers.SubstituteLogger info
INFO: [registrationRequest authenticationResponse securityModeComplete registrationComplete deregistrationRequest registrationRequest authenticationResponse authenticationResponse | registrationRequestGUTI / authenticationRequest securityModeCommand registrationAccept configurationUpdateCommand null_action authenticationRequest securityModeCommand null_action | authenticationRequest]
Jul 30, 2026 11:30:59 PM org.slf4j.helpers.SubstituteLogger info
INFO: [registrationRequest authenticationResponse securityModeComplete registrationComplete deregistrationRequest registrationRequest authenticationResponse securityModeReject | registrationRequestGUTI / authenticationRequest securityModeCommand registrationAccept configurationUpdateCommand null_action authenticationRequest securityModeCommand null_action | identityRequest]
Jul 30, 2026 11:31:15 PM org.slf4j.helpers.SubstituteLogger info
INFO: [registrationRequest authenticationResponse securityModeComplete registrationComplete deregistrationRequest registrationRequest authenticationResponse serviceRequest | registrationRequestGUTI / authenticationRequest securityModeCommand registrationAccept configurationUpdateCommand null_action authenticationRequest securityModeCommand null_action | authenticationRequest]
Jul 30, 2026 11:31:15 PM org.slf4j.helpers.SubstituteLogger info
INFO: [registrationRequest authenticationResponse securityModeComplete registrationComplete deregistrationRequest registrationRequest authenticationResponse deregistrationRequest | registrationRequestGUTI / authenticationRequest securityModeCommand registrationAccept configurationUpdateCommand null_action authenticationRequest securityModeCommand null_action | authenticationRequest]
Jul 30, 2026 11:31:35 PM org.slf4j.helpers.SubstituteLogger info
INFO: [registrationRequest authenticationResponse securityModeComplete registrationComplete deregistrationRequest registrationRequest authenticationResponse registrationComplete | registrationRequestGUTI / authenticationRequest securityModeCommand registrationAccept configurationUpdateCommand null_action authenticationRequest securityModeCommand null_action | authenticationRequest]
Jul 30, 2026 11:31:52 PM org.slf4j.helpers.SubstituteLogger info
INFO: [registrationRequest authenticationResponse securityModeComplete registrationComplete deregistrationRequest registrationRequest authenticationResponse registrationRequestGUTI | registrationRequestGUTI / authenticationRequest securityModeCommand registrationAccept configurationUpdateCommand null_action authenticationRequest securityModeCommand authenticationRequest | authenticationRequest]
Jul 30, 2026 11:32:08 PM org.slf4j.helpers.SubstituteLogger info
INFO: [registrationRequest authenticationResponse securityModeComplete registrationComplete deregistrationRequest registrationRequest authenticationResponse registrationRequest | registrationRequestGUTI / authenticationRequest securityModeCommand registrationAccept configurationUpdateCommand null_action authenticationRequest securityModeCommand authenticationRequest | authenticationRequest]
Jul 30, 2026 11:32:28 PM org.slf4j.helpers.SubstituteLogger info
INFO: [registrationRequest authenticationResponse securityModeComplete registrationComplete deregistrationRequest registrationRequest authenticationResponse configurationUpdateComplete | authenticationResponse / authenticationRequest securityModeCommand registrationAccept configurationUpdateCommand null_action authenticationRequest securityModeCommand null_action | null_action]
Jul 30, 2026 11:32:48 PM org.slf4j.helpers.SubstituteLogger info
INFO: [registrationRequest authenticationResponse securityModeComplete registrationComplete deregistrationRequest registrationRequest authenticationResponse identityResponse | authenticationResponse / authenticationRequest securityModeCommand registrationAccept configurationUpdateCommand null_action authenticationRequest securityModeCommand null_action | null_action]
Jul 30, 2026 11:33:08 PM org.slf4j.helpers.SubstituteLogger info
INFO: [registrationRequest authenticationResponse securityModeComplete registrationComplete deregistrationRequest registrationRequest authenticationResponse securityModeComplete | authenticationResponse / authenticationRequest securityModeCommand registrationAccept configurationUpdateCommand null_action authenticationRequest securityModeCommand registrationAccept | null_action]
Jul 30, 2026 11:34:06 PM org.slf4j.helpers.SubstituteLogger info
INFO: [registrationRequest authenticationResponse securityModeComplete registrationComplete deregistrationRequest registrationRequest authenticationResponse deregistrationAccept | authenticationResponse / authenticationRequest securityModeCommand registrationAccept configurationUpdateCommand null_action authenticationRequest securityModeCommand null_action | null_action]
Jul 30, 2026 11:34:26 PM org.slf4j.helpers.SubstituteLogger info
INFO: [registrationRequest authenticationResponse securityModeComplete registrationComplete deregistrationRequest registrationRequest authenticationResponse authenticationFailure | authenticationResponse / authenticationRequest securityModeCommand registrationAccept configurationUpdateCommand null_action authenticationRequest securityModeCommand null_action | null_action]
Jul 30, 2026 11:34:48 PM org.slf4j.helpers.SubstituteLogger info
INFO: [registrationRequest authenticationResponse securityModeComplete registrationComplete deregistrationRequest registrationRequest authenticationResponse authenticationResponse | authenticationResponse / authenticationRequest securityModeCommand registrationAccept configurationUpdateCommand null_action authenticationRequest securityModeCommand null_action | null_action]
Jul 30, 2026 11:35:12 PM org.slf4j.helpers.SubstituteLogger info
INFO: [registrationRequest authenticationResponse securityModeComplete registrationComplete deregistrationRequest registrationRequest authenticationResponse securityModeReject | registrationComplete registrationRequestGUTI / authenticationRequest securityModeCommand registrationAccept configurationUpdateCommand null_action authenticationRequest securityModeCommand null_action | null_action null_action]
Jul 30, 2026 11:35:30 PM org.slf4j.helpers.SubstituteLogger info
INFO: [registrationRequest authenticationResponse securityModeComplete registrationComplete deregistrationRequest registrationRequest authenticationResponse serviceRequest | authenticationResponse / authenticationRequest securityModeCommand registrationAccept configurationUpdateCommand null_action authenticationRequest securityModeCommand null_action | null_action]
Jul 30, 2026 11:35:50 PM org.slf4j.helpers.SubstituteLogger info
INFO: [registrationRequest authenticationResponse securityModeComplete registrationComplete deregistrationRequest registrationRequest authenticationResponse deregistrationRequest | authenticationResponse / authenticationRequest securityModeCommand registrationAccept configurationUpdateCommand null_action authenticationRequest securityModeCommand null_action | null_action]
Jul 30, 2026 11:36:10 PM org.slf4j.helpers.SubstituteLogger info
INFO: [registrationRequest authenticationResponse securityModeComplete registrationComplete deregistrationRequest registrationRequest authenticationResponse registrationComplete | authenticationResponse / authenticationRequest securityModeCommand registrationAccept configurationUpdateCommand null_action authenticationRequest securityModeCommand null_action | null_action]
Jul 30, 2026 11:36:26 PM org.slf4j.helpers.SubstituteLogger info
INFO: [registrationRequest authenticationResponse securityModeComplete registrationComplete deregistrationRequest registrationRequest authenticationResponse registrationRequestGUTI | authenticationResponse / authenticationRequest securityModeCommand registrationAccept configurationUpdateCommand null_action authenticationRequest securityModeCommand authenticationRequest | securityModeCommand]
Jul 30, 2026 11:36:41 PM org.slf4j.helpers.SubstituteLogger info
INFO: [registrationRequest authenticationResponse securityModeComplete registrationComplete deregistrationRequest registrationRequest authenticationResponse registrationRequest | authenticationResponse / authenticationRequest securityModeCommand registrationAccept configurationUpdateCommand null_action authenticationRequest securityModeCommand authenticationRequest | securityModeCommand]
Jul 30, 2026 11:36:59 PM org.slf4j.helpers.SubstituteLogger info
INFO: [registrationRequest authenticationResponse securityModeComplete registrationComplete deregistrationRequest registrationRequest authenticationResponse configurationUpdateComplete | registrationRequest / authenticationRequest securityModeCommand registrationAccept configurationUpdateCommand null_action authenticationRequest securityModeCommand null_action | authenticationRequest]
Jul 30, 2026 11:37:44 PM org.slf4j.helpers.SubstituteLogger info
INFO: [registrationRequest authenticationResponse securityModeComplete registrationComplete deregistrationRequest registrationRequest authenticationResponse identityResponse | registrationRequest / authenticationRequest securityModeCommand registrationAccept configurationUpdateCommand null_action authenticationRequest securityModeCommand null_action | authenticationRequest]
Jul 30, 2026 11:38:00 PM org.slf4j.helpers.SubstituteLogger info
INFO: [registrationRequest authenticationResponse securityModeComplete registrationComplete deregistrationRequest registrationRequest authenticationResponse securityModeComplete | registrationRequest / authenticationRequest securityModeCommand registrationAccept configurationUpdateCommand null_action authenticationRequest securityModeCommand registrationAccept | null_action]
Jul 30, 2026 11:38:17 PM org.slf4j.helpers.SubstituteLogger info
INFO: [registrationRequest authenticationResponse securityModeComplete registrationComplete deregistrationRequest registrationRequest authenticationResponse deregistrationAccept | registrationRequest / authenticationRequest securityModeCommand registrationAccept configurationUpdateCommand null_action authenticationRequest securityModeCommand null_action | authenticationRequest]
Jul 30, 2026 11:38:35 PM org.slf4j.helpers.SubstituteLogger info
INFO: [registrationRequest authenticationResponse securityModeComplete registrationComplete deregistrationRequest registrationRequest authenticationResponse authenticationFailure | registrationRequest / authenticationRequest securityModeCommand registrationAccept configurationUpdateCommand null_action authenticationRequest securityModeCommand null_action | authenticationRequest]
Jul 30, 2026 11:38:53 PM org.slf4j.helpers.SubstituteLogger info
INFO: [registrationRequest authenticationResponse securityModeComplete registrationComplete deregistrationRequest registrationRequest authenticationResponse authenticationResponse | registrationRequest / authenticationRequest securityModeCommand registrationAccept configurationUpdateCommand null_action authenticationRequest securityModeCommand null_action | authenticationRequest]
Jul 30, 2026 11:39:09 PM org.slf4j.helpers.SubstituteLogger info
INFO: [registrationRequest authenticationResponse securityModeComplete registrationComplete deregistrationRequest registrationRequest authenticationResponse serviceRequest | registrationRequest / authenticationRequest securityModeCommand registrationAccept configurationUpdateCommand null_action authenticationRequest securityModeCommand null_action | authenticationRequest]
Jul 30, 2026 11:39:29 PM org.slf4j.helpers.SubstituteLogger info
INFO: [registrationRequest authenticationResponse securityModeComplete registrationComplete deregistrationRequest registrationRequest authenticationResponse deregistrationRequest | registrationRequest / authenticationRequest securityModeCommand registrationAccept configurationUpdateCommand null_action authenticationRequest securityModeCommand null_action | authenticationRequest]
Jul 30, 2026 11:39:47 PM org.slf4j.helpers.SubstituteLogger info
INFO: [registrationRequest authenticationResponse securityModeComplete registrationComplete deregistrationRequest registrationRequest authenticationResponse registrationComplete | registrationRequest / authenticationRequest securityModeCommand registrationAccept configurationUpdateCommand null_action authenticationRequest securityModeCommand null_action | authenticationRequest]
Jul 30, 2026 11:40:03 PM org.slf4j.helpers.SubstituteLogger info
INFO: [registrationRequest authenticationResponse securityModeComplete registrationComplete deregistrationRequest registrationRequest authenticationResponse registrationRequestGUTI | authenticationResponse securityModeComplete / authenticationRequest securityModeCommand registrationAccept configurationUpdateCommand null_action authenticationRequest securityModeCommand authenticationRequest | securityModeCommand registrationAccept]
Jul 30, 2026 11:40:22 PM org.slf4j.helpers.SubstituteLogger info
INFO: [registrationRequest authenticationResponse securityModeComplete registrationComplete deregistrationRequest registrationRequest authenticationResponse registrationRequest | authenticationResponse securityModeComplete / authenticationRequest securityModeCommand registrationAccept configurationUpdateCommand null_action authenticationRequest securityModeCommand authenticationRequest | securityModeCommand registrationAccept]
Jul 30, 2026 11:41:19 PM org.slf4j.helpers.SubstituteLogger info
INFO: [registrationRequest authenticationResponse securityModeComplete registrationComplete deregistrationRequest registrationRequest authenticationResponse configurationUpdateComplete | securityModeComplete / authenticationRequest securityModeCommand registrationAccept configurationUpdateCommand null_action authenticationRequest securityModeCommand null_action | registrationAccept]
Jul 30, 2026 11:41:40 PM org.slf4j.helpers.SubstituteLogger info
INFO: [registrationRequest authenticationResponse securityModeComplete registrationComplete deregistrationRequest registrationRequest authenticationResponse identityResponse | securityModeComplete / authenticationRequest securityModeCommand registrationAccept configurationUpdateCommand null_action authenticationRequest securityModeCommand null_action | registrationAccept]
Jul 30, 2026 11:41:58 PM org.slf4j.helpers.SubstituteLogger info
INFO: [registrationRequest authenticationResponse securityModeComplete registrationComplete deregistrationRequest registrationRequest authenticationResponse deregistrationAccept | securityModeComplete / authenticationRequest securityModeCommand registrationAccept configurationUpdateCommand null_action authenticationRequest securityModeCommand null_action | registrationAccept]
Jul 30, 2026 11:42:16 PM org.slf4j.helpers.SubstituteLogger info
INFO: [registrationRequest authenticationResponse securityModeComplete registrationComplete deregistrationRequest registrationRequest authenticationResponse authenticationFailure | securityModeComplete / authenticationRequest securityModeCommand registrationAccept configurationUpdateCommand null_action authenticationRequest securityModeCommand null_action | registrationAccept]
Jul 30, 2026 11:42:34 PM org.slf4j.helpers.SubstituteLogger info
INFO: [registrationRequest authenticationResponse securityModeComplete registrationComplete deregistrationRequest registrationRequest authenticationResponse authenticationResponse | securityModeComplete / authenticationRequest securityModeCommand registrationAccept configurationUpdateCommand null_action authenticationRequest securityModeCommand null_action | registrationAccept]
Jul 30, 2026 11:42:50 PM org.slf4j.helpers.SubstituteLogger info
INFO: [registrationRequest authenticationResponse securityModeComplete registrationComplete deregistrationRequest registrationRequest authenticationResponse serviceRequest | securityModeComplete / authenticationRequest securityModeCommand registrationAccept configurationUpdateCommand null_action authenticationRequest securityModeCommand null_action | registrationAccept]
Jul 30, 2026 11:43:07 PM org.slf4j.helpers.SubstituteLogger info
INFO: [registrationRequest authenticationResponse securityModeComplete registrationComplete deregistrationRequest registrationRequest authenticationResponse deregistrationRequest | securityModeComplete / authenticationRequest securityModeCommand registrationAccept configurationUpdateCommand null_action authenticationRequest securityModeCommand null_action | null_action]
Jul 30, 2026 11:43:25 PM org.slf4j.helpers.SubstituteLogger info
INFO: [registrationRequest authenticationResponse securityModeComplete registrationComplete deregistrationRequest registrationRequest authenticationResponse registrationComplete | securityModeComplete / authenticationRequest securityModeCommand registrationAccept configurationUpdateCommand null_action authenticationRequest securityModeCommand null_action | registrationAccept]
Jul 30, 2026 11:43:44 PM org.slf4j.helpers.SubstituteLogger info
INFO: [registrationRequest authenticationResponse securityModeComplete registrationComplete deregistrationRequest registrationRequest authenticationResponse registrationRequestGUTI | deregistrationRequest registrationRequestGUTI / authenticationRequest securityModeCommand registrationAccept configurationUpdateCommand null_action authenticationRequest securityModeCommand authenticationRequest | null_action authenticationRequest]
Jul 30, 2026 11:44:05 PM org.slf4j.helpers.SubstituteLogger info
INFO: [registrationRequest authenticationResponse securityModeComplete registrationComplete deregistrationRequest registrationRequest authenticationResponse registrationRequest | deregistrationRequest registrationRequestGUTI / authenticationRequest securityModeCommand registrationAccept configurationUpdateCommand null_action authenticationRequest securityModeCommand authenticationRequest | null_action authenticationRequest]
Jul 30, 2026 11:44:50 PM org.slf4j.helpers.SubstituteLogger info
INFO: [registrationRequest authenticationResponse securityModeComplete registrationComplete deregistrationRequest registrationRequest authenticationResponse deregistrationRequest | deregistrationRequest registrationRequestGUTI / authenticationRequest securityModeCommand registrationAccept configurationUpdateCommand null_action authenticationRequest securityModeCommand null_action | null_action authenticationRequest]
Jul 30, 2026 11:45:11 PM org.slf4j.helpers.SubstituteLogger info
INFO: [registrationRequest authenticationResponse securityModeComplete registrationComplete deregistrationRequest registrationRequest authenticationResponse registrationComplete | deregistrationRequest registrationRequestGUTI / authenticationRequest securityModeCommand registrationAccept configurationUpdateCommand null_action authenticationRequest securityModeCommand null_action | null_action authenticationRequest]
Jul 30, 2026 11:45:30 PM org.slf4j.helpers.SubstituteLogger info
INFO: [registrationRequest authenticationResponse securityModeComplete registrationComplete deregistrationRequest registrationRequest authenticationResponse serviceRequest | deregistrationRequest registrationRequestGUTI / authenticationRequest securityModeCommand registrationAccept configurationUpdateCommand null_action authenticationRequest securityModeCommand null_action | null_action authenticationRequest]
Jul 30, 2026 11:45:51 PM org.slf4j.helpers.SubstituteLogger info
INFO: [registrationRequest authenticationResponse securityModeComplete registrationComplete deregistrationRequest registrationRequest authenticationResponse authenticationResponse | deregistrationRequest registrationRequestGUTI / authenticationRequest securityModeCommand registrationAccept configurationUpdateCommand null_action authenticationRequest securityModeCommand null_action | null_action authenticationRequest]
Jul 30, 2026 11:46:14 PM org.slf4j.helpers.SubstituteLogger info
INFO: [registrationRequest authenticationResponse securityModeComplete registrationComplete deregistrationRequest registrationRequest authenticationResponse authenticationFailure | deregistrationRequest registrationRequestGUTI / authenticationRequest securityModeCommand registrationAccept configurationUpdateCommand null_action authenticationRequest securityModeCommand null_action | null_action authenticationRequest]
Jul 30, 2026 11:46:35 PM org.slf4j.helpers.SubstituteLogger info
INFO: [registrationRequest authenticationResponse securityModeComplete registrationComplete deregistrationRequest registrationRequest authenticationResponse deregistrationAccept | deregistrationRequest registrationRequestGUTI / authenticationRequest securityModeCommand registrationAccept configurationUpdateCommand null_action authenticationRequest securityModeCommand null_action | null_action authenticationRequest]
Jul 30, 2026 11:46:57 PM org.slf4j.helpers.SubstituteLogger info
INFO: [registrationRequest authenticationResponse securityModeComplete registrationComplete deregistrationRequest registrationRequest authenticationResponse identityResponse | deregistrationRequest registrationRequestGUTI / authenticationRequest securityModeCommand registrationAccept configurationUpdateCommand null_action authenticationRequest securityModeCommand null_action | null_action authenticationRequest]
Jul 30, 2026 11:47:18 PM org.slf4j.helpers.SubstituteLogger info
INFO: [registrationRequest authenticationResponse securityModeComplete registrationComplete deregistrationRequest registrationRequest authenticationResponse configurationUpdateComplete | deregistrationRequest registrationRequestGUTI / authenticationRequest securityModeCommand registrationAccept configurationUpdateCommand null_action authenticationRequest securityModeCommand null_action | null_action authenticationRequest]
Jul 30, 2026 11:47:34 PM org.slf4j.helpers.SubstituteLogger info
INFO: [registrationRequest authenticationResponse configurationUpdateComplete | deregistrationRequest registrationRequestGUTI / authenticationRequest securityModeCommand null_action | null_action identityRequest]
Jul 30, 2026 11:47:48 PM org.slf4j.helpers.SubstituteLogger info
INFO: [registrationRequest authenticationResponse identityResponse | deregistrationRequest registrationRequestGUTI / authenticationRequest securityModeCommand null_action | null_action identityRequest]
Jul 30, 2026 11:48:26 PM org.slf4j.helpers.SubstituteLogger info
INFO: [registrationRequest authenticationResponse deregistrationAccept | deregistrationRequest registrationRequestGUTI / authenticationRequest securityModeCommand null_action | null_action identityRequest]
Jul 30, 2026 11:48:42 PM org.slf4j.helpers.SubstituteLogger info
INFO: [registrationRequest authenticationResponse authenticationFailure | deregistrationRequest registrationRequestGUTI / authenticationRequest securityModeCommand null_action | null_action identityRequest]
Jul 30, 2026 11:48:42 PM org.slf4j.helpers.SubstituteLogger info
INFO: [registrationRequest authenticationResponse authenticationResponse | deregistrationRequest registrationRequestGUTI / authenticationRequest securityModeCommand null_action | null_action identityRequest]
Jul 30, 2026 11:48:42 PM org.slf4j.helpers.SubstituteLogger info
INFO: [registrationRequest authenticationResponse serviceRequest | deregistrationRequest registrationRequestGUTI / authenticationRequest securityModeCommand null_action | null_action identityRequest]
Jul 30, 2026 11:48:42 PM org.slf4j.helpers.SubstituteLogger info
INFO: [registrationRequest authenticationResponse registrationComplete | deregistrationRequest registrationRequestGUTI / authenticationRequest securityModeCommand null_action | null_action identityRequest]
Jul 30, 2026 11:57:22 PM org.slf4j.helpers.SubstituteLogger info
INFO: [registrationRequest authenticationResponse securityModeComplete registrationComplete deregistrationRequest | registrationRequest authenticationResponse securityModeReject registrationRequest authenticationResponse securityModeComplete / authenticationRequest securityModeCommand registrationAccept configurationUpdateCommand null_action | authenticationRequest securityModeCommand null_action authenticationRequest securityModeCommand registrationAccept]
Jul 30, 2026 11:57:22 PM org.slf4j.helpers.SubstituteLogger info
INFO: [registrationRequest authenticationResponse securityModeComplete registrationComplete deregistrationRequest registrationRequest authenticationResponse | securityModeReject registrationRequest authenticationResponse securityModeComplete / authenticationRequest securityModeCommand registrationAccept configurationUpdateCommand null_action authenticationRequest securityModeCommand | null_action authenticationRequest securityModeCommand registrationAccept]
Jul 30, 2026 11:57:22 PM org.slf4j.helpers.SubstituteLogger info
INFO: [registrationRequest authenticationResponse securityModeReject | registrationRequest authenticationResponse securityModeComplete / authenticationRequest securityModeCommand null_action | authenticationRequest securityModeCommand null_action]
Jul 30, 2026 11:57:22 PM org.slf4j.helpers.SubstituteLogger info
INFO: [registrationRequest authenticationResponse securityModeComplete registrationComplete deregistrationRequest registrationRequest authenticationResponse securityModeReject | registrationRequest / authenticationRequest securityModeCommand registrationAccept configurationUpdateCommand null_action authenticationRequest securityModeCommand null_action | authenticationRequest]
Jul 30, 2026 11:57:22 PM org.slf4j.helpers.SubstituteLogger info
INFO: [registrationRequest authenticationResponse securityModeComplete registrationComplete deregistrationRequest registrationRequest authenticationResponse securityModeReject | registrationRequestGUTI / authenticationRequest securityModeCommand registrationAccept configurationUpdateCommand null_action authenticationRequest securityModeCommand null_action | identityRequest]
Jul 30, 2026 11:57:44 PM org.slf4j.helpers.SubstituteLogger info
INFO: [registrationRequest authenticationResponse securityModeComplete registrationComplete deregistrationRequest registrationRequest authenticationResponse securityModeReject | registrationComplete / authenticationRequest securityModeCommand registrationAccept configurationUpdateCommand null_action authenticationRequest securityModeCommand null_action | null_action]
Jul 30, 2026 11:58:04 PM org.slf4j.helpers.SubstituteLogger info
INFO: [registrationRequest authenticationResponse securityModeComplete registrationComplete deregistrationRequest registrationRequest authenticationResponse securityModeReject | deregistrationRequest / authenticationRequest securityModeCommand registrationAccept configurationUpdateCommand null_action authenticationRequest securityModeCommand null_action | null_action]
Jul 30, 2026 11:58:22 PM org.slf4j.helpers.SubstituteLogger info
INFO: [registrationRequest authenticationResponse securityModeComplete registrationComplete deregistrationRequest registrationRequest authenticationResponse securityModeReject | serviceRequest / authenticationRequest securityModeCommand registrationAccept configurationUpdateCommand null_action authenticationRequest securityModeCommand null_action | null_action]
Jul 30, 2026 11:58:44 PM org.slf4j.helpers.SubstituteLogger info
INFO: [registrationRequest authenticationResponse securityModeComplete registrationComplete deregistrationRequest registrationRequest authenticationResponse securityModeReject | securityModeReject / authenticationRequest securityModeCommand registrationAccept configurationUpdateCommand null_action authenticationRequest securityModeCommand null_action | null_action]
Jul 30, 2026 11:58:44 PM org.slf4j.helpers.SubstituteLogger info
INFO: [registrationRequest authenticationResponse securityModeComplete registrationComplete deregistrationRequest registrationRequest authenticationResponse securityModeReject | authenticationResponse / authenticationRequest securityModeCommand registrationAccept configurationUpdateCommand null_action authenticationRequest securityModeCommand null_action | null_action]
Jul 30, 2026 11:59:03 PM org.slf4j.helpers.SubstituteLogger info
INFO: [registrationRequest authenticationResponse securityModeComplete registrationComplete deregistrationRequest registrationRequest authenticationResponse securityModeReject | authenticationFailure / authenticationRequest securityModeCommand registrationAccept configurationUpdateCommand null_action authenticationRequest securityModeCommand null_action | null_action]
Jul 30, 2026 11:59:48 PM org.slf4j.helpers.SubstituteLogger info
INFO: [registrationRequest authenticationResponse securityModeComplete registrationComplete deregistrationRequest registrationRequest authenticationResponse securityModeReject | deregistrationAccept / authenticationRequest securityModeCommand registrationAccept configurationUpdateCommand null_action authenticationRequest securityModeCommand null_action | null_action]
Jul 30, 2026 11:59:48 PM org.slf4j.helpers.SubstituteLogger info
INFO: [registrationRequest authenticationResponse securityModeComplete registrationComplete deregistrationRequest registrationRequest authenticationResponse securityModeReject | securityModeComplete / authenticationRequest securityModeCommand registrationAccept configurationUpdateCommand null_action authenticationRequest securityModeCommand null_action | null_action]
Jul 31, 2026 12:00:06 AM org.slf4j.helpers.SubstituteLogger info
INFO: [registrationRequest authenticationResponse securityModeComplete registrationComplete deregistrationRequest registrationRequest authenticationResponse securityModeReject | identityResponse / authenticationRequest securityModeCommand registrationAccept configurationUpdateCommand null_action authenticationRequest securityModeCommand null_action | null_action]
Jul 31, 2026 12:00:28 AM org.slf4j.helpers.SubstituteLogger info
INFO: [registrationRequest authenticationResponse securityModeComplete registrationComplete deregistrationRequest registrationRequest authenticationResponse securityModeReject | configurationUpdateComplete / authenticationRequest securityModeCommand registrationAccept configurationUpdateCommand null_action authenticationRequest securityModeCommand null_action | null_action]
Jul 31, 2026 12:00:50 AM org.slf4j.helpers.SubstituteLogger info
INFO: [registrationRequest authenticationResponse securityModeComplete registrationComplete deregistrationRequest registrationRequest authenticationResponse securityModeReject configurationUpdateComplete | registrationRequestGUTI / authenticationRequest securityModeCommand registrationAccept configurationUpdateCommand null_action authenticationRequest securityModeCommand null_action null_action | null_action]
Jul 31, 2026 12:01:09 AM org.slf4j.helpers.SubstituteLogger info
INFO: [registrationRequest authenticationResponse securityModeComplete registrationComplete deregistrationRequest registrationRequest authenticationResponse securityModeReject identityResponse | registrationRequestGUTI / authenticationRequest securityModeCommand registrationAccept configurationUpdateCommand null_action authenticationRequest securityModeCommand null_action null_action | identityRequest]
Jul 31, 2026 12:01:34 AM org.slf4j.helpers.SubstituteLogger info
INFO: [registrationRequest authenticationResponse securityModeComplete registrationComplete deregistrationRequest registrationRequest authenticationResponse securityModeReject securityModeComplete | registrationRequestGUTI / authenticationRequest securityModeCommand registrationAccept configurationUpdateCommand null_action authenticationRequest securityModeCommand null_action null_action | null_action]
Jul 31, 2026 12:01:59 AM org.slf4j.helpers.SubstituteLogger info
INFO: [registrationRequest authenticationResponse securityModeComplete registrationComplete deregistrationRequest registrationRequest authenticationResponse securityModeReject deregistrationAccept | registrationRequestGUTI / authenticationRequest securityModeCommand registrationAccept configurationUpdateCommand null_action authenticationRequest securityModeCommand null_action null_action | null_action]
Jul 31, 2026 12:02:22 AM org.slf4j.helpers.SubstituteLogger info
INFO: [registrationRequest authenticationResponse securityModeComplete registrationComplete deregistrationRequest registrationRequest authenticationResponse securityModeReject authenticationFailure | registrationRequestGUTI / authenticationRequest securityModeCommand registrationAccept configurationUpdateCommand null_action authenticationRequest securityModeCommand null_action null_action | null_action]
Jul 31, 2026 12:02:45 AM org.slf4j.helpers.SubstituteLogger info
INFO: [registrationRequest authenticationResponse securityModeComplete registrationComplete deregistrationRequest registrationRequest authenticationResponse securityModeReject authenticationResponse | registrationRequestGUTI / authenticationRequest securityModeCommand registrationAccept configurationUpdateCommand null_action authenticationRequest securityModeCommand null_action null_action | null_action]
Jul 31, 2026 12:03:09 AM org.slf4j.helpers.SubstituteLogger info
INFO: [registrationRequest authenticationResponse securityModeComplete registrationComplete deregistrationRequest registrationRequest authenticationResponse securityModeReject securityModeReject | registrationRequestGUTI / authenticationRequest securityModeCommand registrationAccept configurationUpdateCommand null_action authenticationRequest securityModeCommand null_action null_action | null_action]
Jul 31, 2026 12:03:55 AM org.slf4j.helpers.SubstituteLogger info
INFO: [registrationRequest authenticationResponse securityModeComplete registrationComplete deregistrationRequest registrationRequest authenticationResponse securityModeReject serviceRequest | registrationRequestGUTI / authenticationRequest securityModeCommand registrationAccept configurationUpdateCommand null_action authenticationRequest securityModeCommand null_action null_action | identityRequest]
Jul 31, 2026 12:03:55 AM org.slf4j.helpers.SubstituteLogger info
INFO: [registrationRequest authenticationResponse securityModeComplete registrationComplete deregistrationRequest registrationRequest authenticationResponse securityModeReject deregistrationRequest | registrationRequestGUTI / authenticationRequest securityModeCommand registrationAccept configurationUpdateCommand null_action authenticationRequest securityModeCommand null_action null_action | identityRequest]
Jul 31, 2026 12:03:55 AM org.slf4j.helpers.SubstituteLogger info
INFO: [registrationRequest authenticationResponse securityModeComplete registrationComplete deregistrationRequest registrationRequest authenticationResponse securityModeReject registrationComplete | registrationRequestGUTI / authenticationRequest securityModeCommand registrationAccept configurationUpdateCommand null_action authenticationRequest securityModeCommand null_action null_action | null_action]
Jul 31, 2026 12:04:16 AM org.slf4j.helpers.SubstituteLogger info
INFO: [registrationRequest authenticationResponse securityModeComplete registrationComplete deregistrationRequest registrationRequest authenticationResponse securityModeReject registrationRequestGUTI | registrationRequestGUTI / authenticationRequest securityModeCommand registrationAccept configurationUpdateCommand null_action authenticationRequest securityModeCommand null_action identityRequest | null_action]
Jul 31, 2026 12:04:35 AM org.slf4j.helpers.SubstituteLogger info
INFO: [registrationRequest authenticationResponse securityModeComplete registrationComplete deregistrationRequest registrationRequest authenticationResponse securityModeReject registrationRequest | registrationRequestGUTI / authenticationRequest securityModeCommand registrationAccept configurationUpdateCommand null_action authenticationRequest securityModeCommand null_action authenticationRequest | authenticationRequest]
Jul 31, 2026 12:05:01 AM org.slf4j.helpers.SubstituteLogger info
INFO: [registrationRequest authenticationResponse securityModeComplete registrationComplete deregistrationRequest registrationRequest authenticationResponse securityModeReject configurationUpdateComplete | registrationRequest / authenticationRequest securityModeCommand registrationAccept configurationUpdateCommand null_action authenticationRequest securityModeCommand null_action null_action | null_action]
Jul 31, 2026 12:05:29 AM org.slf4j.helpers.SubstituteLogger info
INFO: [registrationRequest authenticationResponse securityModeComplete registrationComplete deregistrationRequest registrationRequest authenticationResponse securityModeReject identityResponse | registrationComplete registrationRequestGUTI / authenticationRequest securityModeCommand registrationAccept configurationUpdateCommand null_action authenticationRequest securityModeCommand null_action null_action | null_action null_action]
Jul 31, 2026 12:05:52 AM org.slf4j.helpers.SubstituteLogger info
INFO: [registrationRequest authenticationResponse securityModeComplete registrationComplete deregistrationRequest registrationRequest authenticationResponse securityModeReject securityModeComplete | registrationRequest / authenticationRequest securityModeCommand registrationAccept configurationUpdateCommand null_action authenticationRequest securityModeCommand null_action null_action | null_action]
Jul 31, 2026 12:06:15 AM org.slf4j.helpers.SubstituteLogger info
INFO: [registrationRequest authenticationResponse securityModeComplete registrationComplete deregistrationRequest registrationRequest authenticationResponse securityModeReject deregistrationAccept | registrationRequest / authenticationRequest securityModeCommand registrationAccept configurationUpdateCommand null_action authenticationRequest securityModeCommand null_action null_action | null_action]
Jul 31, 2026 12:06:40 AM org.slf4j.helpers.SubstituteLogger info
INFO: [registrationRequest authenticationResponse securityModeComplete registrationComplete deregistrationRequest registrationRequest authenticationResponse securityModeReject authenticationFailure | registrationRequest / authenticationRequest securityModeCommand registrationAccept configurationUpdateCommand null_action authenticationRequest securityModeCommand null_action null_action | null_action]
Jul 31, 2026 12:07:04 AM org.slf4j.helpers.SubstituteLogger info
INFO: [registrationRequest authenticationResponse securityModeComplete registrationComplete deregistrationRequest registrationRequest authenticationResponse securityModeReject authenticationResponse | registrationRequest / authenticationRequest securityModeCommand registrationAccept configurationUpdateCommand null_action authenticationRequest securityModeCommand null_action null_action | null_action]
Jul 31, 2026 12:07:27 AM org.slf4j.helpers.SubstituteLogger info
INFO: [registrationRequest authenticationResponse securityModeComplete registrationComplete deregistrationRequest registrationRequest authenticationResponse securityModeReject securityModeReject | registrationRequest / authenticationRequest securityModeCommand registrationAccept configurationUpdateCommand null_action authenticationRequest securityModeCommand null_action null_action | null_action]
Jul 31, 2026 12:08:18 AM org.slf4j.helpers.SubstituteLogger info
INFO: [registrationRequest authenticationResponse securityModeComplete registrationComplete deregistrationRequest registrationRequest authenticationResponse securityModeReject serviceRequest | registrationComplete registrationRequestGUTI / authenticationRequest securityModeCommand registrationAccept configurationUpdateCommand null_action authenticationRequest securityModeCommand null_action null_action | null_action null_action]
Jul 31, 2026 12:08:39 AM org.slf4j.helpers.SubstituteLogger info
INFO: [registrationRequest authenticationResponse securityModeComplete registrationComplete deregistrationRequest registrationRequest authenticationResponse securityModeReject deregistrationRequest | registrationComplete registrationRequestGUTI / authenticationRequest securityModeCommand registrationAccept configurationUpdateCommand null_action authenticationRequest securityModeCommand null_action null_action | null_action identityRequest]
Jul 31, 2026 12:09:04 AM org.slf4j.helpers.SubstituteLogger info
INFO: [registrationRequest authenticationResponse securityModeComplete registrationComplete deregistrationRequest registrationRequest authenticationResponse securityModeReject registrationComplete | registrationRequest / authenticationRequest securityModeCommand registrationAccept configurationUpdateCommand null_action authenticationRequest securityModeCommand null_action null_action | null_action]
Jul 31, 2026 12:09:23 AM org.slf4j.helpers.SubstituteLogger info
INFO: [registrationRequest authenticationResponse securityModeComplete registrationComplete deregistrationRequest registrationRequest authenticationResponse securityModeReject registrationRequestGUTI | registrationRequest / authenticationRequest securityModeCommand registrationAccept configurationUpdateCommand null_action authenticationRequest securityModeCommand null_action identityRequest | authenticationRequest]
Jul 31, 2026 12:09:42 AM org.slf4j.helpers.SubstituteLogger info
INFO: [registrationRequest authenticationResponse securityModeComplete registrationComplete deregistrationRequest registrationRequest authenticationResponse securityModeReject registrationRequest | authenticationResponse / authenticationRequest securityModeCommand registrationAccept configurationUpdateCommand null_action authenticationRequest securityModeCommand null_action authenticationRequest | securityModeCommand]
Jul 31, 2026 12:10:07 AM org.slf4j.helpers.SubstituteLogger info
INFO: [registrationRequest authenticationResponse securityModeComplete registrationComplete deregistrationRequest registrationRequest authenticationResponse securityModeReject deregistrationRequest | registrationRequest authenticationResponse securityModeComplete / authenticationRequest securityModeCommand registrationAccept configurationUpdateCommand null_action authenticationRequest securityModeCommand null_action null_action | authenticationRequest securityModeCommand registrationAccept]
Jul 31, 2026 12:10:07 AM org.slf4j.helpers.SubstituteLogger info
INFO: [registrationRequest authenticationResponse securityModeComplete registrationComplete deregistrationRequest registrationRequest authenticationResponse securityModeReject registrationRequest | authenticationResponse securityModeComplete / authenticationRequest securityModeCommand registrationAccept configurationUpdateCommand null_action authenticationRequest securityModeCommand null_action authenticationRequest | securityModeCommand registrationAccept]
Jul 31, 2026 12:10:31 AM org.slf4j.helpers.SubstituteLogger info
INFO: [registrationRequest authenticationResponse securityModeComplete registrationComplete deregistrationRequest registrationRequest authenticationResponse securityModeReject registrationRequest | deregistrationRequest registrationRequestGUTI / authenticationRequest securityModeCommand registrationAccept configurationUpdateCommand null_action authenticationRequest securityModeCommand null_action authenticationRequest | null_action identityRequest]
Jul 31, 2026 12:10:53 AM org.slf4j.helpers.SubstituteLogger info
INFO: [registrationRequest authenticationResponse securityModeComplete registrationComplete deregistrationRequest registrationRequest authenticationResponse securityModeReject serviceRequest | registrationRequest authenticationResponse securityModeComplete / authenticationRequest securityModeCommand registrationAccept configurationUpdateCommand null_action authenticationRequest securityModeCommand null_action null_action | authenticationRequest securityModeCommand registrationAccept]
Jul 31, 2026 12:11:16 AM org.slf4j.helpers.SubstituteLogger info
INFO: [registrationRequest authenticationResponse securityModeComplete registrationComplete deregistrationRequest registrationRequest authenticationResponse securityModeReject identityResponse | registrationRequest authenticationResponse securityModeComplete / authenticationRequest securityModeCommand registrationAccept configurationUpdateCommand null_action authenticationRequest securityModeCommand null_action null_action | authenticationRequest securityModeCommand registrationAccept]
Jul 31, 2026 12:11:16 AM org.slf4j.helpers.SubstituteLogger info
INFO: [registrationRequest authenticationResponse securityModeReject registrationRequest authenticationResponse securityModeReject | registrationRequest authenticationResponse securityModeComplete / authenticationRequest securityModeCommand null_action authenticationRequest securityModeCommand null_action | authenticationRequest securityModeCommand null_action]
Jul 31, 2026 12:11:34 AM org.slf4j.helpers.SubstituteLogger info
INFO: [registrationRequest authenticationResponse securityModeReject identityResponse | registrationRequest authenticationResponse securityModeComplete / authenticationRequest securityModeCommand null_action null_action | authenticationRequest securityModeCommand null_action]
Jul 31, 2026 12:11:34 AM org.slf4j.helpers.SubstituteLogger info
INFO: [registrationRequest authenticationResponse securityModeReject serviceRequest | registrationRequest authenticationResponse securityModeComplete / authenticationRequest securityModeCommand null_action null_action | authenticationRequest securityModeCommand null_action]
Jul 31, 2026 9:12:28 AM org.slf4j.helpers.SubstituteLogger info
INFO: [registrationRequest authenticationResponse securityModeReject registrationRequest authenticationResponse | deregistrationRequest registrationRequestGUTI deregistrationRequest registrationRequest authenticationResponse securityModeComplete / authenticationRequest securityModeCommand null_action authenticationRequest securityModeCommand | null_action identityRequest null_action authenticationRequest securityModeCommand null_action]
Jul 31, 2026 9:12:28 AM org.slf4j.helpers.SubstituteLogger info
INFO: [registrationRequestGUTI | deregistrationRequest registrationRequest authenticationResponse securityModeComplete / identityRequest | null_action authenticationRequest securityModeCommand registrationAccept]
Jul 31, 2026 9:12:28 AM org.slf4j.helpers.SubstituteLogger info
INFO: [registrationRequest authenticationResponse securityModeReject registrationRequest authenticationResponse deregistrationRequest | registrationRequestGUTI deregistrationRequest registrationRequest authenticationResponse securityModeComplete / authenticationRequest securityModeCommand null_action authenticationRequest securityModeCommand null_action | identityRequest null_action authenticationRequest securityModeCommand null_action]
Jul 31, 2026 9:12:28 AM org.slf4j.helpers.SubstituteLogger info
INFO: [registrationRequest authenticationResponse securityModeReject registrationRequest authenticationResponse deregistrationRequest registrationRequestGUTI | registrationRequest / authenticationRequest securityModeCommand null_action authenticationRequest securityModeCommand null_action identityRequest | authenticationRequest]
Jul 31, 2026 9:12:28 AM org.slf4j.helpers.SubstituteLogger info
INFO: [registrationRequest authenticationResponse securityModeReject registrationRequest authenticationResponse deregistrationRequest registrationRequestGUTI | registrationRequestGUTI / authenticationRequest securityModeCommand null_action authenticationRequest securityModeCommand null_action identityRequest | null_action]
Jul 31, 2026 9:12:47 AM org.slf4j.helpers.SubstituteLogger info
INFO: [registrationRequest authenticationResponse securityModeReject registrationRequest authenticationResponse deregistrationRequest registrationRequestGUTI | registrationComplete / authenticationRequest securityModeCommand null_action authenticationRequest securityModeCommand null_action identityRequest | null_action]
Jul 31, 2026 9:13:08 AM org.slf4j.helpers.SubstituteLogger info
INFO: [registrationRequest authenticationResponse securityModeReject registrationRequest authenticationResponse deregistrationRequest registrationRequestGUTI | deregistrationRequest / authenticationRequest securityModeCommand null_action authenticationRequest securityModeCommand null_action identityRequest | null_action]
Jul 31, 2026 9:13:25 AM org.slf4j.helpers.SubstituteLogger info
INFO: [registrationRequest authenticationResponse securityModeReject registrationRequest authenticationResponse deregistrationRequest registrationRequestGUTI | serviceRequest / authenticationRequest securityModeCommand null_action authenticationRequest securityModeCommand null_action identityRequest | null_action]
Jul 31, 2026 9:13:44 AM org.slf4j.helpers.SubstituteLogger info
INFO: [registrationRequest authenticationResponse securityModeReject registrationRequest authenticationResponse deregistrationRequest registrationRequestGUTI | securityModeReject / authenticationRequest securityModeCommand null_action authenticationRequest securityModeCommand null_action identityRequest | null_action]
Jul 31, 2026 9:13:44 AM org.slf4j.helpers.SubstituteLogger info
INFO: [registrationRequest authenticationResponse securityModeReject registrationRequest authenticationResponse deregistrationRequest registrationRequestGUTI | authenticationResponse / authenticationRequest securityModeCommand null_action authenticationRequest securityModeCommand null_action identityRequest | null_action]
Jul 31, 2026 9:14:02 AM org.slf4j.helpers.SubstituteLogger info
INFO: [registrationRequest authenticationResponse securityModeReject registrationRequest authenticationResponse deregistrationRequest registrationRequestGUTI | authenticationFailure / authenticationRequest securityModeCommand null_action authenticationRequest securityModeCommand null_action identityRequest | null_action]
Jul 31, 2026 9:14:21 AM org.slf4j.helpers.SubstituteLogger info
INFO: [registrationRequest authenticationResponse securityModeReject registrationRequest authenticationResponse deregistrationRequest registrationRequestGUTI | deregistrationAccept / authenticationRequest securityModeCommand null_action authenticationRequest securityModeCommand null_action identityRequest | null_action]
Jul 31, 2026 9:14:21 AM org.slf4j.helpers.SubstituteLogger info
INFO: [registrationRequest authenticationResponse securityModeReject registrationRequest authenticationResponse deregistrationRequest registrationRequestGUTI | securityModeComplete / authenticationRequest securityModeCommand null_action authenticationRequest securityModeCommand null_action identityRequest | null_action]
Jul 31, 2026 9:14:38 AM org.slf4j.helpers.SubstituteLogger info
INFO: [registrationRequest authenticationResponse securityModeReject registrationRequest authenticationResponse deregistrationRequest registrationRequestGUTI | identityResponse / authenticationRequest securityModeCommand null_action authenticationRequest securityModeCommand null_action identityRequest | authenticationRequest]
Jul 31, 2026 9:15:35 AM org.slf4j.helpers.SubstituteLogger info
INFO: [registrationRequest authenticationResponse securityModeReject registrationRequest authenticationResponse deregistrationRequest registrationRequestGUTI | configurationUpdateComplete / authenticationRequest securityModeCommand null_action authenticationRequest securityModeCommand null_action identityRequest | null_action]
Jul 31, 2026 9:15:55 AM org.slf4j.helpers.SubstituteLogger info
INFO: [registrationRequest authenticationResponse securityModeReject registrationRequest authenticationResponse deregistrationRequest registrationRequestGUTI configurationUpdateComplete | registrationRequestGUTI / authenticationRequest securityModeCommand null_action authenticationRequest securityModeCommand null_action identityRequest null_action | null_action]
Jul 31, 2026 9:16:13 AM org.slf4j.helpers.SubstituteLogger info
INFO: [registrationRequest authenticationResponse securityModeReject registrationRequest authenticationResponse deregistrationRequest registrationRequestGUTI identityResponse | registrationRequestGUTI / authenticationRequest securityModeCommand null_action authenticationRequest securityModeCommand null_action identityRequest authenticationRequest | authenticationRequest]
Jul 31, 2026 9:16:33 AM org.slf4j.helpers.SubstituteLogger info
INFO: [registrationRequest authenticationResponse securityModeReject registrationRequest authenticationResponse deregistrationRequest registrationRequestGUTI securityModeComplete | registrationRequestGUTI / authenticationRequest securityModeCommand null_action authenticationRequest securityModeCommand null_action identityRequest null_action | null_action]
Jul 31, 2026 9:16:55 AM org.slf4j.helpers.SubstituteLogger info
INFO: [registrationRequest authenticationResponse securityModeReject registrationRequest authenticationResponse deregistrationRequest registrationRequestGUTI deregistrationAccept | registrationRequestGUTI / authenticationRequest securityModeCommand null_action authenticationRequest securityModeCommand null_action identityRequest null_action | null_action]
Jul 31, 2026 9:17:17 AM org.slf4j.helpers.SubstituteLogger info
INFO: [registrationRequest authenticationResponse securityModeReject registrationRequest authenticationResponse deregistrationRequest registrationRequestGUTI authenticationFailure | registrationRequestGUTI / authenticationRequest securityModeCommand null_action authenticationRequest securityModeCommand null_action identityRequest null_action | null_action]
Jul 31, 2026 9:17:38 AM org.slf4j.helpers.SubstituteLogger info
INFO: [registrationRequest authenticationResponse securityModeReject registrationRequest authenticationResponse deregistrationRequest registrationRequestGUTI authenticationResponse | registrationRequestGUTI / authenticationRequest securityModeCommand null_action authenticationRequest securityModeCommand null_action identityRequest null_action | null_action]
Jul 31, 2026 9:18:04 AM org.slf4j.helpers.SubstituteLogger info
INFO: [registrationRequest authenticationResponse securityModeReject registrationRequest authenticationResponse deregistrationRequest registrationRequestGUTI securityModeReject | registrationRequestGUTI / authenticationRequest securityModeCommand null_action authenticationRequest securityModeCommand null_action identityRequest null_action | null_action]
Jul 31, 2026 9:18:24 AM org.slf4j.helpers.SubstituteLogger info
INFO: [registrationRequest authenticationResponse securityModeReject registrationRequest authenticationResponse deregistrationRequest registrationRequestGUTI serviceRequest | registrationRequestGUTI / authenticationRequest securityModeCommand null_action authenticationRequest securityModeCommand null_action identityRequest null_action | null_action]
Jul 31, 2026 9:18:24 AM org.slf4j.helpers.SubstituteLogger info
INFO: [registrationRequest authenticationResponse securityModeReject registrationRequest authenticationResponse deregistrationRequest registrationRequestGUTI deregistrationRequest | registrationRequestGUTI / authenticationRequest securityModeCommand null_action authenticationRequest securityModeCommand null_action identityRequest null_action | identityRequest]
Jul 31, 2026 9:18:24 AM org.slf4j.helpers.SubstituteLogger info
INFO: [registrationRequest authenticationResponse securityModeReject registrationRequest authenticationResponse deregistrationRequest registrationRequestGUTI registrationComplete | registrationRequestGUTI / authenticationRequest securityModeCommand null_action authenticationRequest securityModeCommand null_action identityRequest null_action | null_action]
Jul 31, 2026 9:18:24 AM org.slf4j.helpers.SubstituteLogger info
INFO: [registrationRequest authenticationResponse securityModeReject registrationRequest authenticationResponse deregistrationRequest registrationRequestGUTI registrationRequestGUTI | registrationRequestGUTI / authenticationRequest securityModeCommand null_action authenticationRequest securityModeCommand null_action identityRequest null_action | null_action]
Jul 31, 2026 9:18:24 AM org.slf4j.helpers.SubstituteLogger info
INFO: [registrationRequest authenticationResponse securityModeReject registrationRequest authenticationResponse deregistrationRequest registrationRequestGUTI registrationRequest | registrationRequestGUTI / authenticationRequest securityModeCommand null_action authenticationRequest securityModeCommand null_action identityRequest authenticationRequest | authenticationRequest]
Jul 31, 2026 9:18:44 AM org.slf4j.helpers.SubstituteLogger info
INFO: [registrationRequest authenticationResponse securityModeReject registrationRequest authenticationResponse deregistrationRequest registrationRequestGUTI configurationUpdateComplete | registrationRequest / authenticationRequest securityModeCommand null_action authenticationRequest securityModeCommand null_action identityRequest null_action | authenticationRequest]
Jul 31, 2026 9:19:29 AM org.slf4j.helpers.SubstituteLogger info
INFO: [registrationRequest authenticationResponse securityModeReject registrationRequest authenticationResponse deregistrationRequest registrationRequestGUTI identityResponse | authenticationResponse / authenticationRequest securityModeCommand null_action authenticationRequest securityModeCommand null_action identityRequest authenticationRequest | securityModeCommand]
Jul 31, 2026 9:19:48 AM org.slf4j.helpers.SubstituteLogger info
INFO: [registrationRequest authenticationResponse securityModeReject registrationRequest authenticationResponse deregistrationRequest registrationRequestGUTI securityModeComplete | registrationRequest / authenticationRequest securityModeCommand null_action authenticationRequest securityModeCommand null_action identityRequest null_action | authenticationRequest]
Jul 31, 2026 9:20:08 AM org.slf4j.helpers.SubstituteLogger info
INFO: [registrationRequest authenticationResponse securityModeReject registrationRequest authenticationResponse deregistrationRequest registrationRequestGUTI deregistrationAccept | registrationRequest / authenticationRequest securityModeCommand null_action authenticationRequest securityModeCommand null_action identityRequest null_action | authenticationRequest]
Jul 31, 2026 9:20:30 AM org.slf4j.helpers.SubstituteLogger info
INFO: [registrationRequest authenticationResponse securityModeReject registrationRequest authenticationResponse deregistrationRequest registrationRequestGUTI authenticationFailure | registrationRequest / authenticationRequest securityModeCommand null_action authenticationRequest securityModeCommand null_action identityRequest null_action | authenticationRequest]
Jul 31, 2026 9:20:54 AM org.slf4j.helpers.SubstituteLogger info
INFO: [registrationRequest authenticationResponse securityModeReject registrationRequest authenticationResponse deregistrationRequest registrationRequestGUTI authenticationResponse | registrationRequest / authenticationRequest securityModeCommand null_action authenticationRequest securityModeCommand null_action identityRequest null_action | authenticationRequest]
Jul 31, 2026 9:21:14 AM org.slf4j.helpers.SubstituteLogger info
INFO: [registrationRequest authenticationResponse securityModeReject registrationRequest authenticationResponse deregistrationRequest registrationRequestGUTI securityModeReject | registrationRequest / authenticationRequest securityModeCommand null_action authenticationRequest securityModeCommand null_action identityRequest null_action | authenticationRequest]
Jul 31, 2026 9:21:34 AM org.slf4j.helpers.SubstituteLogger info
INFO: [registrationRequest authenticationResponse securityModeReject registrationRequest authenticationResponse deregistrationRequest registrationRequestGUTI serviceRequest | registrationRequest / authenticationRequest securityModeCommand null_action authenticationRequest securityModeCommand null_action identityRequest null_action | authenticationRequest]
Jul 31, 2026 9:21:54 AM org.slf4j.helpers.SubstituteLogger info
INFO: [registrationRequest authenticationResponse securityModeReject registrationRequest authenticationResponse deregistrationRequest registrationRequestGUTI deregistrationRequest | registrationComplete registrationRequestGUTI / authenticationRequest securityModeCommand null_action authenticationRequest securityModeCommand null_action identityRequest null_action | null_action identityRequest]
Jul 31, 2026 9:21:54 AM org.slf4j.helpers.SubstituteLogger info
INFO: [registrationRequest authenticationResponse securityModeReject registrationRequest authenticationResponse deregistrationRequest registrationRequestGUTI registrationComplete | registrationRequest / authenticationRequest securityModeCommand null_action authenticationRequest securityModeCommand null_action identityRequest null_action | authenticationRequest]
Jul 31, 2026 9:21:54 AM org.slf4j.helpers.SubstituteLogger info
INFO: [registrationRequest authenticationResponse securityModeReject registrationRequest authenticationResponse deregistrationRequest registrationRequestGUTI registrationRequestGUTI | registrationRequest / authenticationRequest securityModeCommand null_action authenticationRequest securityModeCommand null_action identityRequest null_action | authenticationRequest]
Jul 31, 2026 9:21:54 AM org.slf4j.helpers.SubstituteLogger info
INFO: [registrationRequest authenticationResponse securityModeReject registrationRequest authenticationResponse deregistrationRequest registrationRequestGUTI registrationRequest | authenticationResponse / authenticationRequest securityModeCommand null_action authenticationRequest securityModeCommand null_action identityRequest authenticationRequest | securityModeCommand]
Jul 31, 2026 9:22:15 AM org.slf4j.helpers.SubstituteLogger info
INFO: [registrationRequest authenticationResponse securityModeReject registrationRequest authenticationResponse deregistrationRequest registrationRequestGUTI identityResponse | authenticationResponse securityModeComplete / authenticationRequest securityModeCommand null_action authenticationRequest securityModeCommand null_action identityRequest authenticationRequest | securityModeCommand registrationAccept]
Jul 31, 2026 9:22:15 AM org.slf4j.helpers.SubstituteLogger info
INFO: [registrationRequest authenticationResponse securityModeReject registrationRequest authenticationResponse deregistrationRequest registrationRequestGUTI deregistrationRequest | registrationRequest authenticationResponse securityModeComplete / authenticationRequest securityModeCommand null_action authenticationRequest securityModeCommand null_action identityRequest null_action | authenticationRequest securityModeCommand null_action]
Jul 31, 2026 9:22:15 AM org.slf4j.helpers.SubstituteLogger info
INFO: [registrationRequest authenticationResponse securityModeReject registrationRequest authenticationResponse deregistrationRequest registrationRequestGUTI registrationRequest | authenticationResponse securityModeComplete / authenticationRequest securityModeCommand null_action authenticationRequest securityModeCommand null_action identityRequest authenticationRequest | securityModeCommand registrationAccept]
Jul 31, 2026 9:22:36 AM org.slf4j.helpers.SubstituteLogger info
INFO: [registrationRequest authenticationResponse securityModeReject registrationRequest authenticationResponse deregistrationRequest registrationRequestGUTI identityResponse | deregistrationRequest registrationRequestGUTI / authenticationRequest securityModeCommand null_action authenticationRequest securityModeCommand null_action identityRequest authenticationRequest | null_action identityRequest]
Jul 31, 2026 9:22:36 AM org.slf4j.helpers.SubstituteLogger info
INFO: [registrationRequest authenticationResponse securityModeReject registrationRequest authenticationResponse deregistrationRequest registrationRequestGUTI registrationRequest | deregistrationRequest registrationRequestGUTI / authenticationRequest securityModeCommand null_action authenticationRequest securityModeCommand null_action identityRequest authenticationRequest | null_action identityRequest]
Jul 31, 2026 9:23:42 AM org.slf4j.helpers.SubstituteLogger info
INFO: [registrationRequest authenticationResponse securityModeReject registrationRequest authenticationResponse deregistrationRequest registrationRequestGUTI registrationRequestGUTI | deregistrationRequest registrationRequest authenticationResponse securityModeComplete / authenticationRequest securityModeCommand null_action authenticationRequest securityModeCommand null_action identityRequest null_action | null_action authenticationRequest securityModeCommand null_action]
Jul 31, 2026 9:24:06 AM org.slf4j.helpers.SubstituteLogger info
INFO: [registrationRequest authenticationResponse securityModeReject registrationRequest authenticationResponse deregistrationRequest registrationRequestGUTI registrationComplete | deregistrationRequest registrationRequest authenticationResponse securityModeComplete / authenticationRequest securityModeCommand null_action authenticationRequest securityModeCommand null_action identityRequest null_action | null_action authenticationRequest securityModeCommand null_action]
Jul 31, 2026 9:24:33 AM org.slf4j.helpers.SubstituteLogger info
INFO: [registrationRequest authenticationResponse securityModeReject registrationRequest authenticationResponse deregistrationRequest registrationRequestGUTI serviceRequest | deregistrationRequest registrationRequest authenticationResponse securityModeComplete / authenticationRequest securityModeCommand null_action authenticationRequest securityModeCommand null_action identityRequest null_action | null_action authenticationRequest securityModeCommand null_action]
Jul 31, 2026 9:25:04 AM org.slf4j.helpers.SubstituteLogger info
INFO: [registrationRequest authenticationResponse securityModeReject registrationRequest authenticationResponse deregistrationRequest registrationRequestGUTI securityModeReject | deregistrationRequest registrationRequest authenticationResponse securityModeComplete / authenticationRequest securityModeCommand null_action authenticationRequest securityModeCommand null_action identityRequest null_action | null_action authenticationRequest securityModeCommand null_action]
Jul 31, 2026 9:25:35 AM org.slf4j.helpers.SubstituteLogger info
INFO: [registrationRequest authenticationResponse securityModeReject registrationRequest authenticationResponse deregistrationRequest registrationRequestGUTI authenticationResponse | deregistrationRequest registrationRequest authenticationResponse securityModeComplete / authenticationRequest securityModeCommand null_action authenticationRequest securityModeCommand null_action identityRequest null_action | null_action authenticationRequest securityModeCommand null_action]
Jul 31, 2026 9:26:02 AM org.slf4j.helpers.SubstituteLogger info
INFO: [registrationRequest authenticationResponse securityModeReject registrationRequest authenticationResponse deregistrationRequest registrationRequestGUTI authenticationFailure | deregistrationRequest registrationRequest authenticationResponse securityModeComplete / authenticationRequest securityModeCommand null_action authenticationRequest securityModeCommand null_action identityRequest null_action | null_action authenticationRequest securityModeCommand null_action]
Jul 31, 2026 9:26:29 AM org.slf4j.helpers.SubstituteLogger info
INFO: [registrationRequest authenticationResponse securityModeReject registrationRequest authenticationResponse deregistrationRequest registrationRequestGUTI deregistrationAccept | deregistrationRequest registrationRequest authenticationResponse securityModeComplete / authenticationRequest securityModeCommand null_action authenticationRequest securityModeCommand null_action identityRequest null_action | null_action authenticationRequest securityModeCommand null_action]
Jul 31, 2026 9:26:54 AM org.slf4j.helpers.SubstituteLogger info
INFO: [registrationRequest authenticationResponse securityModeReject registrationRequest authenticationResponse deregistrationRequest registrationRequestGUTI securityModeComplete | deregistrationRequest registrationRequest authenticationResponse securityModeComplete / authenticationRequest securityModeCommand null_action authenticationRequest securityModeCommand null_action identityRequest null_action | null_action authenticationRequest securityModeCommand null_action]
Jul 31, 2026 9:27:21 AM org.slf4j.helpers.SubstituteLogger info
INFO: [registrationRequest authenticationResponse securityModeReject registrationRequest authenticationResponse deregistrationRequest registrationRequestGUTI configurationUpdateComplete | deregistrationRequest registrationRequest authenticationResponse securityModeComplete / authenticationRequest securityModeCommand null_action authenticationRequest securityModeCommand null_action identityRequest null_action | null_action authenticationRequest securityModeCommand null_action]
Jul 31, 2026 9:27:46 AM org.slf4j.helpers.SubstituteLogger info
INFO: [registrationRequest authenticationResponse securityModeComplete registrationComplete deregistrationRequest registrationRequest authenticationResponse securityModeReject registrationRequestGUTI | deregistrationRequest registrationRequest authenticationResponse securityModeComplete / authenticationRequest securityModeCommand registrationAccept configurationUpdateCommand null_action authenticationRequest securityModeCommand null_action identityRequest | null_action authenticationRequest securityModeCommand registrationAccept]
Jul 31, 2026 9:28:44 AM org.slf4j.helpers.SubstituteLogger info
INFO: [registrationRequest authenticationResponse securityModeReject registrationRequestGUTI | deregistrationRequest registrationRequest authenticationResponse securityModeComplete / authenticationRequest securityModeCommand null_action identityRequest | null_action authenticationRequest securityModeCommand registrationAccept]
Jul 31, 2026 9:28:56 AM org.slf4j.helpers.SubstituteLogger info
INFO: [registrationRequestGUTI configurationUpdateComplete | deregistrationRequest registrationRequest authenticationResponse securityModeComplete / identityRequest null_action | null_action authenticationRequest securityModeCommand registrationAccept]
Jul 31, 2026 9:29:09 AM org.slf4j.helpers.SubstituteLogger info
INFO: [registrationRequestGUTI securityModeComplete | deregistrationRequest registrationRequest authenticationResponse securityModeComplete / identityRequest null_action | null_action authenticationRequest securityModeCommand registrationAccept]
Jul 31, 2026 9:29:24 AM org.slf4j.helpers.SubstituteLogger info
INFO: [registrationRequestGUTI deregistrationAccept | deregistrationRequest registrationRequest authenticationResponse securityModeComplete / identityRequest null_action | null_action authenticationRequest securityModeCommand registrationAccept]
Jul 31, 2026 9:29:41 AM org.slf4j.helpers.SubstituteLogger info
INFO: [registrationRequestGUTI authenticationFailure | deregistrationRequest registrationRequest authenticationResponse securityModeComplete / identityRequest null_action | null_action authenticationRequest securityModeCommand registrationAccept]
Jul 31, 2026 9:29:58 AM org.slf4j.helpers.SubstituteLogger info
INFO: [registrationRequestGUTI authenticationResponse | deregistrationRequest registrationRequest authenticationResponse securityModeComplete / identityRequest null_action | null_action authenticationRequest securityModeCommand registrationAccept]
Jul 31, 2026 9:30:13 AM org.slf4j.helpers.SubstituteLogger info
INFO: [registrationRequestGUTI securityModeReject | deregistrationRequest registrationRequest authenticationResponse securityModeComplete / identityRequest null_action | null_action authenticationRequest securityModeCommand registrationAccept]
Jul 31, 2026 9:30:25 AM org.slf4j.helpers.SubstituteLogger info
INFO: [registrationRequestGUTI serviceRequest | deregistrationRequest registrationRequest authenticationResponse securityModeComplete / identityRequest null_action | null_action authenticationRequest securityModeCommand registrationAccept]
Jul 31, 2026 9:30:38 AM org.slf4j.helpers.SubstituteLogger info
INFO: [registrationRequestGUTI registrationComplete | deregistrationRequest registrationRequest authenticationResponse securityModeComplete / identityRequest null_action | null_action authenticationRequest securityModeCommand registrationAccept]
Jul 31, 2026 9:30:53 AM org.slf4j.helpers.SubstituteLogger info
INFO: [registrationRequestGUTI registrationRequestGUTI | deregistrationRequest registrationRequest authenticationResponse securityModeComplete / identityRequest null_action | null_action authenticationRequest securityModeCommand registrationAccept]
Jul 31, 2026 7:18:08 PM org.slf4j.helpers.SubstituteLogger info
INFO: [registrationRequest authenticationResponse securityModeReject registrationRequest authenticationResponse | registrationRequest authenticationResponse securityModeReject registrationRequest authenticationResponse securityModeComplete / authenticationRequest securityModeCommand null_action authenticationRequest securityModeCommand | authenticationRequest securityModeCommand null_action authenticationRequest securityModeCommand registrationAccept]
Jul 31, 2026 7:18:08 PM org.slf4j.helpers.SubstituteLogger info
INFO: [registrationRequest authenticationResponse securityModeReject registrationRequest authenticationResponse | securityModeReject registrationRequest authenticationResponse securityModeComplete / authenticationRequest securityModeCommand null_action authenticationRequest securityModeCommand | null_action authenticationRequest securityModeCommand null_action]
Jul 31, 2026 7:18:28 PM org.slf4j.helpers.SubstituteLogger info
INFO: [registrationRequest authenticationResponse securityModeReject registrationRequest authenticationResponse registrationRequestGUTI | authenticationResponse securityModeReject registrationRequest authenticationResponse securityModeComplete / authenticationRequest securityModeCommand null_action authenticationRequest securityModeCommand authenticationRequest | securityModeCommand null_action authenticationRequest securityModeCommand registrationAccept]
Jul 31, 2026 7:18:29 PM org.slf4j.helpers.SubstituteLogger info
INFO: [registrationRequest authenticationResponse securityModeReject registrationRequest authenticationResponse registrationRequestGUTI authenticationResponse | registrationRequest / authenticationRequest securityModeCommand null_action authenticationRequest securityModeCommand authenticationRequest securityModeCommand | authenticationRequest]
Jul 31, 2026 7:18:29 PM org.slf4j.helpers.SubstituteLogger info
INFO: [registrationRequest authenticationResponse securityModeReject registrationRequest authenticationResponse registrationRequestGUTI authenticationResponse | registrationRequestGUTI / authenticationRequest securityModeCommand null_action authenticationRequest securityModeCommand authenticationRequest securityModeCommand | authenticationRequest]
Jul 31, 2026 7:18:45 PM org.slf4j.helpers.SubstituteLogger info
INFO: [registrationRequest authenticationResponse securityModeReject registrationRequest authenticationResponse registrationRequestGUTI authenticationResponse | registrationComplete / authenticationRequest securityModeCommand null_action authenticationRequest securityModeCommand authenticationRequest securityModeCommand | null_action]
Jul 31, 2026 7:19:02 PM org.slf4j.helpers.SubstituteLogger info
INFO: [registrationRequest authenticationResponse securityModeReject registrationRequest authenticationResponse registrationRequestGUTI authenticationResponse | deregistrationRequest / authenticationRequest securityModeCommand null_action authenticationRequest securityModeCommand authenticationRequest securityModeCommand | null_action]
Jul 31, 2026 7:19:42 PM org.slf4j.helpers.SubstituteLogger info
INFO: [registrationRequest authenticationResponse securityModeReject registrationRequest authenticationResponse registrationRequestGUTI authenticationResponse | serviceRequest / authenticationRequest securityModeCommand null_action authenticationRequest securityModeCommand authenticationRequest securityModeCommand | null_action]
Jul 31, 2026 7:19:59 PM org.slf4j.helpers.SubstituteLogger info
INFO: [registrationRequest authenticationResponse securityModeReject registrationRequest authenticationResponse registrationRequestGUTI authenticationResponse | securityModeReject / authenticationRequest securityModeCommand null_action authenticationRequest securityModeCommand authenticationRequest securityModeCommand | null_action]
Jul 31, 2026 7:19:59 PM org.slf4j.helpers.SubstituteLogger info
INFO: [registrationRequest authenticationResponse securityModeReject registrationRequest authenticationResponse registrationRequestGUTI authenticationResponse | authenticationResponse / authenticationRequest securityModeCommand null_action authenticationRequest securityModeCommand authenticationRequest securityModeCommand | null_action]
Jul 31, 2026 7:20:18 PM org.slf4j.helpers.SubstituteLogger info
INFO: [registrationRequest authenticationResponse securityModeReject registrationRequest authenticationResponse registrationRequestGUTI authenticationResponse | authenticationFailure / authenticationRequest securityModeCommand null_action authenticationRequest securityModeCommand authenticationRequest securityModeCommand | null_action]
Jul 31, 2026 7:20:35 PM org.slf4j.helpers.SubstituteLogger info
INFO: [registrationRequest authenticationResponse securityModeReject registrationRequest authenticationResponse registrationRequestGUTI authenticationResponse | deregistrationAccept / authenticationRequest securityModeCommand null_action authenticationRequest securityModeCommand authenticationRequest securityModeCommand | null_action]
Jul 31, 2026 7:20:35 PM org.slf4j.helpers.SubstituteLogger info
INFO: [registrationRequest authenticationResponse securityModeReject registrationRequest authenticationResponse registrationRequestGUTI authenticationResponse | securityModeComplete / authenticationRequest securityModeCommand null_action authenticationRequest securityModeCommand authenticationRequest securityModeCommand | null_action]
Jul 31, 2026 7:20:52 PM org.slf4j.helpers.SubstituteLogger info
INFO: [registrationRequest authenticationResponse securityModeReject registrationRequest authenticationResponse registrationRequestGUTI authenticationResponse | identityResponse / authenticationRequest securityModeCommand null_action authenticationRequest securityModeCommand authenticationRequest securityModeCommand | null_action]
Jul 31, 2026 7:21:09 PM org.slf4j.helpers.SubstituteLogger info
INFO: [registrationRequest authenticationResponse securityModeReject registrationRequest authenticationResponse registrationRequestGUTI authenticationResponse | configurationUpdateComplete / authenticationRequest securityModeCommand null_action authenticationRequest securityModeCommand authenticationRequest securityModeCommand | null_action]
Jul 31, 2026 7:21:27 PM org.slf4j.helpers.SubstituteLogger info
INFO: [registrationRequest authenticationResponse securityModeReject registrationRequest authenticationResponse registrationRequestGUTI authenticationResponse configurationUpdateComplete | registrationRequestGUTI / authenticationRequest securityModeCommand null_action authenticationRequest securityModeCommand authenticationRequest securityModeCommand null_action | authenticationRequest]
Jul 31, 2026 7:21:44 PM org.slf4j.helpers.SubstituteLogger info
INFO: [registrationRequest authenticationResponse securityModeReject registrationRequest authenticationResponse registrationRequestGUTI authenticationResponse identityResponse | registrationRequestGUTI / authenticationRequest securityModeCommand null_action authenticationRequest securityModeCommand authenticationRequest securityModeCommand null_action | authenticationRequest]
Jul 31, 2026 7:22:04 PM org.slf4j.helpers.SubstituteLogger info
INFO: [registrationRequest authenticationResponse securityModeReject registrationRequest authenticationResponse registrationRequestGUTI authenticationResponse securityModeComplete | registrationRequestGUTI / authenticationRequest securityModeCommand null_action authenticationRequest securityModeCommand authenticationRequest securityModeCommand null_action | authenticationRequest]
Jul 31, 2026 7:22:22 PM org.slf4j.helpers.SubstituteLogger info
INFO: [registrationRequest authenticationResponse securityModeReject registrationRequest authenticationResponse registrationRequestGUTI authenticationResponse deregistrationAccept | registrationRequestGUTI / authenticationRequest securityModeCommand null_action authenticationRequest securityModeCommand authenticationRequest securityModeCommand null_action | authenticationRequest]
Jul 31, 2026 7:23:07 PM org.slf4j.helpers.SubstituteLogger info
INFO: [registrationRequest authenticationResponse securityModeReject registrationRequest authenticationResponse registrationRequestGUTI authenticationResponse authenticationFailure | registrationRequestGUTI / authenticationRequest securityModeCommand null_action authenticationRequest securityModeCommand authenticationRequest securityModeCommand null_action | authenticationRequest]
Jul 31, 2026 7:23:25 PM org.slf4j.helpers.SubstituteLogger info
INFO: [registrationRequest authenticationResponse securityModeReject registrationRequest authenticationResponse registrationRequestGUTI authenticationResponse authenticationResponse | registrationRequestGUTI / authenticationRequest securityModeCommand null_action authenticationRequest securityModeCommand authenticationRequest securityModeCommand null_action | authenticationRequest]
Jul 31, 2026 7:23:43 PM org.slf4j.helpers.SubstituteLogger info
INFO: [registrationRequest authenticationResponse securityModeReject registrationRequest authenticationResponse registrationRequestGUTI authenticationResponse securityModeReject | registrationRequestGUTI / authenticationRequest securityModeCommand null_action authenticationRequest securityModeCommand authenticationRequest securityModeCommand null_action | identityRequest]
Jul 31, 2026 7:23:59 PM org.slf4j.helpers.SubstituteLogger info
INFO: [registrationRequest authenticationResponse securityModeReject registrationRequest authenticationResponse registrationRequestGUTI authenticationResponse serviceRequest | registrationRequestGUTI / authenticationRequest securityModeCommand null_action authenticationRequest securityModeCommand authenticationRequest securityModeCommand null_action | authenticationRequest]
Jul 31, 2026 7:23:59 PM org.slf4j.helpers.SubstituteLogger info
INFO: [registrationRequest authenticationResponse securityModeReject registrationRequest authenticationResponse registrationRequestGUTI authenticationResponse deregistrationRequest | registrationRequestGUTI / authenticationRequest securityModeCommand null_action authenticationRequest securityModeCommand authenticationRequest securityModeCommand null_action | identityRequest]
Jul 31, 2026 7:24:17 PM org.slf4j.helpers.SubstituteLogger info
INFO: [registrationRequest authenticationResponse securityModeReject registrationRequest authenticationResponse registrationRequestGUTI authenticationResponse registrationComplete | registrationRequestGUTI / authenticationRequest securityModeCommand null_action authenticationRequest securityModeCommand authenticationRequest securityModeCommand null_action | authenticationRequest]
Jul 31, 2026 7:24:35 PM org.slf4j.helpers.SubstituteLogger info
INFO: [registrationRequest authenticationResponse securityModeReject registrationRequest authenticationResponse registrationRequestGUTI authenticationResponse registrationRequestGUTI | registrationRequestGUTI / authenticationRequest securityModeCommand null_action authenticationRequest securityModeCommand authenticationRequest securityModeCommand authenticationRequest | authenticationRequest]
Jul 31, 2026 7:24:50 PM org.slf4j.helpers.SubstituteLogger info
INFO: [registrationRequest authenticationResponse securityModeReject registrationRequest authenticationResponse registrationRequestGUTI authenticationResponse registrationRequest | registrationRequestGUTI / authenticationRequest securityModeCommand null_action authenticationRequest securityModeCommand authenticationRequest securityModeCommand authenticationRequest | authenticationRequest]
Jul 31, 2026 7:25:10 PM org.slf4j.helpers.SubstituteLogger info
INFO: [registrationRequest authenticationResponse securityModeReject registrationRequest authenticationResponse registrationRequestGUTI authenticationResponse configurationUpdateComplete | authenticationResponse / authenticationRequest securityModeCommand null_action authenticationRequest securityModeCommand authenticationRequest securityModeCommand null_action | null_action]
Jul 31, 2026 7:25:34 PM org.slf4j.helpers.SubstituteLogger info
INFO: [registrationRequest authenticationResponse securityModeReject registrationRequest authenticationResponse registrationRequestGUTI authenticationResponse identityResponse | authenticationResponse / authenticationRequest securityModeCommand null_action authenticationRequest securityModeCommand authenticationRequest securityModeCommand null_action | null_action]
Jul 31, 2026 7:26:27 PM org.slf4j.helpers.SubstituteLogger info
INFO: [registrationRequest authenticationResponse securityModeReject registrationRequest authenticationResponse registrationRequestGUTI authenticationResponse securityModeComplete | authenticationResponse / authenticationRequest securityModeCommand null_action authenticationRequest securityModeCommand authenticationRequest securityModeCommand null_action | null_action]
Jul 31, 2026 7:26:47 PM org.slf4j.helpers.SubstituteLogger info
INFO: [registrationRequest authenticationResponse securityModeReject registrationRequest authenticationResponse registrationRequestGUTI authenticationResponse deregistrationAccept | authenticationResponse / authenticationRequest securityModeCommand null_action authenticationRequest securityModeCommand authenticationRequest securityModeCommand null_action | null_action]
Jul 31, 2026 7:27:06 PM org.slf4j.helpers.SubstituteLogger info
INFO: [registrationRequest authenticationResponse securityModeReject registrationRequest authenticationResponse registrationRequestGUTI authenticationResponse authenticationFailure | authenticationResponse / authenticationRequest securityModeCommand null_action authenticationRequest securityModeCommand authenticationRequest securityModeCommand null_action | null_action]
Jul 31, 2026 7:27:26 PM org.slf4j.helpers.SubstituteLogger info
INFO: [registrationRequest authenticationResponse securityModeReject registrationRequest authenticationResponse registrationRequestGUTI authenticationResponse authenticationResponse | authenticationResponse / authenticationRequest securityModeCommand null_action authenticationRequest securityModeCommand authenticationRequest securityModeCommand null_action | null_action]
Jul 31, 2026 7:27:49 PM org.slf4j.helpers.SubstituteLogger info
INFO: [registrationRequest authenticationResponse securityModeReject registrationRequest authenticationResponse registrationRequestGUTI authenticationResponse securityModeReject | registrationComplete registrationRequestGUTI / authenticationRequest securityModeCommand null_action authenticationRequest securityModeCommand authenticationRequest securityModeCommand null_action | null_action null_action]
Jul 31, 2026 7:28:07 PM org.slf4j.helpers.SubstituteLogger info
INFO: [registrationRequest authenticationResponse securityModeReject registrationRequest authenticationResponse registrationRequestGUTI authenticationResponse serviceRequest | authenticationResponse / authenticationRequest securityModeCommand null_action authenticationRequest securityModeCommand authenticationRequest securityModeCommand null_action | null_action]
Jul 31, 2026 7:28:28 PM org.slf4j.helpers.SubstituteLogger info
INFO: [registrationRequest authenticationResponse securityModeReject registrationRequest authenticationResponse registrationRequestGUTI authenticationResponse deregistrationRequest | registrationComplete registrationRequestGUTI / authenticationRequest securityModeCommand null_action authenticationRequest securityModeCommand authenticationRequest securityModeCommand null_action | null_action identityRequest]
Jul 31, 2026 7:28:48 PM org.slf4j.helpers.SubstituteLogger info
INFO: [registrationRequest authenticationResponse securityModeReject registrationRequest authenticationResponse registrationRequestGUTI authenticationResponse registrationComplete | authenticationResponse / authenticationRequest securityModeCommand null_action authenticationRequest securityModeCommand authenticationRequest securityModeCommand null_action | null_action]
Jul 31, 2026 7:29:04 PM org.slf4j.helpers.SubstituteLogger info
INFO: [registrationRequest authenticationResponse securityModeReject registrationRequest authenticationResponse registrationRequestGUTI authenticationResponse registrationRequestGUTI | authenticationResponse / authenticationRequest securityModeCommand null_action authenticationRequest securityModeCommand authenticationRequest securityModeCommand authenticationRequest | securityModeCommand]
Jul 31, 2026 7:29:22 PM org.slf4j.helpers.SubstituteLogger info
INFO: [registrationRequest authenticationResponse securityModeReject registrationRequest authenticationResponse registrationRequestGUTI authenticationResponse registrationRequest | authenticationResponse / authenticationRequest securityModeCommand null_action authenticationRequest securityModeCommand authenticationRequest securityModeCommand authenticationRequest | securityModeCommand]
Jul 31, 2026 7:30:05 PM org.slf4j.helpers.SubstituteLogger info
INFO: [registrationRequest authenticationResponse securityModeReject registrationRequest authenticationResponse registrationRequestGUTI authenticationResponse configurationUpdateComplete | registrationRequest / authenticationRequest securityModeCommand null_action authenticationRequest securityModeCommand authenticationRequest securityModeCommand null_action | authenticationRequest]
Jul 31, 2026 7:30:24 PM org.slf4j.helpers.SubstituteLogger info
INFO: [registrationRequest authenticationResponse securityModeReject registrationRequest authenticationResponse registrationRequestGUTI authenticationResponse identityResponse | registrationRequest / authenticationRequest securityModeCommand null_action authenticationRequest securityModeCommand authenticationRequest securityModeCommand null_action | authenticationRequest]
Jul 31, 2026 7:30:44 PM org.slf4j.helpers.SubstituteLogger info
INFO: [registrationRequest authenticationResponse securityModeReject registrationRequest authenticationResponse registrationRequestGUTI authenticationResponse securityModeComplete | registrationRequest / authenticationRequest securityModeCommand null_action authenticationRequest securityModeCommand authenticationRequest securityModeCommand null_action | authenticationRequest]
Jul 31, 2026 7:31:02 PM org.slf4j.helpers.SubstituteLogger info
INFO: [registrationRequest authenticationResponse securityModeReject registrationRequest authenticationResponse registrationRequestGUTI authenticationResponse deregistrationAccept | registrationRequest / authenticationRequest securityModeCommand null_action authenticationRequest securityModeCommand authenticationRequest securityModeCommand null_action | authenticationRequest]
Jul 31, 2026 7:31:20 PM org.slf4j.helpers.SubstituteLogger info
INFO: [registrationRequest authenticationResponse securityModeReject registrationRequest authenticationResponse registrationRequestGUTI authenticationResponse authenticationFailure | registrationRequest / authenticationRequest securityModeCommand null_action authenticationRequest securityModeCommand authenticationRequest securityModeCommand null_action | authenticationRequest]
Jul 31, 2026 7:31:38 PM org.slf4j.helpers.SubstituteLogger info
INFO: [registrationRequest authenticationResponse securityModeReject registrationRequest authenticationResponse registrationRequestGUTI authenticationResponse authenticationResponse | registrationRequest / authenticationRequest securityModeCommand null_action authenticationRequest securityModeCommand authenticationRequest securityModeCommand null_action | authenticationRequest]
Jul 31, 2026 7:31:38 PM org.slf4j.helpers.SubstituteLogger info
INFO: [registrationRequest authenticationResponse securityModeReject registrationRequest authenticationResponse registrationRequestGUTI authenticationResponse securityModeReject | registrationRequest authenticationResponse securityModeComplete / authenticationRequest securityModeCommand null_action authenticationRequest securityModeCommand authenticationRequest securityModeCommand null_action | authenticationRequest securityModeCommand registrationAccept]
Jul 31, 2026 7:31:54 PM org.slf4j.helpers.SubstituteLogger info
INFO: [registrationRequest authenticationResponse securityModeReject registrationRequest authenticationResponse registrationRequestGUTI authenticationResponse serviceRequest | registrationRequest / authenticationRequest securityModeCommand null_action authenticationRequest securityModeCommand authenticationRequest securityModeCommand null_action | authenticationRequest]
Jul 31, 2026 7:32:18 PM org.slf4j.helpers.SubstituteLogger info
INFO: [registrationRequest authenticationResponse securityModeReject registrationRequest authenticationResponse registrationRequestGUTI authenticationResponse deregistrationRequest | registrationRequest authenticationResponse securityModeComplete / authenticationRequest securityModeCommand null_action authenticationRequest securityModeCommand authenticationRequest securityModeCommand null_action | authenticationRequest securityModeCommand null_action]
Jul 31, 2026 7:32:36 PM org.slf4j.helpers.SubstituteLogger info
INFO: [registrationRequest authenticationResponse securityModeReject registrationRequest authenticationResponse registrationRequestGUTI authenticationResponse registrationComplete | registrationRequest / authenticationRequest securityModeCommand null_action authenticationRequest securityModeCommand authenticationRequest securityModeCommand null_action | authenticationRequest]
Jul 31, 2026 7:32:55 PM org.slf4j.helpers.SubstituteLogger info
INFO: [registrationRequest authenticationResponse securityModeReject registrationRequest authenticationResponse registrationRequestGUTI authenticationResponse registrationRequestGUTI | authenticationResponse securityModeComplete / authenticationRequest securityModeCommand null_action authenticationRequest securityModeCommand authenticationRequest securityModeCommand authenticationRequest | securityModeCommand null_action]
Jul 31, 2026 7:33:54 PM org.slf4j.helpers.SubstituteLogger info
INFO: [registrationRequest authenticationResponse securityModeReject registrationRequest authenticationResponse registrationRequestGUTI authenticationResponse registrationRequest | authenticationResponse securityModeComplete / authenticationRequest securityModeCommand null_action authenticationRequest securityModeCommand authenticationRequest securityModeCommand authenticationRequest | securityModeCommand null_action]
Jul 31, 2026 7:34:14 PM org.slf4j.helpers.SubstituteLogger info
INFO: [registrationRequest authenticationResponse securityModeReject registrationRequest authenticationResponse registrationRequestGUTI authenticationResponse configurationUpdateComplete | securityModeComplete / authenticationRequest securityModeCommand null_action authenticationRequest securityModeCommand authenticationRequest securityModeCommand null_action | null_action]
Jul 31, 2026 7:34:34 PM org.slf4j.helpers.SubstituteLogger info
INFO: [registrationRequest authenticationResponse securityModeReject registrationRequest authenticationResponse registrationRequestGUTI authenticationResponse identityResponse | securityModeComplete / authenticationRequest securityModeCommand null_action authenticationRequest securityModeCommand authenticationRequest securityModeCommand null_action | null_action]
Jul 31, 2026 7:34:54 PM org.slf4j.helpers.SubstituteLogger info
INFO: [registrationRequest authenticationResponse securityModeReject registrationRequest authenticationResponse registrationRequestGUTI authenticationResponse securityModeComplete | securityModeComplete / authenticationRequest securityModeCommand null_action authenticationRequest securityModeCommand authenticationRequest securityModeCommand null_action | null_action]
Jul 31, 2026 7:35:14 PM org.slf4j.helpers.SubstituteLogger info
INFO: [registrationRequest authenticationResponse securityModeReject registrationRequest authenticationResponse registrationRequestGUTI authenticationResponse deregistrationAccept | securityModeComplete / authenticationRequest securityModeCommand null_action authenticationRequest securityModeCommand authenticationRequest securityModeCommand null_action | null_action]
Jul 31, 2026 7:35:36 PM org.slf4j.helpers.SubstituteLogger info
INFO: [registrationRequest authenticationResponse securityModeReject registrationRequest authenticationResponse registrationRequestGUTI authenticationResponse authenticationFailure | securityModeComplete / authenticationRequest securityModeCommand null_action authenticationRequest securityModeCommand authenticationRequest securityModeCommand null_action | null_action]
Jul 31, 2026 7:35:56 PM org.slf4j.helpers.SubstituteLogger info
INFO: [registrationRequest authenticationResponse securityModeReject registrationRequest authenticationResponse registrationRequestGUTI authenticationResponse authenticationResponse | securityModeComplete / authenticationRequest securityModeCommand null_action authenticationRequest securityModeCommand authenticationRequest securityModeCommand null_action | null_action]
Jul 31, 2026 7:36:14 PM org.slf4j.helpers.SubstituteLogger info
INFO: [registrationRequest authenticationResponse securityModeReject registrationRequest authenticationResponse registrationRequestGUTI authenticationResponse serviceRequest | securityModeComplete / authenticationRequest securityModeCommand null_action authenticationRequest securityModeCommand authenticationRequest securityModeCommand null_action | null_action]
Jul 31, 2026 7:36:34 PM org.slf4j.helpers.SubstituteLogger info
INFO: [registrationRequest authenticationResponse securityModeReject registrationRequest authenticationResponse registrationRequestGUTI authenticationResponse registrationComplete | securityModeComplete / authenticationRequest securityModeCommand null_action authenticationRequest securityModeCommand authenticationRequest securityModeCommand null_action | null_action]
Jul 31, 2026 7:36:54 PM org.slf4j.helpers.SubstituteLogger info
INFO: [registrationRequest authenticationResponse securityModeReject registrationRequest authenticationResponse registrationRequestGUTI authenticationResponse registrationRequestGUTI | registrationRequest authenticationResponse securityModeComplete / authenticationRequest securityModeCommand null_action authenticationRequest securityModeCommand authenticationRequest securityModeCommand authenticationRequest | authenticationRequest securityModeCommand null_action]
Jul 31, 2026 7:37:52 PM org.slf4j.helpers.SubstituteLogger info
INFO: [registrationRequest authenticationResponse securityModeReject registrationRequest authenticationResponse registrationRequestGUTI authenticationResponse registrationRequest | registrationRequest authenticationResponse securityModeComplete / authenticationRequest securityModeCommand null_action authenticationRequest securityModeCommand authenticationRequest securityModeCommand authenticationRequest | authenticationRequest securityModeCommand null_action]
Jul 31, 2026 7:38:15 PM org.slf4j.helpers.SubstituteLogger info
INFO: [registrationRequest authenticationResponse securityModeReject registrationRequest authenticationResponse registrationRequestGUTI authenticationResponse configurationUpdateComplete | deregistrationRequest registrationRequestGUTI / authenticationRequest securityModeCommand null_action authenticationRequest securityModeCommand authenticationRequest securityModeCommand null_action | null_action identityRequest]
Jul 31, 2026 7:38:36 PM org.slf4j.helpers.SubstituteLogger info
INFO: [registrationRequest authenticationResponse securityModeReject registrationRequest authenticationResponse registrationRequestGUTI authenticationResponse identityResponse | deregistrationRequest registrationRequestGUTI / authenticationRequest securityModeCommand null_action authenticationRequest securityModeCommand authenticationRequest securityModeCommand null_action | null_action identityRequest]
Jul 31, 2026 7:38:57 PM org.slf4j.helpers.SubstituteLogger info
INFO: [registrationRequest authenticationResponse securityModeReject registrationRequest authenticationResponse registrationRequestGUTI authenticationResponse securityModeComplete | deregistrationRequest registrationRequestGUTI / authenticationRequest securityModeCommand null_action authenticationRequest securityModeCommand authenticationRequest securityModeCommand null_action | null_action identityRequest]
Jul 31, 2026 7:39:18 PM org.slf4j.helpers.SubstituteLogger info
INFO: [registrationRequest authenticationResponse securityModeReject registrationRequest authenticationResponse registrationRequestGUTI authenticationResponse deregistrationAccept | deregistrationRequest registrationRequestGUTI / authenticationRequest securityModeCommand null_action authenticationRequest securityModeCommand authenticationRequest securityModeCommand null_action | null_action identityRequest]
Jul 31, 2026 7:39:39 PM org.slf4j.helpers.SubstituteLogger info
INFO: [registrationRequest authenticationResponse securityModeReject registrationRequest authenticationResponse registrationRequestGUTI authenticationResponse authenticationFailure | deregistrationRequest registrationRequestGUTI / authenticationRequest securityModeCommand null_action authenticationRequest securityModeCommand authenticationRequest securityModeCommand null_action | null_action identityRequest]
Jul 31, 2026 7:40:00 PM org.slf4j.helpers.SubstituteLogger info
INFO: [registrationRequest authenticationResponse securityModeReject registrationRequest authenticationResponse registrationRequestGUTI authenticationResponse authenticationResponse | deregistrationRequest registrationRequestGUTI / authenticationRequest securityModeCommand null_action authenticationRequest securityModeCommand authenticationRequest securityModeCommand null_action | null_action identityRequest]
Jul 31, 2026 7:40:21 PM org.slf4j.helpers.SubstituteLogger info
INFO: [registrationRequest authenticationResponse securityModeReject registrationRequest authenticationResponse registrationRequestGUTI authenticationResponse serviceRequest | deregistrationRequest registrationRequestGUTI / authenticationRequest securityModeCommand null_action authenticationRequest securityModeCommand authenticationRequest securityModeCommand null_action | null_action identityRequest]
Jul 31, 2026 7:40:42 PM org.slf4j.helpers.SubstituteLogger info
INFO: [registrationRequest authenticationResponse securityModeReject registrationRequest authenticationResponse registrationRequestGUTI authenticationResponse registrationComplete | deregistrationRequest registrationRequestGUTI / authenticationRequest securityModeCommand null_action authenticationRequest securityModeCommand authenticationRequest securityModeCommand null_action | null_action identityRequest]
Jul 31, 2026 7:41:05 PM org.slf4j.helpers.SubstituteLogger info
INFO: [registrationRequest authenticationResponse securityModeReject registrationRequest authenticationResponse registrationRequestGUTI authenticationResponse registrationComplete | securityModeReject registrationRequest authenticationResponse securityModeComplete / authenticationRequest securityModeCommand null_action authenticationRequest securityModeCommand authenticationRequest securityModeCommand null_action | null_action authenticationRequest securityModeCommand registrationAccept]
Jul 31, 2026 7:42:04 PM org.slf4j.helpers.SubstituteLogger info
INFO: [registrationRequest authenticationResponse securityModeReject registrationRequest authenticationResponse registrationRequestGUTI authenticationResponse serviceRequest | securityModeReject registrationRequest authenticationResponse securityModeComplete / authenticationRequest securityModeCommand null_action authenticationRequest securityModeCommand authenticationRequest securityModeCommand null_action | null_action authenticationRequest securityModeCommand registrationAccept]
Jul 31, 2026 7:42:59 PM org.slf4j.helpers.SubstituteLogger info
INFO: [registrationRequest authenticationResponse securityModeReject registrationRequest authenticationResponse registrationRequestGUTI authenticationResponse authenticationResponse | securityModeReject registrationRequest authenticationResponse securityModeComplete / authenticationRequest securityModeCommand null_action authenticationRequest securityModeCommand authenticationRequest securityModeCommand null_action | null_action authenticationRequest securityModeCommand registrationAccept]
Jul 31, 2026 7:43:22 PM org.slf4j.helpers.SubstituteLogger info
INFO: [registrationRequest authenticationResponse securityModeReject registrationRequest authenticationResponse registrationRequestGUTI authenticationResponse authenticationFailure | securityModeReject registrationRequest authenticationResponse securityModeComplete / authenticationRequest securityModeCommand null_action authenticationRequest securityModeCommand authenticationRequest securityModeCommand null_action | null_action authenticationRequest securityModeCommand registrationAccept]
Jul 31, 2026 7:43:45 PM org.slf4j.helpers.SubstituteLogger info
INFO: [registrationRequest authenticationResponse securityModeReject registrationRequest authenticationResponse registrationRequestGUTI authenticationResponse deregistrationAccept | securityModeReject registrationRequest authenticationResponse securityModeComplete / authenticationRequest securityModeCommand null_action authenticationRequest securityModeCommand authenticationRequest securityModeCommand null_action | null_action authenticationRequest securityModeCommand registrationAccept]
Jul 31, 2026 7:44:10 PM org.slf4j.helpers.SubstituteLogger info
INFO: [registrationRequest authenticationResponse securityModeReject registrationRequest authenticationResponse registrationRequestGUTI authenticationResponse securityModeComplete | securityModeReject registrationRequest authenticationResponse securityModeComplete / authenticationRequest securityModeCommand null_action authenticationRequest securityModeCommand authenticationRequest securityModeCommand null_action | null_action authenticationRequest securityModeCommand registrationAccept]
Jul 31, 2026 7:44:33 PM org.slf4j.helpers.SubstituteLogger info
INFO: [registrationRequest authenticationResponse securityModeReject registrationRequest authenticationResponse registrationRequestGUTI authenticationResponse identityResponse | securityModeReject registrationRequest authenticationResponse securityModeComplete / authenticationRequest securityModeCommand null_action authenticationRequest securityModeCommand authenticationRequest securityModeCommand null_action | null_action authenticationRequest securityModeCommand registrationAccept]
Jul 31, 2026 7:44:56 PM org.slf4j.helpers.SubstituteLogger info
INFO: [registrationRequest authenticationResponse securityModeReject registrationRequest authenticationResponse registrationRequestGUTI authenticationResponse configurationUpdateComplete | securityModeReject registrationRequest authenticationResponse securityModeComplete / authenticationRequest securityModeCommand null_action authenticationRequest securityModeCommand authenticationRequest securityModeCommand null_action | null_action authenticationRequest securityModeCommand registrationAccept]
Jul 31, 2026 7:45:19 PM org.slf4j.helpers.SubstituteLogger info
INFO: [registrationRequest authenticationResponse securityModeReject registrationRequest authenticationResponse registrationComplete | securityModeReject registrationRequest authenticationResponse securityModeComplete / authenticationRequest securityModeCommand null_action authenticationRequest securityModeCommand null_action | null_action authenticationRequest securityModeCommand null_action]
Jul 31, 2026 7:45:19 PM org.slf4j.helpers.SubstituteLogger info
INFO: [registrationRequest authenticationResponse securityModeReject registrationRequest authenticationResponse serviceRequest | securityModeReject registrationRequest authenticationResponse securityModeComplete / authenticationRequest securityModeCommand null_action authenticationRequest securityModeCommand null_action | null_action authenticationRequest securityModeCommand null_action]
Jul 31, 2026 7:45:19 PM org.slf4j.helpers.SubstituteLogger info
INFO: [registrationRequest authenticationResponse securityModeReject registrationRequest authenticationResponse authenticationResponse | securityModeReject registrationRequest authenticationResponse securityModeComplete / authenticationRequest securityModeCommand null_action authenticationRequest securityModeCommand null_action | null_action authenticationRequest securityModeCommand null_action]
Jul 31, 2026 7:45:42 PM org.slf4j.helpers.SubstituteLogger info
INFO: [registrationRequest authenticationResponse securityModeReject registrationRequest authenticationResponse authenticationFailure | securityModeReject registrationRequest authenticationResponse securityModeComplete / authenticationRequest securityModeCommand null_action authenticationRequest securityModeCommand null_action | null_action authenticationRequest securityModeCommand null_action]
Jul 31, 2026 7:45:42 PM org.slf4j.helpers.SubstituteLogger info
INFO: [registrationRequest authenticationResponse securityModeReject registrationRequest authenticationResponse deregistrationAccept | securityModeReject registrationRequest authenticationResponse securityModeComplete / authenticationRequest securityModeCommand null_action authenticationRequest securityModeCommand null_action | null_action authenticationRequest securityModeCommand null_action]
Jul 31, 2026 7:45:42 PM org.slf4j.helpers.SubstituteLogger info
INFO: [registrationRequest authenticationResponse securityModeReject registrationRequest authenticationResponse securityModeComplete | securityModeReject registrationRequest authenticationResponse securityModeComplete / authenticationRequest securityModeCommand null_action authenticationRequest securityModeCommand null_action | null_action authenticationRequest securityModeCommand null_action]
Jul 31, 2026 7:45:43 PM org.slf4j.helpers.SubstituteLogger info
INFO: [registrationRequest authenticationResponse securityModeReject registrationRequest authenticationResponse identityResponse | securityModeReject registrationRequest authenticationResponse securityModeComplete / authenticationRequest securityModeCommand null_action authenticationRequest securityModeCommand null_action | null_action authenticationRequest securityModeCommand null_action]
Jul 31, 2026 7:45:43 PM org.slf4j.helpers.SubstituteLogger info
INFO: [registrationRequest authenticationResponse securityModeReject registrationRequest authenticationResponse configurationUpdateComplete | securityModeReject registrationRequest authenticationResponse securityModeComplete / authenticationRequest securityModeCommand null_action authenticationRequest securityModeCommand null_action | null_action authenticationRequest securityModeCommand null_action]
